time,target,y,error,steer
0.032,0.5000,0.4497,0.5000,2.6680
0.064,0.5000,0.4496,0.5000,0.0803
0.096,0.5000,0.4506,0.5000,0.0255
0.128,0.5000,0.4514,0.5000,0.0300
0.160,0.5000,0.4522,0.5000,0.0295
0.192,0.5000,0.4530,0.5000,0.0286
0.224,0.5000,0.4538,0.5000,0.0277
0.256,0.5000,0.4546,0.5000,0.0266
0.288,0.5000,0.4554,0.5000,0.0255
0.320,0.5000,0.4562,0.5000,0.0244
0.352,0.5000,0.4570,0.5000,0.0233
0.384,0.5000,0.4578,0.5000,0.0221
0.416,0.5000,0.4586,0.5000,0.0210
0.448,0.5000,0.4594,0.5000,0.0198
0.480,0.5000,0.4602,0.5000,0.0187
0.512,0.5000,0.4610,0.5000,0.0175
0.544,0.5000,0.4618,0.5000,0.0163
0.576,0.5000,0.4626,0.5000,0.0151
0.608,0.5000,0.4634,0.5000,0.0140
0.640,0.5000,0.4642,0.5000,0.0128
0.672,0.5000,0.4650,0.5000,0.0116
0.704,0.5000,0.4658,0.5000,0.0103
0.736,0.5000,0.4666,0.5000,0.0091
0.768,0.5000,0.4674,0.5000,0.0078
0.800,0.5000,0.4682,0.5000,0.0066
0.832,0.5000,0.4690,0.5000,0.0053
0.864,0.5000,0.4698,0.5000,0.0041
0.896,0.5000,0.4706,0.5000,0.0029
0.928,0.5000,0.4714,0.5000,0.0017
0.960,0.5000,0.4722,0.5000,0.0005
0.992,0.5000,0.4730,0.5000,-0.0008
1.024,0.5000,0.4738,0.5000,-0.0020
1.056,0.5000,0.4746,0.5000,-0.0032
1.088,0.5000,0.4754,0.5000,-0.0044
1.120,0.5000,0.4762,0.5000,-0.0056
1.152,0.5000,0.4770,0.5000,-0.0067
1.184,0.5000,0.4778,0.5000,-0.0079
1.216,0.5000,0.4786,0.5000,-0.0091
1.248,0.5000,0.4794,0.5000,-0.0103
1.280,0.5000,0.4802,0.5000,-0.0115
1.312,0.5000,0.4810,0.5000,-0.0126
1.344,0.5000,0.4818,0.5000,-0.0138
1.376,0.5000,0.4826,0.5000,-0.0150
1.408,0.5000,0.4834,0.5000,-0.0161
1.440,0.5000,0.4842,0.5000,-0.0173
1.472,0.5000,0.4850,0.5000,-0.0184
1.504,0.5000,0.4858,0.5000,-0.0195
1.536,0.5000,0.4865,0.5000,-0.0207
1.568,0.5000,0.4873,0.5000,-0.0218
1.600,0.5000,0.4881,0.5000,-0.0229
1.632,0.5000,0.4889,0.5000,-0.0241
1.664,0.5000,0.4897,0.5000,-0.0252
1.696,0.5000,0.4905,0.5000,-0.0263
1.728,0.5000,0.4913,0.5000,-0.0274
1.760,0.5000,0.4921,0.5000,-0.0285
1.792,0.5000,0.4928,0.5000,-0.0296
1.824,0.5000,0.4936,0.5000,-0.0307
1.856,0.5000,0.4944,0.5000,-0.0317
1.888,0.5000,0.4952,0.5000,-0.0328
1.920,0.5000,0.4959,0.5000,-0.0339
1.952,0.5000,0.4967,0.5000,-0.0349
1.984,0.5000,0.4975,0.5000,-0.0360
2.016,0.5000,0.4983,0.5000,-0.0370
2.048,0.5000,0.4990,0.5000,-0.0381
2.080,0.5000,0.4998,0.5000,-0.0391
2.112,0.5000,0.5006,0.5000,-0.0402
2.144,0.5000,0.5013,0.5000,-0.0412
2.176,0.5000,0.5021,0.5000,-0.0422
2.208,0.5000,0.5028,0.5000,-0.0432
2.240,0.5000,0.5036,0.5000,-0.0442
2.272,0.5000,0.5043,0.5000,-0.0452
2.304,0.5000,0.5051,0.5000,-0.0462
2.336,0.5000,0.5058,0.5000,-0.0472
2.368,0.5000,0.5066,0.5000,-0.0482
2.400,0.5000,0.5073,0.5000,-0.0492
2.432,0.5000,0.5081,0.5000,-0.0501
2.464,0.5000,0.5088,0.5000,-0.0511
2.496,0.5000,0.5095,0.5000,-0.0520
2.528,0.5000,0.5102,0.5000,-0.0530
2.560,0.5000,0.5110,0.5000,-0.0539
2.592,0.5000,0.5117,0.5000,-0.0548
2.624,0.5000,0.5124,0.5000,-0.0558
2.656,0.5000,0.5131,0.5000,-0.0567
2.688,0.5000,0.5139,0.5000,-0.0576
2.720,0.5000,0.5146,0.5000,-0.0585
2.752,0.5000,0.5153,0.5000,-0.0594
2.784,0.5000,0.5160,0.5000,-0.0603
2.816,0.5000,0.5167,0.5000,-0.0612
2.848,0.5000,0.5174,0.5000,-0.0621
2.880,0.5000,0.5181,0.5000,-0.0629
2.912,0.5000,0.5188,0.5000,-0.0638
2.944,0.5000,0.5194,0.5000,-0.0647
2.976,0.5000,0.5201,0.5000,-0.0655
3.008,0.5000,0.5208,0.5000,-0.0663
3.040,0.5000,0.5215,0.5000,-0.0672
3.072,0.5000,0.5222,0.5000,-0.0680
3.104,0.5000,0.5228,0.5000,-0.0688
3.136,0.5000,0.5235,0.5000,-0.0696
3.168,0.5000,0.5242,0.5000,-0.0704
3.200,0.5000,0.5248,0.5000,-0.0712
3.232,0.5000,0.5255,0.5000,-0.0720
3.264,0.5000,0.5261,0.5000,-0.0727
3.296,0.5000,0.5268,0.5000,-0.0735
3.328,0.5000,0.5274,0.5000,-0.0742
3.360,0.5000,0.5281,0.5000,-0.0750
3.392,0.5000,0.5287,0.5000,-0.0757
3.424,0.5000,0.5293,0.5000,-0.0764
3.456,0.5000,0.5299,0.5000,-0.0771
3.488,0.5000,0.5306,0.5000,-0.0778
3.520,0.5000,0.5312,0.5000,-0.0785
3.552,0.5000,0.5318,0.5000,-0.0792
3.584,0.5000,0.5324,0.5000,-0.0799
3.616,0.5000,0.5330,0.5000,-0.0805
3.648,0.5000,0.5336,0.5000,-0.0812
3.680,0.5000,0.5342,0.5000,-0.0818
3.712,0.5000,0.5348,0.5000,-0.0824
3.744,0.5000,0.5354,0.5000,-0.0830
3.776,0.5000,0.5359,0.5000,-0.0837
3.808,0.5000,0.5365,0.5000,-0.0843
3.840,0.5000,0.5371,0.5000,-0.0849
3.872,0.5000,0.5376,0.5000,-0.0854
3.904,0.5000,0.5382,0.5000,-0.0860
3.936,0.5000,0.5387,0.5000,-0.0866
3.968,0.5000,0.5393,0.5000,-0.0871
4.000,0.5000,0.5398,0.5000,-0.0877
4.032,0.5000,0.5404,0.5000,-0.0882
4.064,0.5000,0.5409,0.5000,-0.0887
4.096,0.5000,0.5414,0.5000,-0.0893
4.128,0.5000,0.5419,0.5000,-0.0898
4.160,0.5000,0.5425,0.5000,-0.0903
4.192,0.5000,0.5430,0.5000,-0.0908
4.224,0.5000,0.5435,0.5000,-0.0912
4.256,0.5000,0.5440,0.5000,-0.0917
4.288,0.5000,0.5445,0.5000,-0.0922
4.320,0.5000,0.5450,0.5000,-0.0926
4.352,0.5000,0.5454,0.5000,-0.0931
4.384,0.5000,0.5459,0.5000,-0.0935
4.416,0.5000,0.5464,0.5000,-0.0939
4.448,0.5000,0.5469,0.5000,-0.0943
4.480,0.5000,0.5473,0.5000,-0.0947
4.512,0.5000,0.5478,0.5000,-0.0951
4.544,0.5000,0.5482,0.5000,-0.0955
4.576,0.5000,0.5487,0.5000,-0.0959
4.608,0.5000,0.5491,0.5000,-0.0962
4.640,0.5000,0.5495,0.5000,-0.0966
4.672,0.5000,0.5500,0.5000,-0.0969
4.704,0.5000,0.5504,0.5000,-0.0973
4.736,0.5000,0.5508,0.5000,-0.0976
4.768,0.5000,0.5512,0.5000,-0.0979
4.800,0.5000,0.5516,0.5000,-0.0982
4.832,0.5000,0.5520,0.5000,-0.0985
4.864,0.5000,0.5524,0.5000,-0.0988
4.896,0.5000,0.5528,0.5000,-0.0991
4.928,0.5000,0.5532,0.5000,-0.0993
4.960,0.5000,0.5535,0.5000,-0.0996
4.992,0.5000,0.5539,0.5000,-0.0998
5.024,0.5000,0.5543,0.5000,-0.1001
5.056,0.5000,0.5546,0.5000,-0.1003
5.088,0.5000,0.5550,0.5000,-0.1005
5.120,0.5000,0.5553,0.5000,-0.1007
5.152,0.5000,0.5557,0.5000,-0.1009
5.184,0.5000,0.5560,0.5000,-0.1011
5.216,0.5000,0.5563,0.5000,-0.1013
5.248,0.5000,0.5566,0.5000,-0.1014
5.280,0.5000,0.5569,0.5000,-0.1016
5.312,0.5000,0.5573,0.5000,-0.1017
5.344,0.5000,0.5576,0.5000,-0.1019
5.376,0.5000,0.5579,0.5000,-0.1020
5.408,0.5000,0.5581,0.5000,-0.1021
5.440,0.5000,0.5584,0.5000,-0.1022
5.472,0.5000,0.5587,0.5000,-0.1023
5.504,0.5000,0.5590,0.5000,-0.1024
5.536,0.5000,0.5592,0.5000,-0.1025
5.568,0.5000,0.5595,0.5000,-0.1026
5.600,0.5000,0.5597,0.5000,-0.1026
5.632,0.5000,0.5600,0.5000,-0.1027
5.664,0.5000,0.5602,0.5000,-0.1027
5.696,0.5000,0.5605,0.5000,-0.1028
5.728,0.5000,0.5607,0.5000,-0.1028
5.760,0.5000,0.5609,0.5000,-0.1028
5.792,0.5000,0.5611,0.5000,-0.1028
5.824,0.5000,0.5613,0.5000,-0.1028
5.856,0.5000,0.5615,0.5000,-0.1028
5.888,0.5000,0.5617,0.5000,-0.1028
5.920,0.5000,0.5619,0.5000,-0.1027
5.952,0.5000,0.5621,0.5000,-0.1027
5.984,0.5000,0.5623,0.5000,-0.1026
6.016,0.5000,0.5625,0.5000,-0.1026
6.048,0.5000,0.5626,0.5000,-0.1025
6.080,0.5000,0.5628,0.5000,-0.1024
6.112,0.5000,0.5629,0.5000,-0.1023
6.144,0.5000,0.5631,0.5000,-0.1023
6.176,0.5000,0.5632,0.5000,-0.1021
6.208,0.5000,0.5634,0.5000,-0.1020
6.240,0.5000,0.5635,0.5000,-0.1019
6.272,0.5000,0.5636,0.5000,-0.1018
6.304,0.5000,0.5637,0.5000,-0.1017
6.336,0.5000,0.5639,0.5000,-0.1015
6.368,0.5000,0.5640,0.5000,-0.1014
6.400,0.5000,0.5641,0.5000,-0.1012
6.432,0.5000,0.5641,0.5000,-0.1010
6.464,0.5000,0.5642,0.5000,-0.1008
6.496,0.5000,0.5643,0.5000,-0.1006
6.528,0.5000,0.5644,0.5000,-0.1004
6.560,0.5000,0.5645,0.5000,-0.1002
6.592,0.5000,0.5645,0.5000,-0.1000
6.624,0.5000,0.5646,0.5000,-0.0998
6.656,0.5000,0.5646,0.5000,-0.0995
6.688,0.5000,0.5647,0.5000,-0.0993
6.720,0.5000,0.5647,0.5000,-0.0990
6.752,0.5000,0.5647,0.5000,-0.0987
6.784,0.5000,0.5648,0.5000,-0.0985
6.816,0.5000,0.5648,0.5000,-0.0982
6.848,0.5000,0.5648,0.5000,-0.0979
6.880,0.5000,0.5648,0.5000,-0.0976
6.912,0.5000,0.5648,0.5000,-0.0973
6.944,0.5000,0.5648,0.5000,-0.0970
6.976,0.5000,0.5648,0.5000,-0.0967
7.008,0.5000,0.5648,0.5000,-0.0964
7.040,0.5000,0.5648,0.5000,-0.0960
7.072,0.5000,0.5647,0.5000,-0.0957
7.104,0.5000,0.5647,0.5000,-0.0953
7.136,0.5000,0.5647,0.5000,-0.0950
7.168,0.5000,0.5646,0.5000,-0.0946
7.200,0.5000,0.5646,0.5000,-0.0942
7.232,0.5000,0.5645,0.5000,-0.0939
7.264,0.5000,0.5644,0.5000,-0.0935
7.296,0.5000,0.5644,0.5000,-0.0931
7.328,0.5000,0.5643,0.5000,-0.0927
7.360,0.5000,0.5642,0.5000,-0.0923
7.392,0.5000,0.5641,0.5000,-0.0919
7.424,0.5000,0.5641,0.5000,-0.0914
7.456,0.5000,0.5640,0.5000,-0.0910
7.488,0.5000,0.5639,0.5000,-0.0906
7.520,0.5000,0.5637,0.5000,-0.0901
7.552,0.5000,0.5636,0.5000,-0.0897
7.584,0.5000,0.5635,0.5000,-0.0892
7.616,0.5000,0.5634,0.5000,-0.0888
7.648,0.5000,0.5633,0.5000,-0.0883
7.680,0.5000,0.5631,0.5000,-0.0878
7.712,0.5000,0.5630,0.5000,-0.0873
7.744,0.5000,0.5629,0.5000,-0.0868
7.776,0.5000,0.5627,0.5000,-0.0864
7.808,0.5000,0.5625,0.5000,-0.0858
7.840,0.5000,0.5624,0.5000,-0.0853
7.872,0.5000,0.5622,0.5000,-0.0848
7.904,0.5000,0.5621,0.5000,-0.0843
7.936,0.5000,0.5619,0.5000,-0.0838
7.968,0.5000,0.5617,0.5000,-0.0832
8.000,0.5000,0.5615,0.5000,-0.0827
8.032,0.5000,0.5613,0.5000,-0.0822
8.064,0.5000,0.5611,0.5000,-0.0816
8.096,0.5000,0.5609,0.5000,-0.0811
8.128,0.5000,0.5607,0.5000,-0.0805
8.160,0.5000,0.5605,0.5000,-0.0799
8.192,0.5000,0.5603,0.5000,-0.0794
8.224,0.5000,0.5601,0.5000,-0.0788
8.256,0.5000,0.5599,0.5000,-0.0782
8.288,0.5000,0.5596,0.5000,-0.0776
8.320,0.5000,0.5594,0.5000,-0.0770
8.352,0.5000,0.5591,0.5000,-0.0764
8.384,0.5000,0.5589,0.5000,-0.0758
8.416,0.5000,0.5587,0.5000,-0.0752
8.448,0.5000,0.5584,0.5000,-0.0746
8.480,0.5000,0.5581,0.5000,-0.0740
8.512,0.5000,0.5579,0.5000,-0.0733
8.544,0.5000,0.5576,0.5000,-0.0727
8.576,0.5000,0.5574,0.5000,-0.0721
8.608,0.5000,0.5571,0.5000,-0.0715
8.640,0.5000,0.5568,0.5000,-0.0708
8.672,0.5000,0.5565,0.5000,-0.0702
8.704,0.5000,0.5562,0.5000,-0.0695
8.736,0.5000,0.5559,0.5000,-0.0689
8.768,0.5000,0.5556,0.5000,-0.0682
8.800,0.5000,0.5553,0.5000,-0.0675
8.832,0.5000,0.5550,0.5000,-0.0669
8.864,0.5000,0.5547,0.5000,-0.0662
8.896,0.5000,0.5544,0.5000,-0.0655
8.928,0.5000,0.5541,0.5000,-0.0649
8.960,0.5000,0.5538,0.5000,-0.0642
8.992,0.5000,0.5535,0.5000,-0.0635
9.024,0.5000,0.5531,0.5000,-0.0628
9.056,0.5000,0.5528,0.5000,-0.0621
9.088,0.5000,0.5525,0.5000,-0.0614
9.120,0.5000,0.5521,0.5000,-0.0607
9.152,0.5000,0.5518,0.5000,-0.0600
9.184,0.5000,0.5514,0.5000,-0.0593
9.216,0.5000,0.5511,0.5000,-0.0586
9.248,0.5000,0.5507,0.5000,-0.0579
9.280,0.5000,0.5504,0.5000,-0.0572
9.312,0.5000,0.5500,0.5000,-0.0564
9.344,0.5000,0.5496,0.5000,-0.0557
9.376,0.5000,0.5493,0.5000,-0.0550
9.408,0.5000,0.5489,0.5000,-0.0543
9.440,0.5000,0.5485,0.5000,-0.0535
9.472,0.5000,0.5482,0.5000,-0.0528
9.504,0.5000,0.5478,0.5000,-0.0521
9.536,0.5000,0.5474,0.5000,-0.0513
9.568,0.5000,0.5470,0.5000,-0.0506
9.600,0.5000,0.5466,0.5000,-0.0499
9.632,0.5000,0.5462,0.5000,-0.0491
9.664,0.5000,0.5458,0.5000,-0.0484
9.696,0.5000,0.5454,0.5000,-0.0476
9.728,0.5000,0.5450,0.5000,-0.0469
9.760,0.5000,0.5446,0.5000,-0.0461
9.792,0.5000,0.5442,0.5000,-0.0454
9.824,0.5000,0.5438,0.5000,-0.0446
9.856,0.5000,0.5434,0.5000,-0.0439
9.888,0.5000,0.5430,0.5000,-0.0431
9.920,0.5000,0.5426,0.5000,-0.0423
9.952,0.5000,0.5422,0.5000,-0.0416
9.984,0.5000,0.5417,0.5000,-0.0408
10.016,0.5000,0.5413,0.5000,-0.0401
10.048,0.5000,0.5409,0.5000,-0.0393
10.080,0.5000,0.5404,0.5000,-0.0385
10.112,0.5000,0.5400,0.5000,-0.0378
10.144,0.5000,0.5396,0.5000,-0.0370
10.176,0.5000,0.5391,0.5000,-0.0362
10.208,0.5000,0.5387,0.5000,-0.0354
10.240,0.5000,0.5383,0.5000,-0.0347
10.272,0.5000,0.5378,0.5000,-0.0339
10.304,0.5000,0.5374,0.5000,-0.0331
10.336,0.5000,0.5369,0.5000,-0.0323
10.368,0.5000,0.5365,0.5000,-0.0316
10.400,0.5000,0.5360,0.5000,-0.0308
10.432,0.5000,0.5356,0.5000,-0.0300
10.464,0.5000,0.5351,0.5000,-0.0292
10.496,0.5000,0.5347,0.5000,-0.0285
10.528,0.5000,0.5342,0.5000,-0.0277
10.560,0.5000,0.5337,0.5000,-0.0269
10.592,0.5000,0.5333,0.5000,-0.0261
10.624,0.5000,0.5328,0.5000,-0.0254
10.656,0.5000,0.5324,0.5000,-0.0246
10.688,0.5000,0.5319,0.5000,-0.0238
10.720,0.5000,0.5314,0.5000,-0.0230
10.752,0.5000,0.5310,0.5000,-0.0223
10.784,0.5000,0.5305,0.5000,-0.0215
10.816,0.5000,0.5300,0.5000,-0.0207
10.848,0.5000,0.5295,0.5000,-0.0199
10.880,0.5000,0.5291,0.5000,-0.0192
10.912,0.5000,0.5286,0.5000,-0.0184
10.944,0.5000,0.5281,0.5000,-0.0176
10.976,0.5000,0.5276,0.5000,-0.0168
11.008,0.5000,0.5272,0.5000,-0.0161
11.040,0.5000,0.5267,0.5000,-0.0153
11.072,0.5000,0.5262,0.5000,-0.0145
11.104,0.5000,0.5257,0.5000,-0.0138
11.136,0.5000,0.5252,0.5000,-0.0130
11.168,0.5000,0.5248,0.5000,-0.0122
11.200,0.5000,0.5243,0.5000,-0.0115
11.232,0.5000,0.5238,0.5000,-0.0107
11.264,0.5000,0.5233,0.5000,-0.0099
11.296,0.5000,0.5228,0.5000,-0.0092
11.328,0.5000,0.5223,0.5000,-0.0084
11.360,0.5000,0.5218,0.5000,-0.0077
11.392,0.5000,0.5214,0.5000,-0.0069
11.424,0.5000,0.5209,0.5000,-0.0062
11.456,0.5000,0.5204,0.5000,-0.0054
11.488,0.5000,0.5199,0.5000,-0.0046
11.520,0.5000,0.5194,0.5000,-0.0039
11.552,0.5000,0.5189,0.5000,-0.0031
11.584,0.5000,0.5184,0.5000,-0.0024
11.616,0.5000,0.5179,0.5000,-0.0017
11.648,0.5000,0.5174,0.5000,-0.0009
11.680,0.5000,0.5170,0.5000,-0.0002
11.712,0.5000,0.5165,0.5000,0.0006
11.744,0.5000,0.5160,0.5000,0.0013
11.776,0.5000,0.5155,0.5000,0.0020
11.808,0.5000,0.5150,0.5000,0.0028
11.840,0.5000,0.5145,0.5000,0.0035
11.872,0.5000,0.5140,0.5000,0.0042
11.904,0.5000,0.5135,0.5000,0.0049
11.936,0.5000,0.5130,0.5000,0.0057
11.968,0.5000,0.5125,0.5000,0.0064
12.000,0.5000,0.5121,0.5000,0.0071
12.032,0.5000,0.5116,0.5000,0.0078
12.064,0.5000,0.5111,0.5000,0.0085
12.096,0.5000,0.5106,0.5000,0.0092
12.128,0.5000,0.5101,0.5000,0.0099
12.160,0.5000,0.5096,0.5000,0.0106
12.192,0.5000,0.5091,0.5000,0.0114
12.224,0.5000,0.5087,0.5000,0.0120
12.256,0.5000,0.5082,0.5000,0.0127
12.288,0.5000,0.5077,0.5000,0.0134
12.320,0.5000,0.5072,0.5000,0.0141
12.352,0.5000,0.5067,0.5000,0.0148
12.384,0.5000,0.5062,0.5000,0.0155
12.416,0.5000,0.5058,0.5000,0.0162
12.448,0.5000,0.5053,0.5000,0.0168
12.480,0.5000,0.5048,0.5000,0.0175
12.512,0.5000,0.5043,0.5000,0.0182
12.544,0.5000,0.5038,0.5000,0.0188
12.576,0.5000,0.5034,0.5000,0.0195
12.608,0.5000,0.5029,0.5000,0.0202
12.640,0.5000,0.5024,0.5000,0.0208
12.672,0.5000,0.5019,0.5000,0.0215
12.704,0.5000,0.5015,0.5000,0.0221
12.736,0.5000,0.5010,0.5000,0.0227
12.768,0.5000,0.5005,0.5000,0.0234
12.800,0.5000,0.5001,0.5000,0.0240
12.832,0.5000,0.4996,0.5000,0.0246
12.864,0.5000,0.4991,0.5000,0.0253
12.896,0.5000,0.4987,0.5000,0.0259
12.928,0.5000,0.4982,0.5000,0.0265
12.960,0.5000,0.4977,0.5000,0.0271
12.992,0.5000,0.4973,0.5000,0.0277
13.024,0.5000,0.4968,0.5000,0.0283
13.056,0.5000,0.4964,0.5000,0.0289
13.088,0.5000,0.4959,0.5000,0.0295
13.120,0.5000,0.4955,0.5000,0.0301
13.152,0.5000,0.4950,0.5000,0.0307
13.184,0.5000,0.4946,0.5000,0.0313
13.216,0.5000,0.4941,0.5000,0.0319
13.248,0.5000,0.4937,0.5000,0.0325
13.280,0.5000,0.4932,0.5000,0.0331
13.312,0.5000,0.4928,0.5000,0.0336
13.344,0.5000,0.4923,0.5000,0.0342
13.376,0.5000,0.4919,0.5000,0.0348
13.408,0.5000,0.4915,0.5000,0.0353
13.440,0.5000,0.4910,0.5000,0.0359
13.472,0.5000,0.4906,0.5000,0.0364
13.504,0.5000,0.4902,0.5000,0.0370
13.536,0.5000,0.4897,0.5000,0.0375
13.568,0.5000,0.4893,0.5000,0.0380
13.600,0.5000,0.4889,0.5000,0.0386
13.632,0.5000,0.4885,0.5000,0.0391
13.664,0.5000,0.4880,0.5000,0.0396
13.696,0.5000,0.4876,0.5000,0.0401
13.728,0.5000,0.4872,0.5000,0.0406
13.760,0.5000,0.4868,0.5000,0.0411
13.792,0.5000,0.4864,0.5000,0.0416
13.824,0.5000,0.4860,0.5000,0.0421
13.856,0.5000,0.4856,0.5000,0.0426
13.888,0.5000,0.4852,0.5000,0.0431
13.920,0.5000,0.4848,0.5000,0.0436
13.952,0.5000,0.4844,0.5000,0.0440
13.984,0.5000,0.4840,0.5000,0.0445
14.016,0.5000,0.4836,0.5000,0.0450
14.048,0.5000,0.4832,0.5000,0.0454
14.080,0.5000,0.4828,0.5000,0.0459
14.112,0.5000,0.4824,0.5000,0.0463
14.144,0.5000,0.4820,0.5000,0.0468
14.176,0.5000,0.4816,0.5000,0.0472
14.208,0.5000,0.4813,0.5000,0.0476
14.240,0.5000,0.4809,0.5000,0.0481
14.272,0.5000,0.4805,0.5000,0.0485
14.304,0.5000,0.4801,0.5000,0.0489
14.336,0.5000,0.4798,0.5000,0.0493
14.368,0.5000,0.4794,0.5000,0.0497
14.400,0.5000,0.4790,0.5000,0.0501
14.432,0.5000,0.4787,0.5000,0.0505
14.464,0.5000,0.4783,0.5000,0.0508
14.496,0.5000,0.4780,0.5000,0.0512
14.528,0.5000,0.4776,0.5000,0.0516
14.560,0.5000,0.4773,0.5000,0.0519
14.592,0.5000,0.4769,0.5000,0.0523
14.624,0.5000,0.4766,0.5000,0.0526
14.656,0.5000,0.4763,0.5000,0.0530
14.688,0.5000,0.4759,0.5000,0.0533
14.720,0.5000,0.4756,0.5000,0.0536
14.752,0.5000,0.4753,0.5000,0.0540
14.784,0.5000,0.4750,0.5000,0.0543
14.816,0.5000,0.4746,0.5000,0.0546
14.848,0.5000,0.4743,0.5000,0.0549
14.880,0.5000,0.4740,0.5000,0.0552
14.912,0.5000,0.4737,0.5000,0.0555
14.944,0.5000,0.4734,0.5000,0.0558
14.976,0.5000,0.4731,0.5000,0.0561
15.008,0.5000,0.4728,0.5000,0.0564
15.040,0.5000,0.4725,0.5000,0.0566
15.072,0.5000,0.4722,0.5000,0.0569
15.104,0.5000,0.4719,0.5000,0.0572
15.136,0.5000,0.4716,0.5000,0.0574
15.168,0.5000,0.4713,0.5000,0.0577
15.200,0.5000,0.4710,0.5000,0.0579
15.232,0.5000,0.4708,0.5000,0.0581
15.264,0.5000,0.4705,0.5000,0.0584
15.296,0.5000,0.4702,0.5000,0.0586
15.328,0.5000,0.4700,0.5000,0.0588
15.360,0.5000,0.4697,0.5000,0.0590
15.392,0.5000,0.4694,0.5000,0.0592
15.424,0.5000,0.4692,0.5000,0.0594
15.456,0.5000,0.4689,0.5000,0.0596
15.488,0.5000,0.4687,0.5000,0.0598
15.520,0.5000,0.4684,0.5000,0.0600
15.552,0.5000,0.4682,0.5000,0.0602
15.584,0.5000,0.4679,0.5000,0.0604
15.616,0.5000,0.4677,0.5000,0.0605
15.648,0.5000,0.4675,0.5000,0.0607
15.680,0.5000,0.4673,0.5000,0.0609
15.712,0.5000,0.4670,0.5000,0.0610
15.744,0.5000,0.4668,0.5000,0.0611
15.776,0.5000,0.4666,0.5000,0.0613
15.808,0.5000,0.4664,0.5000,0.0614
15.840,0.5000,0.4662,0.5000,0.0615
15.872,0.5000,0.4660,0.5000,0.0617
15.904,0.5000,0.4658,0.5000,0.0618
15.936,0.5000,0.4656,0.5000,0.0619
15.968,0.5000,0.4654,0.5000,0.0620
16.000,0.5000,0.4652,0.5000,0.0621
16.032,0.5000,0.4650,0.5000,0.0622
16.064,0.5000,0.4648,0.5000,0.0622
16.096,0.5000,0.4646,0.5000,0.0623
16.128,0.5000,0.4645,0.5000,0.0624
16.160,0.5000,0.4643,0.5000,0.0625
16.192,0.5000,0.4641,0.5000,0.0625
16.224,0.5000,0.4639,0.5000,0.0626
16.256,0.5000,0.4638,0.5000,0.0626
16.288,0.5000,0.4636,0.5000,0.0627
16.320,0.5000,0.4635,0.5000,0.0627
16.352,0.5000,0.4633,0.5000,0.0627
16.384,0.5000,0.4632,0.5000,0.0628
16.416,0.5000,0.4630,0.5000,0.0628
16.448,0.5000,0.4629,0.5000,0.0628
16.480,0.5000,0.4628,0.5000,0.0628
16.512,0.5000,0.4626,0.5000,0.0628
16.544,0.5000,0.4625,0.5000,0.0628
16.576,0.5000,0.4624,0.5000,0.0628
16.608,0.5000,0.4623,0.5000,0.0628
16.640,0.5000,0.4621,0.5000,0.0628
16.672,0.5000,0.4620,0.5000,0.0627
16.704,0.5000,0.4619,0.5000,0.0627
16.736,0.5000,0.4618,0.5000,0.0627
16.768,0.5000,0.4617,0.5000,0.0626
16.800,0.5000,0.4616,0.5000,0.0626
16.832,0.5000,0.4615,0.5000,0.0625
16.864,0.5000,0.4614,0.5000,0.0625
16.896,0.5000,0.4614,0.5000,0.0624
16.928,0.5000,0.4613,0.5000,0.0623
16.960,0.5000,0.4612,0.5000,0.0623
16.992,0.5000,0.4611,0.5000,0.0622
17.024,0.5000,0.4610,0.5000,0.0621
17.056,0.5000,0.4610,0.5000,0.0620
17.088,0.5000,0.4609,0.5000,0.0619
17.120,0.5000,0.4609,0.5000,0.0618
17.152,0.5000,0.4608,0.5000,0.0617
17.184,0.5000,0.4607,0.5000,0.0616
17.216,0.5000,0.4607,0.5000,0.0615
17.248,0.5000,0.4607,0.5000,0.0614
17.280,0.5000,0.4606,0.5000,0.0612
17.312,0.5000,0.4606,0.5000,0.0611
17.344,0.5000,0.4605,0.5000,0.0610
17.376,0.5000,0.4605,0.5000,0.0608
17.408,0.5000,0.4605,0.5000,0.0607
17.440,0.5000,0.4605,0.5000,0.0605
17.472,0.5000,0.4604,0.5000,0.0603
17.504,0.5000,0.4604,0.5000,0.0602
17.536,0.5000,0.4604,0.5000,0.0600
17.568,0.5000,0.4604,0.5000,0.0598
17.600,0.5000,0.4604,0.5000,0.0597
17.632,0.5000,0.4604,0.5000,0.0595
17.664,0.5000,0.4604,0.5000,0.0593
17.696,0.5000,0.4604,0.5000,0.0591
17.728,0.5000,0.4604,0.5000,0.0589
17.760,0.5000,0.4604,0.5000,0.0587
17.792,0.5000,0.4604,0.5000,0.0585
17.824,0.5000,0.4605,0.5000,0.0583
17.856,0.5000,0.4605,0.5000,0.0580
17.888,0.5000,0.4605,0.5000,0.0578
17.920,0.5000,0.4605,0.5000,0.0576
17.952,0.5000,0.4606,0.5000,0.0574
17.984,0.5000,0.4606,0.5000,0.0571
18.016,0.5000,0.4607,0.5000,0.0569
18.048,0.5000,0.4607,0.5000,0.0566
18.080,0.5000,0.4607,0.5000,0.0564
18.112,0.5000,0.4608,0.5000,0.0561
18.144,0.5000,0.4609,0.5000,0.0559
18.176,0.5000,0.4609,0.5000,0.0556
18.208,0.5000,0.4610,0.5000,0.0554
18.240,0.5000,0.4610,0.5000,0.0551
18.272,0.5000,0.4611,0.5000,0.0548
18.304,0.5000,0.4612,0.5000,0.0545
18.336,0.5000,0.4613,0.5000,0.0543
18.368,0.5000,0.4613,0.5000,0.0540
18.400,0.5000,0.4614,0.5000,0.0537
18.432,0.5000,0.4615,0.5000,0.0534
18.464,0.5000,0.4616,0.5000,0.0531
18.496,0.5000,0.4617,0.5000,0.0528
18.528,0.5000,0.4618,0.5000,0.0525
18.560,0.5000,0.4619,0.5000,0.0522
18.592,0.5000,0.4620,0.5000,0.0519
18.624,0.5000,0.4621,0.5000,0.0515
18.656,0.5000,0.4622,0.5000,0.0512
18.688,0.5000,0.4623,0.5000,0.0509
18.720,0.5000,0.4624,0.5000,0.0506
18.752,0.5000,0.4625,0.5000,0.0502
18.784,0.5000,0.4626,0.5000,0.0499
18.816,0.5000,0.4628,0.5000,0.0496
18.848,0.5000,0.4629,0.5000,0.0492
18.880,0.5000,0.4630,0.5000,0.0489
18.912,0.5000,0.4631,0.5000,0.0485
18.944,0.5000,0.4633,0.5000,0.0482
18.976,0.5000,0.4634,0.5000,0.0478
19.008,0.5000,0.4636,0.5000,0.0475
19.040,0.5000,0.4637,0.5000,0.0471
19.072,0.5000,0.4638,0.5000,0.0467
19.104,0.5000,0.4640,0.5000,0.0464
19.136,0.5000,0.4641,0.5000,0.0460
19.168,0.5000,0.4643,0.5000,0.0456
19.200,0.5000,0.4645,0.5000,0.0452
19.232,0.5000,0.4646,0.5000,0.0449
19.264,0.5000,0.4648,0.5000,0.0445
19.296,0.5000,0.4649,0.5000,0.0441
19.328,0.5000,0.4651,0.5000,0.0437
19.360,0.5000,0.4653,0.5000,0.0433
19.392,0.5000,0.4655,0.5000,0.0429
19.424,0.5000,0.4656,0.5000,0.0425
19.456,0.5000,0.4658,0.5000,0.0421
19.488,0.5000,0.4660,0.5000,0.0417
19.520,0.5000,0.4662,0.5000,0.0413
19.552,0.5000,0.4664,0.5000,0.0409
19.584,0.5000,0.4665,0.5000,0.0405
19.616,0.5000,0.4667,0.5000,0.0401
19.648,0.5000,0.4669,0.5000,0.0397
19.680,0.5000,0.4671,0.5000,0.0393
19.712,0.5000,0.4673,0.5000,0.0388
19.744,0.5000,0.4675,0.5000,0.0384
19.776,0.5000,0.4677,0.5000,0.0380
19.808,0.5000,0.4679,0.5000,0.0376
19.840,0.5000,0.4681,0.5000,0.0371
19.872,0.5000,0.4683,0.5000,0.0367
19.904,0.5000,0.4686,0.5000,0.0363
19.936,0.5000,0.4688,0.5000,0.0358
19.968,0.5000,0.4690,0.5000,0.0354
20.000,0.5000,0.4692,0.5000,0.0350
20.032,0.5000,0.4694,0.5000,0.0345
20.064,0.5000,0.4696,0.5000,0.0341
20.096,0.5000,0.4699,0.5000,0.0337
20.128,0.5000,0.4701,0.5000,0.0332
20.160,0.5000,0.4703,0.5000,0.0328
20.192,0.5000,0.4705,0.5000,0.0323
20.224,0.5000,0.4708,0.5000,0.0319
20.256,0.5000,0.4710,0.5000,0.0314
20.288,0.5000,0.4712,0.5000,0.0310
20.320,0.5000,0.4715,0.5000,0.0305
20.352,0.5000,0.4717,0.5000,0.0301
20.384,0.5000,0.4720,0.5000,0.0296
20.416,0.5000,0.4722,0.5000,0.0291
20.448,0.5000,0.4725,0.5000,0.0287
20.480,0.5000,0.4727,0.5000,0.0282
20.512,0.5000,0.4730,0.5000,0.0278
20.544,0.5000,0.4732,0.5000,0.0273
20.576,0.5000,0.4735,0.5000,0.0268
20.608,0.5000,0.4737,0.5000,0.0264
20.640,0.5000,0.4740,0.5000,0.0259
20.672,0.5000,0.4742,0.5000,0.0254
20.704,0.5000,0.4745,0.5000,0.0250
20.736,0.5000,0.4747,0.5000,0.0245
20.768,0.5000,0.4750,0.5000,0.0240
20.800,0.5000,0.4753,0.5000,0.0236
20.832,0.5000,0.4755,0.5000,0.0231
20.864,0.5000,0.4758,0.5000,0.0226
20.896,0.5000,0.4761,0.5000,0.0222
20.928,0.5000,0.4763,0.5000,0.0217
20.960,0.5000,0.4766,0.5000,0.0212
20.992,0.5000,0.4769,0.5000,0.0207
21.024,0.5000,0.4771,0.5000,0.0203
21.056,0.5000,0.4774,0.5000,0.0198
21.088,0.5000,0.4777,0.5000,0.0193
21.120,0.5000,0.4780,0.5000,0.0188
21.152,0.5000,0.4782,0.5000,0.0184
21.184,0.5000,0.4785,0.5000,0.0179
21.216,0.5000,0.4788,0.5000,0.0174
21.248,0.5000,0.4791,0.5000,0.0169
21.280,0.5000,0.4794,0.5000,0.0165
21.312,0.5000,0.4796,0.5000,0.0160
21.344,0.5000,0.4799,0.5000,0.0155
21.376,0.5000,0.4802,0.5000,0.0150
21.408,0.5000,0.4805,0.5000,0.0146
21.440,0.5000,0.4808,0.5000,0.0141
21.472,0.5000,0.4811,0.5000,0.0136
21.504,0.5000,0.4813,0.5000,0.0131
21.536,0.5000,0.4816,0.5000,0.0127
21.568,0.5000,0.4819,0.5000,0.0122
21.600,0.5000,0.4822,0.5000,0.0117
21.632,0.5000,0.4825,0.5000,0.0112
21.664,0.5000,0.4828,0.5000,0.0108
21.696,0.5000,0.4831,0.5000,0.0103
21.728,0.5000,0.4834,0.5000,0.0098
21.760,0.5000,0.4837,0.5000,0.0093
21.792,0.5000,0.4840,0.5000,0.0089
21.824,0.5000,0.4843,0.5000,0.0084
21.856,0.5000,0.4846,0.5000,0.0079
21.888,0.5000,0.4849,0.5000,0.0075
21.920,0.5000,0.4852,0.5000,0.0070
21.952,0.5000,0.4855,0.5000,0.0065
21.984,0.5000,0.4857,0.5000,0.0061
22.016,0.5000,0.4860,0.5000,0.0056
22.048,0.5000,0.4863,0.5000,0.0051
22.080,0.5000,0.4866,0.5000,0.0047
22.112,0.5000,0.4869,0.5000,0.0042
22.144,0.5000,0.4872,0.5000,0.0037
22.176,0.5000,0.4875,0.5000,0.0033
22.208,0.5000,0.4878,0.5000,0.0028
22.240,0.5000,0.4881,0.5000,0.0023
22.272,0.5000,0.4884,0.5000,0.0019
22.304,0.5000,0.4887,0.5000,0.0014
22.336,0.5000,0.4890,0.5000,0.0010
22.368,0.5000,0.4893,0.5000,0.0005
22.400,0.5000,0.4896,0.5000,0.0001
22.432,0.5000,0.4899,0.5000,-0.0004
22.464,0.5000,0.4902,0.5000,-0.0009
22.496,0.5000,0.4905,0.5000,-0.0013
22.528,0.5000,0.4908,0.5000,-0.0018
22.560,0.5000,0.4911,0.5000,-0.0022
22.592,0.5000,0.4914,0.5000,-0.0026
22.624,0.5000,0.4917,0.5000,-0.0031
22.656,0.5000,0.4920,0.5000,-0.0035
22.688,0.5000,0.4923,0.5000,-0.0040
22.720,0.5000,0.4926,0.5000,-0.0044
22.752,0.5000,0.4929,0.5000,-0.0049
22.784,0.5000,0.4932,0.5000,-0.0053
22.816,0.5000,0.4935,0.5000,-0.0057
22.848,0.5000,0.4938,0.5000,-0.0062
22.880,0.5000,0.4941,0.5000,-0.0066
22.912,0.5000,0.4944,0.5000,-0.0070
22.944,0.5000,0.4947,0.5000,-0.0075
22.976,0.5000,0.4950,0.5000,-0.0079
23.008,0.5000,0.4953,0.5000,-0.0083
23.040,0.5000,0.4956,0.5000,-0.0087
23.072,0.5000,0.4959,0.5000,-0.0091
23.104,0.5000,0.4962,0.5000,-0.0096
23.136,0.5000,0.4965,0.5000,-0.0100
23.168,0.5000,0.4968,0.5000,-0.0104
23.200,0.5000,0.4971,0.5000,-0.0108
23.232,0.5000,0.4974,0.5000,-0.0112
23.264,0.5000,0.4977,0.5000,-0.0116
23.296,0.5000,0.4980,0.5000,-0.0120
23.328,0.5000,0.4983,0.5000,-0.0124
23.360,0.5000,0.4986,0.5000,-0.0128
23.392,0.5000,0.4988,0.5000,-0.0132
23.424,0.5000,0.4991,0.5000,-0.0136
23.456,0.5000,0.4994,0.5000,-0.0140
23.488,0.5000,0.4997,0.5000,-0.0144
23.520,0.5000,0.5000,0.5000,-0.0148
23.552,0.5000,0.5003,0.5000,-0.0152
23.584,0.5000,0.5006,0.5000,-0.0156
23.616,0.5000,0.5009,0.5000,-0.0160
23.648,0.5000,0.5011,0.5000,-0.0163
23.680,0.5000,0.5014,0.5000,-0.0167
23.712,0.5000,0.5017,0.5000,-0.0171
23.744,0.5000,0.5020,0.5000,-0.0175
23.776,0.5000,0.5023,0.5000,-0.0178
23.808,0.5000,0.5025,0.5000,-0.0182
23.840,0.5000,0.5028,0.5000,-0.0186
23.872,0.5000,0.5031,0.5000,-0.0189
23.904,0.5000,0.5034,0.5000,-0.0193
23.936,0.5000,0.5037,0.5000,-0.0197
23.968,0.5000,0.5039,0.5000,-0.0200
24.000,0.5000,0.5042,0.5000,-0.0204
24.032,0.5000,0.5045,0.5000,-0.0207
24.064,0.5000,0.5047,0.5000,-0.0211
24.096,0.5000,0.5050,0.5000,-0.0214
24.128,0.5000,0.5053,0.5000,-0.0217
24.160,0.5000,0.5055,0.5000,-0.0221
24.192,0.5000,0.5058,0.5000,-0.0224
24.224,0.5000,0.5061,0.5000,-0.0227
24.256,0.5000,0.5063,0.5000,-0.0231
24.288,0.5000,0.5066,0.5000,-0.0234
24.320,0.5000,0.5069,0.5000,-0.0237
24.352,0.5000,0.5071,0.5000,-0.0240
24.384,0.5000,0.5074,0.5000,-0.0243
24.416,0.5000,0.5076,0.5000,-0.0247
24.448,0.5000,0.5079,0.5000,-0.0250
24.480,0.5000,0.5081,0.5000,-0.0253
24.512,0.5000,0.5084,0.5000,-0.0256
24.544,0.5000,0.5086,0.5000,-0.0259
24.576,0.5000,0.5089,0.5000,-0.0262
24.608,0.5000,0.5091,0.5000,-0.0265
24.640,0.5000,0.5094,0.5000,-0.0268
24.672,0.5000,0.5096,0.5000,-0.0271
24.704,0.5000,0.5099,0.5000,-0.0274
24.736,0.5000,0.5101,0.5000,-0.0277
24.768,0.5000,0.5104,0.5000,-0.0280
24.800,0.5000,0.5106,0.5000,-0.0283
24.832,0.5000,0.5108,0.5000,-0.0285
24.864,0.5000,0.5111,0.5000,-0.0288
24.896,0.5000,0.5113,0.5000,-0.0291
24.928,0.5000,0.5115,0.5000,-0.0294
24.960,0.5000,0.5118,0.5000,-0.0296
24.992,0.5000,0.5120,0.5000,-0.0299
25.024,0.5000,0.5122,0.5000,-0.0301
25.056,0.5000,0.5125,0.5000,-0.0304
25.088,0.5000,0.5127,0.5000,-0.0306
25.120,0.5000,0.5129,0.5000,-0.0309
25.152,0.5000,0.5131,0.5000,-0.0311
25.184,0.5000,0.5134,0.5000,-0.0314
25.216,0.5000,0.5136,0.5000,-0.0316
25.248,0.5000,0.5138,0.5000,-0.0318
25.280,0.5000,0.5140,0.5000,-0.0321
25.312,0.5000,0.5142,0.5000,-0.0323
25.344,0.5000,0.5144,0.5000,-0.0325
25.376,0.5000,0.5146,0.5000,-0.0327
25.408,0.5000,0.5148,0.5000,-0.0329
25.440,0.5000,0.5150,0.5000,-0.0332
25.472,0.5000,0.5152,0.5000,-0.0334
25.504,0.5000,0.5155,0.5000,-0.0336
25.536,0.5000,0.5156,0.5000,-0.0337
25.568,0.5000,0.5158,0.5000,-0.0339
25.600,0.5000,0.5160,0.5000,-0.0341
25.632,0.5000,0.5162,0.5000,-0.0343
25.664,0.5000,0.5164,0.5000,-0.0345
25.696,0.5000,0.5166,0.5000,-0.0346
25.728,0.5000,0.5168,0.5000,-0.0348
25.760,0.5000,0.5170,0.5000,-0.0350
25.792,0.5000,0.5172,0.5000,-0.0351
25.824,0.5000,0.5173,0.5000,-0.0353
25.856,0.5000,0.5175,0.5000,-0.0355
25.888,0.5000,0.5177,0.5000,-0.0356
25.920,0.5000,0.5179,0.5000,-0.0358
25.952,0.5000,0.5180,0.5000,-0.0359
25.984,0.5000,0.5182,0.5000,-0.0361
26.016,0.5000,0.5184,0.5000,-0.0362
26.048,0.5000,0.5185,0.5000,-0.0363
26.080,0.5000,0.5187,0.5000,-0.0365
26.112,0.5000,0.5189,0.5000,-0.0366
26.144,0.5000,0.5190,0.5000,-0.0367
26.176,0.5000,0.5192,0.5000,-0.0368
26.208,0.5000,0.5193,0.5000,-0.0370
26.240,0.5000,0.5195,0.5000,-0.0371
26.272,0.5000,0.5196,0.5000,-0.0372
26.304,0.5000,0.5198,0.5000,-0.0373
26.336,0.5000,0.5199,0.5000,-0.0374
26.368,0.5000,0.5201,0.5000,-0.0375
26.400,0.5000,0.5202,0.5000,-0.0376
26.432,0.5000,0.5204,0.5000,-0.0377
26.464,0.5000,0.5205,0.5000,-0.0378
26.496,0.5000,0.5206,0.5000,-0.0379
26.528,0.5000,0.5208,0.5000,-0.0379
26.560,0.5000,0.5209,0.5000,-0.0380
26.592,0.5000,0.5210,0.5000,-0.0381
26.624,0.5000,0.5211,0.5000,-0.0382
26.656,0.5000,0.5213,0.5000,-0.0382
26.688,0.5000,0.5214,0.5000,-0.0383
26.720,0.5000,0.5215,0.5000,-0.0384
26.752,0.5000,0.5216,0.5000,-0.0384
26.784,0.5000,0.5217,0.5000,-0.0385
26.816,0.5000,0.5218,0.5000,-0.0385
26.848,0.5000,0.5220,0.5000,-0.0386
26.880,0.5000,0.5221,0.5000,-0.0386
26.912,0.5000,0.5222,0.5000,-0.0386
26.944,0.5000,0.5223,0.5000,-0.0387
26.976,0.5000,0.5224,0.5000,-0.0387
27.008,0.5000,0.5225,0.5000,-0.0387
27.040,0.5000,0.5226,0.5000,-0.0388
27.072,0.5000,0.5227,0.5000,-0.0388
27.104,0.5000,0.5227,0.5000,-0.0388
27.136,0.5000,0.5228,0.5000,-0.0388
27.168,0.5000,0.5229,0.5000,-0.0388
27.200,0.5000,0.5230,0.5000,-0.0388
27.232,0.5000,0.5231,0.5000,-0.0388
27.264,0.5000,0.5232,0.5000,-0.0388
27.296,0.5000,0.5232,0.5000,-0.0388
27.328,0.5000,0.5233,0.5000,-0.0388
27.360,0.5000,0.5234,0.5000,-0.0388
27.392,0.5000,0.5235,0.5000,-0.0388
27.424,0.5000,0.5235,0.5000,-0.0388
27.456,0.5000,0.5236,0.5000,-0.0387
27.488,0.5000,0.5236,0.5000,-0.0387
27.520,0.5000,0.5237,0.5000,-0.0387
27.552,0.5000,0.5238,0.5000,-0.0387
27.584,0.5000,0.5238,0.5000,-0.0386
27.616,0.5000,0.5239,0.5000,-0.0386
27.648,0.5000,0.5239,0.5000,-0.0386
27.680,0.5000,0.5240,0.5000,-0.0385
27.712,0.5000,0.5240,0.5000,-0.0385
27.744,0.5000,0.5241,0.5000,-0.0384
27.776,0.5000,0.5241,0.5000,-0.0384
27.808,0.5000,0.5242,0.5000,-0.0383
27.840,0.5000,0.5242,0.5000,-0.0382
27.872,0.5000,0.5242,0.5000,-0.0382
27.904,0.5000,0.5243,0.5000,-0.0381
27.936,0.5000,0.5243,0.5000,-0.0381
27.968,0.5000,0.5243,0.5000,-0.0380
28.000,0.5000,0.5243,0.5000,-0.0379
28.032,0.5000,0.5244,0.5000,-0.0378
28.064,0.5000,0.5244,0.5000,-0.0377
28.096,0.5000,0.5244,0.5000,-0.0377
28.128,0.5000,0.5244,0.5000,-0.0376
28.160,0.5000,0.5244,0.5000,-0.0375
28.192,0.5000,0.5245,0.5000,-0.0374
28.224,0.5000,0.5245,0.5000,-0.0373
28.256,0.5000,0.5245,0.5000,-0.0372
28.288,0.5000,0.5245,0.5000,-0.0371
28.320,0.5000,0.5245,0.5000,-0.0370
28.352,0.5000,0.5245,0.5000,-0.0368
28.384,0.5000,0.5245,0.5000,-0.0367
28.416,0.5000,0.5245,0.5000,-0.0366
28.448,0.5000,0.5245,0.5000,-0.0365
28.480,0.5000,0.5245,0.5000,-0.0364
28.512,0.5000,0.5245,0.5000,-0.0362
28.544,0.5000,0.5245,0.5000,-0.0361
28.576,0.5000,0.5244,0.5000,-0.0360
28.608,0.5000,0.5244,0.5000,-0.0358
28.640,0.5000,0.5244,0.5000,-0.0357
28.672,0.5000,0.5244,0.5000,-0.0356
28.704,0.5000,0.5244,0.5000,-0.0354
28.736,0.5000,0.5243,0.5000,-0.0353
28.768,0.5000,0.5243,0.5000,-0.0351
28.800,0.5000,0.5243,0.5000,-0.0350
28.832,0.5000,0.5243,0.5000,-0.0348
28.864,0.5000,0.5242,0.5000,-0.0347
28.896,0.5000,0.5242,0.5000,-0.0345
28.928,0.5000,0.5242,0.5000,-0.0343
28.960,0.5000,0.5241,0.5000,-0.0342
28.992,0.5000,0.5241,0.5000,-0.0340
29.024,0.5000,0.5240,0.5000,-0.0338
29.056,0.5000,0.5240,0.5000,-0.0337
29.088,0.5000,0.5239,0.5000,-0.0335
29.120,0.5000,0.5239,0.5000,-0.0333
29.152,0.5000,0.5238,0.5000,-0.0331
29.184,0.5000,0.5238,0.5000,-0.0329
29.216,0.5000,0.5237,0.5000,-0.0328
29.248,0.5000,0.5237,0.5000,-0.0326
29.280,0.5000,0.5236,0.5000,-0.0324
29.312,0.5000,0.5236,0.5000,-0.0322
29.344,0.5000,0.5235,0.5000,-0.0320
29.376,0.5000,0.5234,0.5000,-0.0318
29.408,0.5000,0.5234,0.5000,-0.0316
29.440,0.5000,0.5233,0.5000,-0.0314
29.472,0.5000,0.5232,0.5000,-0.0312
29.504,0.5000,0.5231,0.5000,-0.0310
29.536,0.5000,0.5231,0.5000,-0.0308
29.568,0.5000,0.5230,0.5000,-0.0306
29.600,0.5000,0.5229,0.5000,-0.0303
29.632,0.5000,0.5228,0.5000,-0.0301
29.664,0.5000,0.5228,0.5000,-0.0299
29.696,0.5000,0.5227,0.5000,-0.0297
29.728,0.5000,0.5226,0.5000,-0.0295
29.760,0.5000,0.5225,0.5000,-0.0293
29.792,0.5000,0.5224,0.5000,-0.0290
29.824,0.5000,0.5223,0.5000,-0.0288
29.856,0.5000,0.5222,0.5000,-0.0286
29.888,0.5000,0.5221,0.5000,-0.0283
29.920,0.5000,0.5220,0.5000,-0.0281
29.952,0.5000,0.5219,0.5000,-0.0279
29.984,0.5000,0.5218,0.5000,-0.0276
30.016,0.5000,0.5217,0.5000,-0.0274
30.048,0.5000,0.5216,0.5000,-0.0272
30.080,0.5000,0.5215,0.5000,-0.0269
30.112,0.5000,0.5214,0.5000,-0.0267
30.144,0.5000,0.5213,0.5000,-0.0264
30.176,0.5000,0.5212,0.5000,-0.0262
30.208,0.5000,0.5211,0.5000,-0.0259
30.240,0.5000,0.5210,0.5000,-0.0257
30.272,0.5000,0.5209,0.5000,-0.0254
30.304,0.5000,0.5208,0.5000,-0.0252
30.336,0.5000,0.5206,0.5000,-0.0249
30.368,0.5000,0.5205,0.5000,-0.0247
30.400,0.5000,0.5204,0.5000,-0.0244
30.432,0.5000,0.5203,0.5000,-0.0242
30.464,0.5000,0.5202,0.5000,-0.0239
30.496,0.5000,0.5200,0.5000,-0.0236
30.528,0.5000,0.5199,0.5000,-0.0234
30.560,0.5000,0.5198,0.5000,-0.0231
30.592,0.5000,0.5197,0.5000,-0.0228
30.624,0.5000,0.5195,0.5000,-0.0226
30.656,0.5000,0.5194,0.5000,-0.0223
30.688,0.5000,0.5193,0.5000,-0.0220
30.720,0.5000,0.5191,0.5000,-0.0218
30.752,0.5000,0.5190,0.5000,-0.0215
30.784,0.5000,0.5188,0.5000,-0.0212
30.816,0.5000,0.5187,0.5000,-0.0209
30.848,0.5000,0.5186,0.5000,-0.0207
30.880,0.5000,0.5184,0.5000,-0.0204
30.912,0.5000,0.5183,0.5000,-0.0201
30.944,0.5000,0.5181,0.5000,-0.0198
30.976,0.5000,0.5180,0.5000,-0.0196
31.008,0.5000,0.5179,0.5000,-0.0193
31.040,0.5000,0.5177,0.5000,-0.0190
31.072,0.5000,0.5176,0.5000,-0.0187
31.104,0.5000,0.5174,0.5000,-0.0184
31.136,0.5000,0.5173,0.5000,-0.0182
31.168,0.5000,0.5171,0.5000,-0.0179
31.200,0.5000,0.5170,0.5000,-0.0176
31.232,0.5000,0.5168,0.5000,-0.0173
31.264,0.5000,0.5167,0.5000,-0.0170
31.296,0.5000,0.5165,0.5000,-0.0167
31.328,0.5000,0.5163,0.5000,-0.0164
31.360,0.5000,0.5162,0.5000,-0.0161
31.392,0.5000,0.5160,0.5000,-0.0159
31.424,0.5000,0.5159,0.5000,-0.0156
31.456,0.5000,0.5157,0.5000,-0.0153
31.488,0.5000,0.5155,0.5000,-0.0150
31.520,0.5000,0.5154,0.5000,-0.0147
31.552,0.5000,0.5152,0.5000,-0.0144
31.584,0.5000,0.5151,0.5000,-0.0141
31.616,0.5000,0.5149,0.5000,-0.0138
31.648,0.5000,0.5147,0.5000,-0.0135
31.680,0.5000,0.5146,0.5000,-0.0132
31.712,0.5000,0.5144,0.5000,-0.0129
31.744,0.5000,0.5142,0.5000,-0.0126
31.776,0.5000,0.5140,0.5000,-0.0123
31.808,0.5000,0.5139,0.5000,-0.0121
31.840,0.5000,0.5137,0.5000,-0.0118
31.872,0.5000,0.5135,0.5000,-0.0115
31.904,0.5000,0.5134,0.5000,-0.0112
31.936,0.5000,0.5132,0.5000,-0.0109
31.968,0.5000,0.5130,0.5000,-0.0106
32.000,0.5000,0.5128,0.5000,-0.0103
32.032,0.5000,0.5127,0.5000,-0.0100
32.064,0.5000,0.5125,0.5000,-0.0097
32.096,0.5000,0.5123,0.5000,-0.0094
32.128,0.5000,0.5121,0.5000,-0.0091
32.160,0.5000,0.5120,0.5000,-0.0088
32.192,0.5000,0.5118,0.5000,-0.0085
32.224,0.5000,0.5116,0.5000,-0.0082
32.256,0.5000,0.5114,0.5000,-0.0079
32.288,0.5000,0.5112,0.5000,-0.0076
32.320,0.5000,0.5111,0.5000,-0.0073
32.352,0.5000,0.5109,0.5000,-0.0070
32.384,0.5000,0.5107,0.5000,-0.0067
32.416,0.5000,0.5105,0.5000,-0.0064
32.448,0.5000,0.5103,0.5000,-0.0061
32.480,0.5000,0.5102,0.5000,-0.0058
32.512,0.5000,0.5100,0.5000,-0.0055
32.544,0.5000,0.5098,0.5000,-0.0053
32.576,0.5000,0.5096,0.5000,-0.0050
32.608,0.5000,0.5094,0.5000,-0.0047
32.640,0.5000,0.5092,0.5000,-0.0044
32.672,0.5000,0.5091,0.5000,-0.0041
32.704,0.5000,0.5089,0.5000,-0.0038
32.736,0.5000,0.5087,0.5000,-0.0035
32.768,0.5000,0.5085,0.5000,-0.0032
32.800,0.5000,0.5083,0.5000,-0.0029
32.832,0.5000,0.5081,0.5000,-0.0026
32.864,0.5000,0.5079,0.5000,-0.0023
32.896,0.5000,0.5078,0.5000,-0.0020
32.928,0.5000,0.5076,0.5000,-0.0018
32.960,0.5000,0.5074,0.5000,-0.0015
32.992,0.5000,0.5072,0.5000,-0.0012
33.024,0.5000,0.5070,0.5000,-0.0009
33.056,0.5000,0.5068,0.5000,-0.0006
33.088,0.5000,0.5066,0.5000,-0.0003
33.120,0.5000,0.5065,0.5000,-0.0000
33.152,0.5000,0.5063,0.5000,0.0002
33.184,0.5000,0.5061,0.5000,0.0005
33.216,0.5000,0.5059,0.5000,0.0008
33.248,0.5000,0.5057,0.5000,0.0011
33.280,0.5000,0.5055,0.5000,0.0014
33.312,0.5000,0.5053,0.5000,0.0016
33.344,0.5000,0.5051,0.5000,0.0019
33.376,0.5000,0.5050,0.5000,0.0022
33.408,0.5000,0.5048,0.5000,0.0025
33.440,0.5000,0.5046,0.5000,0.0027
33.472,0.5000,0.5044,0.5000,0.0030
33.504,0.5000,0.5042,0.5000,0.0033
33.536,0.5000,0.5040,0.5000,0.0036
33.568,0.5000,0.5038,0.5000,0.0038
33.600,0.5000,0.5037,0.5000,0.0041
33.632,0.5000,0.5035,0.5000,0.0044
33.664,0.5000,0.5033,0.5000,0.0046
33.696,0.5000,0.5031,0.5000,0.0049
33.728,0.5000,0.5029,0.5000,0.0052
33.760,0.5000,0.5027,0.5000,0.0054
33.792,0.5000,0.5025,0.5000,0.0057
33.824,0.5000,0.5024,0.5000,0.0060
33.856,0.5000,0.5022,0.5000,0.0062
33.888,0.5000,0.5020,0.5000,0.0065
33.920,0.5000,0.5018,0.5000,0.0067
33.952,0.5000,0.5016,0.5000,0.0070
33.984,0.5000,0.5014,0.5000,0.0072
34.016,0.5000,0.5013,0.5000,0.0075
34.048,0.5000,0.5011,0.5000,0.0078
34.080,0.5000,0.5009,0.5000,0.0080
34.112,0.5000,0.5007,0.5000,0.0083
34.144,0.5000,0.5005,0.5000,0.0085
34.176,0.5000,0.5004,0.5000,0.0087
34.208,0.5000,0.5002,0.5000,0.0090
34.240,0.5000,0.5000,0.5000,0.0092
34.272,0.5000,0.4998,0.5000,0.0095
34.304,0.5000,0.4996,0.5000,0.0097
34.336,0.5000,0.4995,0.5000,0.0100
34.368,0.5000,0.4993,0.5000,0.0102
34.400,0.5000,0.4991,0.5000,0.0104
34.432,0.5000,0.4989,0.5000,0.0107
34.464,0.5000,0.4988,0.5000,0.0109
34.496,0.5000,0.4986,0.5000,0.0111
34.528,0.5000,0.4984,0.5000,0.0114
34.560,0.5000,0.4982,0.5000,0.0116
34.592,0.5000,0.4981,0.5000,0.0118
34.624,0.5000,0.4979,0.5000,0.0120
34.656,0.5000,0.4977,0.5000,0.0123
34.688,0.5000,0.4975,0.5000,0.0125
34.720,0.5000,0.4974,0.5000,0.0127
34.752,0.5000,0.4972,0.5000,0.0129
34.784,0.5000,0.4970,0.5000,0.0131
34.816,0.5000,0.4969,0.5000,0.0134
34.848,0.5000,0.4967,0.5000,0.0136
34.880,0.5000,0.4965,0.5000,0.0138
34.912,0.5000,0.4964,0.5000,0.0140
34.944,0.5000,0.4962,0.5000,0.0142
34.976,0.5000,0.4960,0.5000,0.0144
35.008,0.5000,0.4959,0.5000,0.0146
35.040,0.5000,0.4957,0.5000,0.0148
35.072,0.5000,0.4956,0.5000,0.0150
35.104,0.5000,0.4954,0.5000,0.0152
35.136,0.5000,0.4952,0.5000,0.0154
35.168,0.5000,0.4951,0.5000,0.0156
35.200,0.5000,0.4949,0.5000,0.0158
35.232,0.5000,0.4948,0.5000,0.0160
35.264,0.5000,0.4946,0.5000,0.0162
35.296,0.5000,0.4944,0.5000,0.0164
35.328,0.5000,0.4943,0.5000,0.0165
35.360,0.5000,0.4941,0.5000,0.0167
35.392,0.5000,0.4940,0.5000,0.0169
35.424,0.5000,0.4938,0.5000,0.0171
35.456,0.5000,0.4937,0.5000,0.0173
35.488,0.5000,0.4935,0.5000,0.0174
35.520,0.5000,0.4934,0.5000,0.0176
35.552,0.5000,0.4932,0.5000,0.0178
35.584,0.5000,0.4931,0.5000,0.0179
35.616,0.5000,0.4929,0.5000,0.0181
35.648,0.5000,0.4928,0.5000,0.0183
35.680,0.5000,0.4927,0.5000,0.0184
35.712,0.5000,0.4925,0.5000,0.0186
35.744,0.5000,0.4924,0.5000,0.0188
35.776,0.5000,0.4922,0.5000,0.0189
35.808,0.5000,0.4921,0.5000,0.0191
35.840,0.5000,0.4919,0.5000,0.0192
35.872,0.5000,0.4918,0.5000,0.0194
35.904,0.5000,0.4917,0.5000,0.0195
35.936,0.5000,0.4915,0.5000,0.0197
35.968,0.5000,0.4914,0.5000,0.0198
36.000,0.5000,0.4913,0.5000,0.0200
36.032,0.5000,0.4911,0.5000,0.0201
36.064,0.5000,0.4910,0.5000,0.0202
36.096,0.5000,0.4909,0.5000,0.0204
36.128,0.5000,0.4908,0.5000,0.0205
36.160,0.5000,0.4906,0.5000,0.0206
36.192,0.5000,0.4905,0.5000,0.0208
36.224,0.5000,0.4904,0.5000,0.0209
36.256,0.5000,0.4902,0.5000,0.0210
36.288,0.5000,0.4901,0.5000,0.0211
36.320,0.5000,0.4900,0.5000,0.0213
36.352,0.5000,0.4899,0.5000,0.0214
36.384,0.5000,0.4898,0.5000,0.0215
36.416,0.5000,0.4896,0.5000,0.0216
36.448,0.5000,0.4895,0.5000,0.0217
36.480,0.5000,0.4894,0.5000,0.0218
36.512,0.5000,0.4893,0.5000,0.0219
36.544,0.5000,0.4892,0.5000,0.0220
36.576,0.5000,0.4891,0.5000,0.0221
36.608,0.5000,0.4890,0.5000,0.0222
36.640,0.5000,0.4889,0.5000,0.0223
36.672,0.5000,0.4887,0.5000,0.0224
36.704,0.5000,0.4886,0.5000,0.0225
36.736,0.5000,0.4885,0.5000,0.0226
36.768,0.5000,0.4884,0.5000,0.0227
36.800,0.5000,0.4883,0.5000,0.0228
36.832,0.5000,0.4882,0.5000,0.0229
36.864,0.5000,0.4881,0.5000,0.0230
36.896,0.5000,0.4880,0.5000,0.0230
36.928,0.5000,0.4879,0.5000,0.0231
36.960,0.5000,0.4878,0.5000,0.0232
36.992,0.5000,0.4877,0.5000,0.0233
37.024,0.5000,0.4876,0.5000,0.0233
37.056,0.5000,0.4876,0.5000,0.0234
37.088,0.5000,0.4875,0.5000,0.0235
37.120,0.5000,0.4874,0.5000,0.0235
37.152,0.5000,0.4873,0.5000,0.0236
37.184,0.5000,0.4872,0.5000,0.0237
37.216,0.5000,0.4871,0.5000,0.0237
37.248,0.5000,0.4870,0.5000,0.0238
37.280,0.5000,0.4869,0.5000,0.0239
37.312,0.5000,0.4869,0.5000,0.0240
37.344,0.5000,0.4868,0.5000,0.0240
37.376,0.5000,0.4867,0.5000,0.0241
37.408,0.5000,0.4866,0.5000,0.0241
37.440,0.5000,0.4865,0.5000,0.0242
37.472,0.5000,0.4865,0.5000,0.0242
37.504,0.5000,0.4864,0.5000,0.0243
37.536,0.5000,0.4863,0.5000,0.0243
37.568,0.5000,0.4862,0.5000,0.0244
37.600,0.5000,0.4862,0.5000,0.0244
37.632,0.5000,0.4861,0.5000,0.0245
37.664,0.5000,0.4860,0.5000,0.0245
37.696,0.5000,0.4860,0.5000,0.0245
37.728,0.5000,0.4859,0.5000,0.0246
37.760,0.5000,0.4858,0.5000,0.0246
37.792,0.5000,0.4858,0.5000,0.0246
37.824,0.5000,0.4857,0.5000,0.0246
37.856,0.5000,0.4856,0.5000,0.0247
37.888,0.5000,0.4856,0.5000,0.0247
37.920,0.5000,0.4855,0.5000,0.0247
37.952,0.5000,0.4855,0.5000,0.0247
37.984,0.5000,0.4854,0.5000,0.0247
38.016,0.5000,0.4854,0.5000,0.0247
38.048,0.5000,0.4853,0.5000,0.0247
38.080,0.5000,0.4853,0.5000,0.0247
38.112,0.5000,0.4852,0.5000,0.0247
38.144,0.5000,0.4852,0.5000,0.0247
38.176,0.5000,0.4851,0.5000,0.0247
38.208,0.5000,0.4851,0.5000,0.0246
38.240,0.5000,0.4850,0.5000,0.0246
38.272,0.5000,0.4850,0.5000,0.0246
38.304,0.5000,0.4850,0.5000,0.0246
38.336,0.5000,0.4849,0.5000,0.0246
38.368,0.5000,0.4849,0.5000,0.0245
38.400,0.5000,0.4849,0.5000,0.0245
38.432,0.5000,0.4848,0.5000,0.0245
38.464,0.5000,0.4848,0.5000,0.0245
38.496,0.5000,0.4848,0.5000,0.0244
38.528,0.5000,0.4847,0.5000,0.0244
38.560,0.5000,0.4847,0.5000,0.0243
38.592,0.5000,0.4847,0.5000,0.0243
38.624,0.5000,0.4846,0.5000,0.0243
38.656,0.5000,0.4846,0.5000,0.0242
38.688,0.5000,0.4846,0.5000,0.0242
38.720,0.5000,0.4846,0.5000,0.0241
38.752,0.5000,0.4846,0.5000,0.0241
38.784,0.5000,0.4846,0.5000,0.0240
38.816,0.5000,0.4845,0.5000,0.0240
38.848,0.5000,0.4845,0.5000,0.0239
38.880,0.5000,0.4845,0.5000,0.0239
38.912,0.5000,0.4845,0.5000,0.0238
38.944,0.5000,0.4845,0.5000,0.0238
38.976,0.5000,0.4845,0.5000,0.0237
39.008,0.5000,0.4845,0.5000,0.0236
39.040,0.5000,0.4845,0.5000,0.0236
39.072,0.5000,0.4845,0.5000,0.0235
39.104,0.5000,0.4845,0.5000,0.0234
39.136,0.5000,0.4845,0.5000,0.0233
39.168,0.5000,0.4845,0.5000,0.0233
39.200,0.5000,0.4845,0.5000,0.0232
39.232,0.5000,0.4845,0.5000,0.0231
39.264,0.5000,0.4845,0.5000,0.0230
39.296,0.5000,0.4845,0.5000,0.0230
39.328,0.5000,0.4845,0.5000,0.0229
39.360,0.5000,0.4845,0.5000,0.0228
39.392,0.5000,0.4845,0.5000,0.0227
39.424,0.5000,0.4845,0.5000,0.0226
39.456,0.5000,0.4845,0.5000,0.0225
39.488,0.5000,0.4845,0.5000,0.0224
39.520,0.5000,0.4846,0.5000,0.0223
39.552,0.5000,0.4846,0.5000,0.0222
39.584,0.5000,0.4846,0.5000,0.0221
39.616,0.5000,0.4846,0.5000,0.0220
39.648,0.5000,0.4846,0.5000,0.0219
39.680,0.5000,0.4847,0.5000,0.0218
39.712,0.5000,0.4847,0.5000,0.0217
39.744,0.5000,0.4847,0.5000,0.0216
39.776,0.5000,0.4847,0.5000,0.0215
39.808,0.5000,0.4848,0.5000,0.0214
39.840,0.5000,0.4848,0.5000,0.0213
39.872,0.5000,0.4848,0.5000,0.0212
39.904,0.5000,0.4849,0.5000,0.0211
39.936,0.5000,0.4849,0.5000,0.0210
39.968,0.5000,0.4849,0.5000,0.0208
40.000,0.5000,0.4850,0.5000,0.0207
40.032,0.5000,0.4850,0.5000,0.0206
40.064,0.5000,0.4850,0.5000,0.0205
40.096,0.5000,0.4851,0.5000,0.0204
40.128,0.5000,0.4851,0.5000,0.0202
40.160,0.5000,0.4852,0.5000,0.0201
40.192,0.5000,0.4852,0.5000,0.0200
40.224,0.5000,0.4852,0.5000,0.0198
40.256,0.5000,0.4853,0.5000,0.0197
40.288,0.5000,0.4853,0.5000,0.0196
40.320,0.5000,0.4854,0.5000,0.0195
40.352,0.5000,0.4854,0.5000,0.0193
40.384,0.5000,0.4855,0.5000,0.0192
40.416,0.5000,0.4855,0.5000,0.0190
40.448,0.5000,0.4856,0.5000,0.0189
40.480,0.5000,0.4856,0.5000,0.0188
40.512,0.5000,0.4857,0.5000,0.0186
40.544,0.5000,0.4858,0.5000,0.0185
40.576,0.5000,0.4858,0.5000,0.0183
40.608,0.5000,0.4859,0.5000,0.0182
40.640,0.5000,0.4859,0.5000,0.0180
40.672,0.5000,0.4860,0.5000,0.0179
40.704,0.5000,0.4860,0.5000,0.0177
40.736,0.5000,0.4861,0.5000,0.0176
40.768,0.5000,0.4862,0.5000,0.0174
40.800,0.5000,0.4862,0.5000,0.0173
40.832,0.5000,0.4863,0.5000,0.0171
40.864,0.5000,0.4864,0.5000,0.0170
40.896,0.5000,0.4864,0.5000,0.0168
40.928,0.5000,0.4865,0.5000,0.0167
40.960,0.5000,0.4866,0.5000,0.0165
40.992,0.5000,0.4867,0.5000,0.0164
41.024,0.5000,0.4867,0.5000,0.0162
41.056,0.5000,0.4868,0.5000,0.0160
41.088,0.5000,0.4869,0.5000,0.0159
41.120,0.5000,0.4869,0.5000,0.0157
41.152,0.5000,0.4870,0.5000,0.0155
41.184,0.5000,0.4871,0.5000,0.0154
41.216,0.5000,0.4872,0.5000,0.0152
41.248,0.5000,0.4873,0.5000,0.0150
41.280,0.5000,0.4873,0.5000,0.0149
41.312,0.5000,0.4874,0.5000,0.0147
41.344,0.5000,0.4875,0.5000,0.0145
41.376,0.5000,0.4876,0.5000,0.0144
41.408,0.5000,0.4877,0.5000,0.0142
41.440,0.5000,0.4877,0.5000,0.0140
41.472,0.5000,0.4878,0.5000,0.0139
41.504,0.5000,0.4879,0.5000,0.0137
41.536,0.5000,0.4880,0.5000,0.0135
41.568,0.5000,0.4881,0.5000,0.0133
41.600,0.5000,0.4882,0.5000,0.0132
41.632,0.5000,0.4883,0.5000,0.0130
41.664,0.5000,0.4884,0.5000,0.0128
41.696,0.5000,0.4885,0.5000,0.0126
41.728,0.5000,0.4885,0.5000,0.0124
41.760,0.5000,0.4886,0.5000,0.0123
41.792,0.5000,0.4887,0.5000,0.0121
41.824,0.5000,0.4888,0.5000,0.0119
41.856,0.5000,0.4889,0.5000,0.0117
41.888,0.5000,0.4890,0.5000,0.0115
41.920,0.5000,0.4891,0.5000,0.0114
41.952,0.5000,0.4892,0.5000,0.0112
41.984,0.5000,0.4893,0.5000,0.0110
42.016,0.5000,0.4894,0.5000,0.0108
42.048,0.5000,0.4895,0.5000,0.0106
42.080,0.5000,0.4896,0.5000,0.0104
42.112,0.5000,0.4897,0.5000,0.0103
42.144,0.5000,0.4898,0.5000,0.0101
42.176,0.5000,0.4899,0.5000,0.0099
42.208,0.5000,0.4900,0.5000,0.0097
42.240,0.5000,0.4901,0.5000,0.0095
42.272,0.5000,0.4902,0.5000,0.0093
42.304,0.5000,0.4903,0.5000,0.0091
42.336,0.5000,0.4904,0.5000,0.0090
42.368,0.5000,0.4905,0.5000,0.0088
42.400,0.5000,0.4906,0.5000,0.0086
42.432,0.5000,0.4907,0.5000,0.0084
42.464,0.5000,0.4909,0.5000,0.0082
42.496,0.5000,0.4910,0.5000,0.0080
42.528,0.5000,0.4911,0.5000,0.0078
42.560,0.5000,0.4912,0.5000,0.0076
42.592,0.5000,0.4913,0.5000,0.0074
42.624,0.5000,0.4914,0.5000,0.0073
42.656,0.5000,0.4915,0.5000,0.0071
42.688,0.5000,0.4916,0.5000,0.0069
42.720,0.5000,0.4917,0.5000,0.0067
42.752,0.5000,0.4918,0.5000,0.0065
42.784,0.5000,0.4919,0.5000,0.0063
42.816,0.5000,0.4921,0.5000,0.0061
42.848,0.5000,0.4922,0.5000,0.0059
42.880,0.5000,0.4923,0.5000,0.0057
42.912,0.5000,0.4924,0.5000,0.0056
42.944,0.5000,0.4925,0.5000,0.0054
42.976,0.5000,0.4926,0.5000,0.0052
43.008,0.5000,0.4927,0.5000,0.0050
43.040,0.5000,0.4929,0.5000,0.0048
43.072,0.5000,0.4930,0.5000,0.0046
43.104,0.5000,0.4931,0.5000,0.0044
43.136,0.5000,0.4932,0.5000,0.0042
43.168,0.5000,0.4933,0.5000,0.0040
43.200,0.5000,0.4934,0.5000,0.0038
43.232,0.5000,0.4936,0.5000,0.0037
43.264,0.5000,0.4937,0.5000,0.0035
43.296,0.5000,0.4938,0.5000,0.0033
43.328,0.5000,0.4939,0.5000,0.0031
43.360,0.5000,0.4940,0.5000,0.0029
43.392,0.5000,0.4941,0.5000,0.0027
43.424,0.5000,0.4943,0.5000,0.0025
43.456,0.5000,0.4944,0.5000,0.0023
43.488,0.5000,0.4945,0.5000,0.0022
43.520,0.5000,0.4946,0.5000,0.0020
43.552,0.5000,0.4947,0.5000,0.0018
43.584,0.5000,0.4948,0.5000,0.0016
43.616,0.5000,0.4950,0.5000,0.0014
43.648,0.5000,0.4951,0.5000,0.0012
43.680,0.5000,0.4952,0.5000,0.0010
43.712,0.5000,0.4953,0.5000,0.0009
43.744,0.5000,0.4954,0.5000,0.0007
43.776,0.5000,0.4956,0.5000,0.0005
43.808,0.5000,0.4957,0.5000,0.0003
43.840,0.5000,0.4958,0.5000,0.0001
43.872,0.5000,0.4959,0.5000,-0.0001
43.904,0.5000,0.4960,0.5000,-0.0002
43.936,0.5000,0.4962,0.5000,-0.0004
43.968,0.5000,0.4963,0.5000,-0.0006
44.000,0.5000,0.4964,0.5000,-0.0008
44.032,0.5000,0.4965,0.5000,-0.0010
44.064,0.5000,0.4966,0.5000,-0.0011
44.096,0.5000,0.4968,0.5000,-0.0013
44.128,0.5000,0.4969,0.5000,-0.0015
44.160,0.5000,0.4970,0.5000,-0.0017
44.192,0.5000,0.4971,0.5000,-0.0019
44.224,0.5000,0.4972,0.5000,-0.0020
44.256,0.5000,0.4974,0.5000,-0.0022
44.288,0.5000,0.4975,0.5000,-0.0024
44.320,0.5000,0.4976,0.5000,-0.0026
44.352,0.5000,0.4977,0.5000,-0.0027
44.384,0.5000,0.4978,0.5000,-0.0029
44.416,0.5000,0.4980,0.5000,-0.0031
44.448,0.5000,0.4981,0.5000,-0.0032
44.480,0.5000,0.4982,0.5000,-0.0034
44.512,0.5000,0.4983,0.5000,-0.0036
44.544,0.5000,0.4984,0.5000,-0.0038
44.576,0.5000,0.4986,0.5000,-0.0039
44.608,0.5000,0.4987,0.5000,-0.0041
44.640,0.5000,0.4988,0.5000,-0.0043
44.672,0.5000,0.4989,0.5000,-0.0044
44.704,0.5000,0.4990,0.5000,-0.0046
44.736,0.5000,0.4991,0.5000,-0.0048
44.768,0.5000,0.4993,0.5000,-0.0049
44.800,0.5000,0.4994,0.5000,-0.0051
44.832,0.5000,0.4995,0.5000,-0.0052
44.864,0.5000,0.4996,0.5000,-0.0054
44.896,0.5000,0.4997,0.5000,-0.0056
44.928,0.5000,0.4998,0.5000,-0.0057
44.960,0.5000,0.5000,0.5000,-0.0059
44.992,0.5000,0.5001,0.5000,-0.0060
45.024,0.5000,0.5002,0.5000,-0.0062
45.056,0.5000,0.5003,0.5000,-0.0063
45.088,0.5000,0.5004,0.5000,-0.0065
45.120,0.5000,0.5005,0.5000,-0.0067
45.152,0.5000,0.5006,0.5000,-0.0068
45.184,0.5000,0.5008,0.5000,-0.0070
45.216,0.5000,0.5009,0.5000,-0.0071
45.248,0.5000,0.5010,0.5000,-0.0073
45.280,0.5000,0.5011,0.5000,-0.0074
45.312,0.5000,0.5012,0.5000,-0.0076
45.344,0.5000,0.5013,0.5000,-0.0077
45.376,0.5000,0.5014,0.5000,-0.0078
45.408,0.5000,0.5015,0.5000,-0.0080
45.440,0.5000,0.5016,0.5000,-0.0081
45.472,0.5000,0.5018,0.5000,-0.0083
45.504,0.5000,0.5019,0.5000,-0.0084
45.536,0.5000,0.5020,0.5000,-0.0086
45.568,0.5000,0.5021,0.5000,-0.0087
45.600,0.5000,0.5022,0.5000,-0.0088
45.632,0.5000,0.5023,0.5000,-0.0090
45.664,0.5000,0.5024,0.5000,-0.0091
45.696,0.5000,0.5025,0.5000,-0.0092
45.728,0.5000,0.5026,0.5000,-0.0094
45.760,0.5000,0.5027,0.5000,-0.0095
45.792,0.5000,0.5028,0.5000,-0.0096
45.824,0.5000,0.5029,0.5000,-0.0098
45.856,0.5000,0.5030,0.5000,-0.0099
45.888,0.5000,0.5031,0.5000,-0.0100
45.920,0.5000,0.5032,0.5000,-0.0101
45.952,0.5000,0.5033,0.5000,-0.0103
45.984,0.5000,0.5034,0.5000,-0.0104
46.016,0.5000,0.5035,0.5000,-0.0105
46.048,0.5000,0.5036,0.5000,-0.0106
46.080,0.5000,0.5037,0.5000,-0.0107
46.112,0.5000,0.5038,0.5000,-0.0109
46.144,0.5000,0.5039,0.5000,-0.0110
46.176,0.5000,0.5040,0.5000,-0.0111
46.208,0.5000,0.5041,0.5000,-0.0112
46.240,0.5000,0.5042,0.5000,-0.0113
46.272,0.5000,0.5043,0.5000,-0.0114
46.304,0.5000,0.5044,0.5000,-0.0115
46.336,0.5000,0.5045,0.5000,-0.0117
46.368,0.5000,0.5046,0.5000,-0.0118
46.400,0.5000,0.5047,0.5000,-0.0119
46.432,0.5000,0.5048,0.5000,-0.0120
46.464,0.5000,0.5049,0.5000,-0.0121
46.496,0.5000,0.5050,0.5000,-0.0122
46.528,0.5000,0.5051,0.5000,-0.0123
46.560,0.5000,0.5052,0.5000,-0.0124
46.592,0.5000,0.5052,0.5000,-0.0125
46.624,0.5000,0.5053,0.5000,-0.0126
46.656,0.5000,0.5054,0.5000,-0.0127
46.688,0.5000,0.5055,0.5000,-0.0128
46.720,0.5000,0.5056,0.5000,-0.0129
46.752,0.5000,0.5057,0.5000,-0.0130
46.784,0.5000,0.5058,0.5000,-0.0130
46.816,0.5000,0.5059,0.5000,-0.0131
46.848,0.5000,0.5059,0.5000,-0.0132
46.880,0.5000,0.5060,0.5000,-0.0133
46.912,0.5000,0.5061,0.5000,-0.0134
46.944,0.5000,0.5062,0.5000,-0.0135
46.976,0.5000,0.5063,0.5000,-0.0136
47.008,0.5000,0.5063,0.5000,-0.0137
47.040,0.5000,0.5064,0.5000,-0.0138
47.072,0.5000,0.5065,0.5000,-0.0139
47.104,0.5000,0.5066,0.5000,-0.0140
47.136,0.5000,0.5067,0.5000,-0.0141
47.168,0.5000,0.5067,0.5000,-0.0141
47.200,0.5000,0.5068,0.5000,-0.0142
47.232,0.5000,0.5069,0.5000,-0.0143
47.264,0.5000,0.5070,0.5000,-0.0144
47.296,0.5000,0.5070,0.5000,-0.0144
47.328,0.5000,0.5071,0.5000,-0.0145
47.360,0.5000,0.5072,0.5000,-0.0146
47.392,0.5000,0.5073,0.5000,-0.0146
47.424,0.5000,0.5073,0.5000,-0.0147
47.456,0.5000,0.5074,0.5000,-0.0148
47.488,0.5000,0.5075,0.5000,-0.0148
47.520,0.5000,0.5076,0.5000,-0.0149
47.552,0.5000,0.5076,0.5000,-0.0150
47.584,0.5000,0.5077,0.5000,-0.0150
47.616,0.5000,0.5078,0.5000,-0.0151
47.648,0.5000,0.5078,0.5000,-0.0151
47.680,0.5000,0.5079,0.5000,-0.0152
47.712,0.5000,0.5079,0.5000,-0.0152
47.744,0.5000,0.5080,0.5000,-0.0153
47.776,0.5000,0.5081,0.5000,-0.0153
47.808,0.5000,0.5081,0.5000,-0.0154
47.840,0.5000,0.5082,0.5000,-0.0154
47.872,0.5000,0.5083,0.5000,-0.0155
47.904,0.5000,0.5083,0.5000,-0.0155
47.936,0.5000,0.5084,0.5000,-0.0155
47.968,0.5000,0.5084,0.5000,-0.0156
48.000,0.5000,0.5085,0.5000,-0.0156
48.032,0.5000,0.5085,0.5000,-0.0156
48.064,0.5000,0.5086,0.5000,-0.0157
48.096,0.5000,0.5086,0.5000,-0.0157
48.128,0.5000,0.5087,0.5000,-0.0157
48.160,0.5000,0.5087,0.5000,-0.0158
48.192,0.5000,0.5088,0.5000,-0.0158
48.224,0.5000,0.5088,0.5000,-0.0158
48.256,0.5000,0.5089,0.5000,-0.0158
48.288,0.5000,0.5089,0.5000,-0.0158
48.320,0.5000,0.5090,0.5000,-0.0159
48.352,0.5000,0.5090,0.5000,-0.0159
48.384,0.5000,0.5091,0.5000,-0.0159
48.416,0.5000,0.5091,0.5000,-0.0159
48.448,0.5000,0.5092,0.5000,-0.0159
48.480,0.5000,0.5092,0.5000,-0.0159
48.512,0.5000,0.5092,0.5000,-0.0159
48.544,0.5000,0.5093,0.5000,-0.0159
48.576,0.5000,0.5093,0.5000,-0.0160
48.608,0.5000,0.5094,0.5000,-0.0160
48.640,0.5000,0.5094,0.5000,-0.0160
48.672,0.5000,0.5094,0.5000,-0.0160
48.704,0.5000,0.5095,0.5000,-0.0160
48.736,0.5000,0.5095,0.5000,-0.0160
48.768,0.5000,0.5095,0.5000,-0.0160
48.800,0.5000,0.5096,0.5000,-0.0160
48.832,0.5000,0.5096,0.5000,-0.0160
48.864,0.5000,0.5096,0.5000,-0.0160
48.896,0.5000,0.5096,0.5000,-0.0159
48.928,0.5000,0.5097,0.5000,-0.0159
48.960,0.5000,0.5097,0.5000,-0.0159
48.992,0.5000,0.5097,0.5000,-0.0159
49.024,0.5000,0.5098,0.5000,-0.0159
49.056,0.5000,0.5098,0.5000,-0.0159
49.088,0.5000,0.5098,0.5000,-0.0159
49.120,0.5000,0.5098,0.5000,-0.0159
49.152,0.5000,0.5098,0.5000,-0.0158
49.184,0.5000,0.5099,0.5000,-0.0158
49.216,0.5000,0.5099,0.5000,-0.0158
49.248,0.5000,0.5099,0.5000,-0.0158
49.280,0.5000,0.5099,0.5000,-0.0158
49.312,0.5000,0.5099,0.5000,-0.0157
49.344,0.5000,0.5099,0.5000,-0.0157
49.376,0.5000,0.5100,0.5000,-0.0157
49.408,0.5000,0.5100,0.5000,-0.0157
49.440,0.5000,0.5100,0.5000,-0.0156
49.472,0.5000,0.5100,0.5000,-0.0156
49.504,0.5000,0.5100,0.5000,-0.0156
49.536,0.5000,0.5100,0.5000,-0.0155
49.568,0.5000,0.5100,0.5000,-0.0155
49.600,0.5000,0.5100,0.5000,-0.0155
49.632,0.5000,0.5100,0.5000,-0.0154
49.664,0.5000,0.5100,0.5000,-0.0154
49.696,0.5000,0.5101,0.5000,-0.0153
49.728,0.5000,0.5101,0.5000,-0.0153
49.760,0.5000,0.5101,0.5000,-0.0153
49.792,0.5000,0.5101,0.5000,-0.0152
49.824,0.5000,0.5101,0.5000,-0.0152
49.856,0.5000,0.5101,0.5000,-0.0151
49.888,0.5000,0.5101,0.5000,-0.0151
49.920,0.5000,0.5101,0.5000,-0.0150
49.952,0.5000,0.5101,0.5000,-0.0150
49.984,0.5000,0.5101,0.5000,-0.0149
50.016,0.5000,0.5101,0.5000,-0.0149
50.048,0.5000,0.5100,0.5000,-0.0148
50.080,0.5000,0.5100,0.5000,-0.0147
50.112,0.5000,0.5100,0.5000,-0.0147
50.144,0.5000,0.5100,0.5000,-0.0146
50.176,0.5000,0.5100,0.5000,-0.0146
50.208,0.5000,0.5100,0.5000,-0.0145
50.240,0.5000,0.5100,0.5000,-0.0144
50.272,0.5000,0.5100,0.5000,-0.0144
50.304,0.5000,0.5100,0.5000,-0.0143
50.336,0.5000,0.5100,0.5000,-0.0142
50.368,0.5000,0.5099,0.5000,-0.0142
50.400,0.5000,0.5099,0.5000,-0.0141
50.432,0.5000,0.5099,0.5000,-0.0140
50.464,0.5000,0.5099,0.5000,-0.0140
50.496,0.5000,0.5099,0.5000,-0.0139
50.528,0.5000,0.5099,0.5000,-0.0138
50.560,0.5000,0.5098,0.5000,-0.0137
50.592,0.5000,0.5098,0.5000,-0.0137
50.624,0.5000,0.5098,0.5000,-0.0136
50.656,0.5000,0.5098,0.5000,-0.0135
50.688,0.5000,0.5098,0.5000,-0.0134
50.720,0.5000,0.5097,0.5000,-0.0134
50.752,0.5000,0.5097,0.5000,-0.0133
50.784,0.5000,0.5097,0.5000,-0.0132
50.816,0.5000,0.5097,0.5000,-0.0131
50.848,0.5000,0.5096,0.5000,-0.0130
50.880,0.5000,0.5096,0.5000,-0.0130
50.912,0.5000,0.5096,0.5000,-0.0129
50.944,0.5000,0.5095,0.5000,-0.0128
50.976,0.5000,0.5095,0.5000,-0.0127
51.008,0.5000,0.5095,0.5000,-0.0126
51.040,0.5000,0.5094,0.5000,-0.0125
51.072,0.5000,0.5094,0.5000,-0.0124
51.104,0.5000,0.5094,0.5000,-0.0123
51.136,0.5000,0.5093,0.5000,-0.0123
51.168,0.5000,0.5093,0.5000,-0.0122
51.200,0.5000,0.5093,0.5000,-0.0121
51.232,0.5000,0.5092,0.5000,-0.0120
51.264,0.5000,0.5092,0.5000,-0.0119
51.296,0.5000,0.5092,0.5000,-0.0118
51.328,0.5000,0.5091,0.5000,-0.0117
51.360,0.5000,0.5091,0.5000,-0.0116
51.392,0.5000,0.5090,0.5000,-0.0115
51.424,0.5000,0.5090,0.5000,-0.0114
51.456,0.5000,0.5090,0.5000,-0.0113
51.488,0.5000,0.5089,0.5000,-0.0112
51.520,0.5000,0.5089,0.5000,-0.0111
51.552,0.5000,0.5088,0.5000,-0.0110
51.584,0.5000,0.5088,0.5000,-0.0109
51.616,0.5000,0.5087,0.5000,-0.0108
51.648,0.5000,0.5087,0.5000,-0.0107
51.680,0.5000,0.5086,0.5000,-0.0106
51.712,0.5000,0.5086,0.5000,-0.0105
51.744,0.5000,0.5086,0.5000,-0.0104
51.776,0.5000,0.5085,0.5000,-0.0103
51.808,0.5000,0.5085,0.5000,-0.0102
51.840,0.5000,0.5084,0.5000,-0.0100
51.872,0.5000,0.5084,0.5000,-0.0099
51.904,0.5000,0.5083,0.5000,-0.0098
51.936,0.5000,0.5083,0.5000,-0.0097
51.968,0.5000,0.5082,0.5000,-0.0096
52.000,0.5000,0.5081,0.5000,-0.0095
52.032,0.5000,0.5081,0.5000,-0.0094
52.064,0.5000,0.5080,0.5000,-0.0093
52.096,0.5000,0.5080,0.5000,-0.0092
52.128,0.5000,0.5079,0.5000,-0.0090
52.160,0.5000,0.5079,0.5000,-0.0089
52.192,0.5000,0.5078,0.5000,-0.0088
52.224,0.5000,0.5078,0.5000,-0.0087
52.256,0.5000,0.5077,0.5000,-0.0086
52.288,0.5000,0.5076,0.5000,-0.0085
52.320,0.5000,0.5076,0.5000,-0.0084
52.352,0.5000,0.5075,0.5000,-0.0082
52.384,0.5000,0.5075,0.5000,-0.0081
52.416,0.5000,0.5074,0.5000,-0.0080
52.448,0.5000,0.5073,0.5000,-0.0079
52.480,0.5000,0.5073,0.5000,-0.0078
52.512,0.5000,0.5072,0.5000,-0.0077
52.544,0.5000,0.5072,0.5000,-0.0075
52.576,0.5000,0.5071,0.5000,-0.0074
52.608,0.5000,0.5070,0.5000,-0.0073
52.640,0.5000,0.5070,0.5000,-0.0072
52.672,0.5000,0.5069,0.5000,-0.0071
52.704,0.5000,0.5068,0.5000,-0.0069
52.736,0.5000,0.5068,0.5000,-0.0068
52.768,0.5000,0.5067,0.5000,-0.0067
52.800,0.5000,0.5066,0.5000,-0.0066
52.832,0.5000,0.5066,0.5000,-0.0065
52.864,0.5000,0.5065,0.5000,-0.0063
52.896,0.5000,0.5064,0.5000,-0.0062
52.928,0.5000,0.5064,0.5000,-0.0061
52.960,0.5000,0.5063,0.5000,-0.0060
52.992,0.5000,0.5062,0.5000,-0.0058
53.024,0.5000,0.5062,0.5000,-0.0057
53.056,0.5000,0.5061,0.5000,-0.0056
53.088,0.5000,0.5060,0.5000,-0.0055
53.120,0.5000,0.5060,0.5000,-0.0053
53.152,0.5000,0.5059,0.5000,-0.0052
53.184,0.5000,0.5058,0.5000,-0.0051
53.216,0.5000,0.5058,0.5000,-0.0050
53.248,0.5000,0.5057,0.5000,-0.0049
53.280,0.5000,0.5056,0.5000,-0.0047
53.312,0.5000,0.5055,0.5000,-0.0046
53.344,0.5000,0.5055,0.5000,-0.0045
53.376,0.5000,0.5054,0.5000,-0.0044
53.408,0.5000,0.5053,0.5000,-0.0042
53.440,0.5000,0.5052,0.5000,-0.0041
53.472,0.5000,0.5052,0.5000,-0.0040
53.504,0.5000,0.5051,0.5000,-0.0039
53.536,0.5000,0.5050,0.5000,-0.0037
53.568,0.5000,0.5050,0.5000,-0.0036
53.600,0.5000,0.5049,0.5000,-0.0035
53.632,0.5000,0.5048,0.5000,-0.0034
53.664,0.5000,0.5047,0.5000,-0.0032
53.696,0.5000,0.5047,0.5000,-0.0031
53.728,0.5000,0.5046,0.5000,-0.0030
53.760,0.5000,0.5045,0.5000,-0.0029
53.792,0.5000,0.5044,0.5000,-0.0027
53.824,0.5000,0.5044,0.5000,-0.0026
53.856,0.5000,0.5043,0.5000,-0.0025
53.888,0.5000,0.5042,0.5000,-0.0024
53.920,0.5000,0.5041,0.5000,-0.0022
53.952,0.5000,0.5040,0.5000,-0.0021
53.984,0.5000,0.5040,0.5000,-0.0020
54.016,0.5000,0.5039,0.5000,-0.0019
54.048,0.5000,0.5038,0.5000,-0.0017
54.080,0.5000,0.5037,0.5000,-0.0016
54.112,0.5000,0.5037,0.5000,-0.0015
54.144,0.5000,0.5036,0.5000,-0.0014
54.176,0.5000,0.5035,0.5000,-0.0012
54.208,0.5000,0.5034,0.5000,-0.0011
54.240,0.5000,0.5033,0.5000,-0.0010
54.272,0.5000,0.5033,0.5000,-0.0009
54.304,0.5000,0.5032,0.5000,-0.0008
54.336,0.5000,0.5031,0.5000,-0.0006
54.368,0.5000,0.5030,0.5000,-0.0005
54.400,0.5000,0.5030,0.5000,-0.0004
54.432,0.5000,0.5029,0.5000,-0.0003
54.464,0.5000,0.5028,0.5000,-0.0001
54.496,0.5000,0.5027,0.5000,-0.0000
54.528,0.5000,0.5026,0.5000,0.0001
54.560,0.5000,0.5026,0.5000,0.0002
54.592,0.5000,0.5025,0.5000,0.0003
54.624,0.5000,0.5024,0.5000,0.0005
54.656,0.5000,0.5023,0.5000,0.0006
54.688,0.5000,0.5022,0.5000,0.0007
54.720,0.5000,0.5022,0.5000,0.0008
54.752,0.5000,0.5021,0.5000,0.0009
54.784,0.5000,0.5020,0.5000,0.0010
54.816,0.5000,0.5019,0.5000,0.0012
54.848,0.5000,0.5019,0.5000,0.0013
54.880,0.5000,0.5018,0.5000,0.0014
54.912,0.5000,0.5017,0.5000,0.0015
54.944,0.5000,0.5016,0.5000,0.0016
54.976,0.5000,0.5015,0.5000,0.0017
55.008,0.5000,0.5015,0.5000,0.0019
55.040,0.5000,0.5014,0.5000,0.0020
55.072,0.5000,0.5013,0.5000,0.0021
55.104,0.5000,0.5012,0.5000,0.0022
55.136,0.5000,0.5011,0.5000,0.0023
55.168,0.5000,0.5011,0.5000,0.0024
55.200,0.5000,0.5010,0.5000,0.0025
55.232,0.5000,0.5009,0.5000,0.0027
55.264,0.5000,0.5008,0.5000,0.0028
55.296,0.5000,0.5008,0.5000,0.0029
55.328,0.5000,0.5007,0.5000,0.0030
55.360,0.5000,0.5006,0.5000,0.0031
55.392,0.5000,0.5005,0.5000,0.0032
55.424,0.5000,0.5004,0.5000,0.0033
55.456,0.5000,0.5004,0.5000,0.0034
55.488,0.5000,0.5003,0.5000,0.0036
55.520,0.5000,0.5002,0.5000,0.0037
55.552,0.5000,0.5001,0.5000,0.0038
55.584,0.5000,0.5001,0.5000,0.0039
55.616,0.5000,0.5000,0.5000,0.0040
55.648,0.5000,0.4999,0.5000,0.0041
55.680,0.5000,0.4998,0.5000,0.0042
55.712,0.5000,0.4998,0.5000,0.0043
55.744,0.5000,0.4997,0.5000,0.0044
55.776,0.5000,0.4996,0.5000,0.0045
55.808,0.5000,0.4995,0.5000,0.0046
55.840,0.5000,0.4994,0.5000,0.0047
55.872,0.5000,0.4994,0.5000,0.0048
55.904,0.5000,0.4993,0.5000,0.0049
55.936,0.5000,0.4992,0.5000,0.0050
55.968,0.5000,0.4991,0.5000,0.0051
56.000,0.5000,0.4991,0.5000,0.0052
56.032,0.5000,0.4990,0.5000,0.0053
56.064,0.5000,0.4989,0.5000,0.0054
56.096,0.5000,0.4989,0.5000,0.0055
56.128,0.5000,0.4988,0.5000,0.0056
56.160,0.5000,0.4987,0.5000,0.0057
56.192,0.5000,0.4986,0.5000,0.0058
56.224,0.5000,0.4986,0.5000,0.0059
56.256,0.5000,0.4985,0.5000,0.0060
56.288,0.5000,0.4984,0.5000,0.0061
56.320,0.5000,0.4983,0.5000,0.0062
56.352,0.5000,0.4983,0.5000,0.0063
56.384,0.5000,0.4982,0.5000,0.0063
56.416,0.5000,0.4981,0.5000,0.0064
56.448,0.5000,0.4981,0.5000,0.0065
56.480,0.5000,0.4980,0.5000,0.0066
56.512,0.5000,0.4979,0.5000,0.0067
56.544,0.5000,0.4979,0.5000,0.0068
56.576,0.5000,0.4978,0.5000,0.0069
56.608,0.5000,0.4977,0.5000,0.0069
56.640,0.5000,0.4976,0.5000,0.0070
56.672,0.5000,0.4976,0.5000,0.0071
56.704,0.5000,0.4975,0.5000,0.0072
56.736,0.5000,0.4974,0.5000,0.0073
56.768,0.5000,0.4974,0.5000,0.0073
56.800,0.5000,0.4973,0.5000,0.0074
56.832,0.5000,0.4973,0.5000,0.0075
56.864,0.5000,0.4972,0.5000,0.0076
56.896,0.5000,0.4971,0.5000,0.0076
56.928,0.5000,0.4971,0.5000,0.0077
56.960,0.5000,0.4970,0.5000,0.0078
56.992,0.5000,0.4969,0.5000,0.0079
57.024,0.5000,0.4969,0.5000,0.0079
57.056,0.5000,0.4968,0.5000,0.0080
57.088,0.5000,0.4967,0.5000,0.0081
57.120,0.5000,0.4967,0.5000,0.0081
57.152,0.5000,0.4966,0.5000,0.0082
57.184,0.5000,0.4966,0.5000,0.0083
57.216,0.5000,0.4965,0.5000,0.0083
57.248,0.5000,0.4964,0.5000,0.0084
57.280,0.5000,0.4964,0.5000,0.0085
57.312,0.5000,0.4963,0.5000,0.0085
57.344,0.5000,0.4963,0.5000,0.0086
57.376,0.5000,0.4962,0.5000,0.0086
57.408,0.5000,0.4962,0.5000,0.0087
57.440,0.5000,0.4961,0.5000,0.0088
57.472,0.5000,0.4960,0.5000,0.0088
57.504,0.5000,0.4960,0.5000,0.0089
57.536,0.5000,0.4959,0.5000,0.0089
57.568,0.5000,0.4959,0.5000,0.0090
57.600,0.5000,0.4958,0.5000,0.0090
57.632,0.5000,0.4958,0.5000,0.0091
57.664,0.5000,0.4957,0.5000,0.0091
57.696,0.5000,0.4957,0.5000,0.0092
57.728,0.5000,0.4956,0.5000,0.0092
57.760,0.5000,0.4956,0.5000,0.0093
57.792,0.5000,0.4955,0.5000,0.0093
57.824,0.5000,0.4955,0.5000,0.0094
57.856,0.5000,0.4954,0.5000,0.0094
57.888,0.5000,0.4954,0.5000,0.0095
57.920,0.5000,0.4953,0.5000,0.0095
57.952,0.5000,0.4953,0.5000,0.0096
57.984,0.5000,0.4952,0.5000,0.0096
58.016,0.5000,0.4952,0.5000,0.0096
58.048,0.5000,0.4951,0.5000,0.0097
58.080,0.5000,0.4951,0.5000,0.0097
58.112,0.5000,0.4950,0.5000,0.0098
58.144,0.5000,0.4950,0.5000,0.0098
58.176,0.5000,0.4949,0.5000,0.0098
58.208,0.5000,0.4949,0.5000,0.0099
58.240,0.5000,0.4949,0.5000,0.0099
58.272,0.5000,0.4948,0.5000,0.0099
58.304,0.5000,0.4948,0.5000,0.0100
58.336,0.5000,0.4947,0.5000,0.0100
58.368,0.5000,0.4947,0.5000,0.0100
58.400,0.5000,0.4947,0.5000,0.0101
58.432,0.5000,0.4946,0.5000,0.0101
58.464,0.5000,0.4946,0.5000,0.0101
58.496,0.5000,0.4945,0.5000,0.0101
58.528,0.5000,0.4945,0.5000,0.0102
58.560,0.5000,0.4945,0.5000,0.0102
58.592,0.5000,0.4944,0.5000,0.0102
58.624,0.5000,0.4944,0.5000,0.0102
58.656,0.5000,0.4944,0.5000,0.0103
58.688,0.5000,0.4943,0.5000,0.0103
58.720,0.5000,0.4943,0.5000,0.0103
58.752,0.5000,0.4943,0.5000,0.0103
58.784,0.5000,0.4942,0.5000,0.0103
58.816,0.5000,0.4942,0.5000,0.0103
58.848,0.5000,0.4942,0.5000,0.0104
58.880,0.5000,0.4941,0.5000,0.0104
58.912,0.5000,0.4941,0.5000,0.0104
58.944,0.5000,0.4941,0.5000,0.0104
58.976,0.5000,0.4940,0.5000,0.0104
59.008,0.5000,0.4940,0.5000,0.0104
59.040,0.5000,0.4940,0.5000,0.0104
59.072,0.5000,0.4940,0.5000,0.0104
59.104,0.5000,0.4939,0.5000,0.0104
59.136,0.5000,0.4939,0.5000,0.0105
59.168,0.5000,0.4939,0.5000,0.0105
59.200,0.5000,0.4939,0.5000,0.0105
59.232,0.5000,0.4938,0.5000,0.0105
59.264,0.5000,0.4938,0.5000,0.0105
59.296,0.5000,0.4938,0.5000,0.0105
59.328,0.5000,0.4938,0.5000,0.0105
59.360,0.5000,0.4938,0.5000,0.0105
59.392,0.5000,0.4937,0.5000,0.0105
59.424,0.5000,0.4937,0.5000,0.0105
59.456,0.5000,0.4937,0.5000,0.0105
59.488,0.5000,0.4937,0.5000,0.0105
59.520,0.5000,0.4937,0.5000,0.0104
59.552,0.5000,0.4936,0.5000,0.0104
59.584,0.5000,0.4936,0.5000,0.0104
59.616,0.5000,0.4936,0.5000,0.0104
59.648,0.5000,0.4936,0.5000,0.0104
59.680,0.5000,0.4936,0.5000,0.0104
59.712,0.5000,0.4936,0.5000,0.0104
59.744,0.5000,0.4935,0.5000,0.0104
59.776,0.5000,0.4935,0.5000,0.0104
59.808,0.5000,0.4935,0.5000,0.0104
59.840,0.5000,0.4935,0.5000,0.0103
59.872,0.5000,0.4935,0.5000,0.0103
59.904,0.5000,0.4935,0.5000,0.0103
59.936,0.5000,0.4935,0.5000,0.0103
59.968,0.5000,0.4935,0.5000,0.0103
60.000,0.5000,0.4935,0.5000,0.0103
60.032,0.5000,0.4934,0.5000,0.0102
60.064,0.5000,0.4934,0.5000,0.0102
60.096,0.5000,0.4934,0.5000,0.0102
60.128,0.5000,0.4934,0.5000,0.0102
60.160,0.5000,0.4934,0.5000,0.0102
60.192,0.5000,0.4934,0.5000,0.0101
60.224,0.5000,0.4934,0.5000,0.0101
60.256,0.5000,0.4934,0.5000,0.0101
60.288,0.5000,0.4934,0.5000,0.0101
60.320,0.5000,0.4934,0.5000,0.0100
60.352,0.5000,0.4934,0.5000,0.0100
60.384,0.5000,0.4934,0.5000,0.0100
60.416,0.5000,0.4934,0.5000,0.0099
60.448,0.5000,0.4934,0.5000,0.0099
60.480,0.5000,0.4934,0.5000,0.0099
60.512,0.5000,0.4934,0.5000,0.0099
60.544,0.5000,0.4934,0.5000,0.0098
60.576,0.5000,0.4934,0.5000,0.0098
60.608,0.5000,0.4934,0.5000,0.0098
60.640,0.5000,0.4934,0.5000,0.0097
60.672,0.5000,0.4934,0.5000,0.0097
60.704,0.5000,0.4934,0.5000,0.0096
60.736,0.5000,0.4934,0.5000,0.0096
60.768,0.5000,0.4934,0.5000,0.0096
60.800,0.5000,0.4934,0.5000,0.0095
60.832,0.5000,0.4934,0.5000,0.0095
60.864,0.5000,0.4934,0.5000,0.0095
60.896,0.5000,0.4935,0.5000,0.0094
60.928,0.5000,0.4935,0.5000,0.0094
60.960,0.5000,0.4935,0.5000,0.0093
60.992,0.5000,0.4935,0.5000,0.0093
61.024,0.5000,0.4935,0.5000,0.0092
61.056,0.5000,0.4935,0.5000,0.0092
61.088,0.5000,0.4935,0.5000,0.0091
61.120,0.5000,0.4935,0.5000,0.0091
61.152,0.5000,0.4935,0.5000,0.0091
61.184,0.5000,0.4936,0.5000,0.0090
61.216,0.5000,0.4936,0.5000,0.0090
61.248,0.5000,0.4936,0.5000,0.0089
61.280,0.5000,0.4936,0.5000,0.0089
61.312,0.5000,0.4936,0.5000,0.0088
61.344,0.5000,0.4936,0.5000,0.0087
61.376,0.5000,0.4936,0.5000,0.0087
61.408,0.5000,0.4937,0.5000,0.0086
61.440,0.5000,0.4937,0.5000,0.0086
61.472,0.5000,0.4937,0.5000,0.0085
61.504,0.5000,0.4937,0.5000,0.0085
61.536,0.5000,0.4937,0.5000,0.0084
61.568,0.5000,0.4938,0.5000,0.0084
61.600,0.5000,0.4938,0.5000,0.0083
61.632,0.5000,0.4938,0.5000,0.0082
61.664,0.5000,0.4938,0.5000,0.0082
61.696,0.5000,0.4938,0.5000,0.0081
61.728,0.5000,0.4939,0.5000,0.0081
61.760,0.5000,0.4939,0.5000,0.0080
61.792,0.5000,0.4939,0.5000,0.0079
61.824,0.5000,0.4939,0.5000,0.0079
61.856,0.5000,0.4940,0.5000,0.0078
61.888,0.5000,0.4940,0.5000,0.0078
61.920,0.5000,0.4940,0.5000,0.0077
61.952,0.5000,0.4940,0.5000,0.0076
61.984,0.5000,0.4941,0.5000,0.0076
62.016,0.5000,0.4941,0.5000,0.0075
62.048,0.5000,0.4941,0.5000,0.0074
62.080,0.5000,0.4941,0.5000,0.0074
62.112,0.5000,0.4942,0.5000,0.0073
62.144,0.5000,0.4942,0.5000,0.0072
62.176,0.5000,0.4942,0.5000,0.0072
62.208,0.5000,0.4943,0.5000,0.0071
62.240,0.5000,0.4943,0.5000,0.0070
62.272,0.5000,0.4943,0.5000,0.0070
62.304,0.5000,0.4943,0.5000,0.0069
62.336,0.5000,0.4944,0.5000,0.0068
62.368,0.5000,0.4944,0.5000,0.0067
62.400,0.5000,0.4944,0.5000,0.0067
62.432,0.5000,0.4945,0.5000,0.0066
62.464,0.5000,0.4945,0.5000,0.0065
62.496,0.5000,0.4945,0.5000,0.0065
62.528,0.5000,0.4946,0.5000,0.0064
62.560,0.5000,0.4946,0.5000,0.0063
62.592,0.5000,0.4946,0.5000,0.0062
62.624,0.5000,0.4947,0.5000,0.0062
62.656,0.5000,0.4947,0.5000,0.0061
62.688,0.5000,0.4948,0.5000,0.0060
62.720,0.5000,0.4948,0.5000,0.0059
62.752,0.5000,0.4948,0.5000,0.0059
62.784,0.5000,0.4949,0.5000,0.0058
62.816,0.5000,0.4949,0.5000,0.0057
62.848,0.5000,0.4949,0.5000,0.0056
62.880,0.5000,0.4950,0.5000,0.0056
62.912,0.5000,0.4950,0.5000,0.0055
62.944,0.5000,0.4951,0.5000,0.0054
62.976,0.5000,0.4951,0.5000,0.0053
63.008,0.5000,0.4951,0.5000,0.0052
63.040,0.5000,0.4952,0.5000,0.0052
63.072,0.5000,0.4952,0.5000,0.0051
63.104,0.5000,0.4953,0.5000,0.0050
63.136,0.5000,0.4953,0.5000,0.0049
63.168,0.5000,0.4953,0.5000,0.0048
63.200,0.5000,0.4954,0.5000,0.0048
63.232,0.5000,0.4954,0.5000,0.0047
63.264,0.5000,0.4955,0.5000,0.0046
63.296,0.5000,0.4955,0.5000,0.0045
63.328,0.5000,0.4956,0.5000,0.0044
63.360,0.5000,0.4956,0.5000,0.0044
63.392,0.5000,0.4956,0.5000,0.0043
63.424,0.5000,0.4957,0.5000,0.0042
63.456,0.5000,0.4957,0.5000,0.0041
63.488,0.5000,0.4958,0.5000,0.0040
63.520,0.5000,0.4958,0.5000,0.0040
63.552,0.5000,0.4959,0.5000,0.0039
63.584,0.5000,0.4959,0.5000,0.0038
63.616,0.5000,0.4960,0.5000,0.0037
63.648,0.5000,0.4960,0.5000,0.0036
63.680,0.5000,0.4960,0.5000,0.0035
63.712,0.5000,0.4961,0.5000,0.0035
63.744,0.5000,0.4961,0.5000,0.0034
63.776,0.5000,0.4962,0.5000,0.0033
63.808,0.5000,0.4962,0.5000,0.0032
63.840,0.5000,0.4963,0.5000,0.0031
63.872,0.5000,0.4963,0.5000,0.0030
63.904,0.5000,0.4964,0.5000,0.0030
63.936,0.5000,0.4964,0.5000,0.0029
63.968,0.5000,0.4965,0.5000,0.0028
64.000,0.5000,0.4965,0.5000,0.0027
64.032,0.5000,0.4966,0.5000,0.0026
64.064,0.5000,0.4966,0.5000,0.0026
64.096,0.5000,0.4967,0.5000,0.0025
64.128,0.5000,0.4967,0.5000,0.0024
64.160,0.5000,0.4968,0.5000,0.0023
64.192,0.5000,0.4968,0.5000,0.0022
64.224,0.5000,0.4969,0.5000,0.0021
64.256,0.5000,0.4969,0.5000,0.0021
64.288,0.5000,0.4970,0.5000,0.0020
64.320,0.5000,0.4970,0.5000,0.0019
64.352,0.5000,0.4971,0.5000,0.0018
64.384,0.5000,0.4971,0.5000,0.0017
64.416,0.5000,0.4972,0.5000,0.0016
64.448,0.5000,0.4972,0.5000,0.0016
64.480,0.5000,0.4973,0.5000,0.0015
64.512,0.5000,0.4973,0.5000,0.0014
64.544,0.5000,0.4974,0.5000,0.0013
64.576,0.5000,0.4974,0.5000,0.0012
64.608,0.5000,0.4975,0.5000,0.0011
64.640,0.5000,0.4975,0.5000,0.0011
64.672,0.5000,0.4976,0.5000,0.0010
64.704,0.5000,0.4976,0.5000,0.0009
64.736,0.5000,0.4977,0.5000,0.0008
64.768,0.5000,0.4977,0.5000,0.0007
64.800,0.5000,0.4978,0.5000,0.0006
64.832,0.5000,0.4978,0.5000,0.0006
64.864,0.5000,0.4979,0.5000,0.0005
64.896,0.5000,0.4979,0.5000,0.0004
64.928,0.5000,0.4980,0.5000,0.0003
64.960,0.5000,0.4980,0.5000,0.0002
64.992,0.5000,0.4981,0.5000,0.0002
65.024,0.5000,0.4981,0.5000,0.0001
65.056,0.5000,0.4982,0.5000,-0.0000
65.088,0.5000,0.4983,0.5000,-0.0001
65.120,0.5000,0.4983,0.5000,-0.0002
65.152,0.5000,0.4984,0.5000,-0.0002
65.184,0.5000,0.4984,0.5000,-0.0003
65.216,0.5000,0.4985,0.5000,-0.0004
65.248,0.5000,0.4985,0.5000,-0.0005
65.280,0.5000,0.4986,0.5000,-0.0006
65.312,0.5000,0.4986,0.5000,-0.0006
65.344,0.5000,0.4987,0.5000,-0.0007
65.376,0.5000,0.4987,0.5000,-0.0008
65.408,0.5000,0.4988,0.5000,-0.0009
65.440,0.5000,0.4988,0.5000,-0.0010
65.472,0.5000,0.4989,0.5000,-0.0010
65.504,0.5000,0.4989,0.5000,-0.0011
65.536,0.5000,0.4990,0.5000,-0.0012
65.568,0.5000,0.4990,0.5000,-0.0013
65.600,0.5000,0.4991,0.5000,-0.0013
65.632,0.5000,0.4991,0.5000,-0.0014
65.664,0.5000,0.4992,0.5000,-0.0015
65.696,0.5000,0.4992,0.5000,-0.0016
65.728,0.5000,0.4993,0.5000,-0.0016
65.760,0.5000,0.4994,0.5000,-0.0017
65.792,0.5000,0.4994,0.5000,-0.0018
65.824,0.5000,0.4995,0.5000,-0.0019
65.856,0.5000,0.4995,0.5000,-0.0019
65.888,0.5000,0.4996,0.5000,-0.0020
65.920,0.5000,0.4996,0.5000,-0.0021
65.952,0.5000,0.4997,0.5000,-0.0021
65.984,0.5000,0.4997,0.5000,-0.0022
66.016,0.5000,0.4998,0.5000,-0.0023
66.048,0.5000,0.4998,0.5000,-0.0024
66.080,0.5000,0.4999,0.5000,-0.0024
66.112,0.5000,0.4999,0.5000,-0.0025
66.144,0.5000,0.5000,0.5000,-0.0026
66.176,0.5000,0.5000,0.5000,-0.0026
66.208,0.5000,0.5001,0.5000,-0.0027
66.240,0.5000,0.5001,0.5000,-0.0028
66.272,0.5000,0.5002,0.5000,-0.0028
66.304,0.5000,0.5002,0.5000,-0.0029
66.336,0.5000,0.5003,0.5000,-0.0030
66.368,0.5000,0.5003,0.5000,-0.0030
66.400,0.5000,0.5004,0.5000,-0.0031
66.432,0.5000,0.5004,0.5000,-0.0032
66.464,0.5000,0.5005,0.5000,-0.0032
66.496,0.5000,0.5005,0.5000,-0.0033
66.528,0.5000,0.5006,0.5000,-0.0034
66.560,0.5000,0.5006,0.5000,-0.0034
66.592,0.5000,0.5007,0.5000,-0.0035
66.624,0.5000,0.5007,0.5000,-0.0036
66.656,0.5000,0.5008,0.5000,-0.0036
66.688,0.5000,0.5008,0.5000,-0.0037
66.720,0.5000,0.5009,0.5000,-0.0038
66.752,0.5000,0.5009,0.5000,-0.0038
66.784,0.5000,0.5010,0.5000,-0.0039
66.816,0.5000,0.5010,0.5000,-0.0039
66.848,0.5000,0.5010,0.5000,-0.0040
66.880,0.5000,0.5011,0.5000,-0.0041
66.912,0.5000,0.5011,0.5000,-0.0041
66.944,0.5000,0.5012,0.5000,-0.0042
66.976,0.5000,0.5012,0.5000,-0.0042
67.008,0.5000,0.5013,0.5000,-0.0043
67.040,0.5000,0.5013,0.5000,-0.0043
67.072,0.5000,0.5014,0.5000,-0.0044
67.104,0.5000,0.5014,0.5000,-0.0044
67.136,0.5000,0.5015,0.5000,-0.0045
67.168,0.5000,0.5015,0.5000,-0.0046
67.200,0.5000,0.5015,0.5000,-0.0046
67.232,0.5000,0.5016,0.5000,-0.0047
67.264,0.5000,0.5016,0.5000,-0.0047
67.296,0.5000,0.5017,0.5000,-0.0048
67.328,0.5000,0.5017,0.5000,-0.0048
67.360,0.5000,0.5018,0.5000,-0.0049
67.392,0.5000,0.5018,0.5000,-0.0049
67.424,0.5000,0.5019,0.5000,-0.0050
67.456,0.5000,0.5019,0.5000,-0.0050
67.488,0.5000,0.5019,0.5000,-0.0051
67.520,0.5000,0.5020,0.5000,-0.0051
67.552,0.5000,0.5020,0.5000,-0.0052
67.584,0.5000,0.5021,0.5000,-0.0052
67.616,0.5000,0.5021,0.5000,-0.0053
67.648,0.5000,0.5021,0.5000,-0.0053
67.680,0.5000,0.5022,0.5000,-0.0053
67.712,0.5000,0.5022,0.5000,-0.0054
67.744,0.5000,0.5023,0.5000,-0.0054
67.776,0.5000,0.5023,0.5000,-0.0055
67.808,0.5000,0.5023,0.5000,-0.0055
67.840,0.5000,0.5024,0.5000,-0.0056
67.872,0.5000,0.5024,0.5000,-0.0056
67.904,0.5000,0.5025,0.5000,-0.0056
67.936,0.5000,0.5025,0.5000,-0.0057
67.968,0.5000,0.5025,0.5000,-0.0057
68.000,0.5000,0.5026,0.5000,-0.0058
68.032,0.5000,0.5026,0.5000,-0.0058
68.064,0.5000,0.5026,0.5000,-0.0058
68.096,0.5000,0.5027,0.5000,-0.0059
68.128,0.5000,0.5027,0.5000,-0.0059
68.160,0.5000,0.5027,0.5000,-0.0059
68.192,0.5000,0.5028,0.5000,-0.0060
68.224,0.5000,0.5028,0.5000,-0.0060
68.256,0.5000,0.5028,0.5000,-0.0060
68.288,0.5000,0.5029,0.5000,-0.0061
68.320,0.5000,0.5029,0.5000,-0.0061
68.352,0.5000,0.5030,0.5000,-0.0061
68.384,0.5000,0.5030,0.5000,-0.0062
68.416,0.5000,0.5030,0.5000,-0.0062
68.448,0.5000,0.5030,0.5000,-0.0062
68.480,0.5000,0.5031,0.5000,-0.0063
68.512,0.5000,0.5031,0.5000,-0.0063
68.544,0.5000,0.5031,0.5000,-0.0063
68.576,0.5000,0.5032,0.5000,-0.0063
68.608,0.5000,0.5032,0.5000,-0.0064
68.640,0.5000,0.5032,0.5000,-0.0064
68.672,0.5000,0.5033,0.5000,-0.0064
68.704,0.5000,0.5033,0.5000,-0.0064
68.736,0.5000,0.5033,0.5000,-0.0065
68.768,0.5000,0.5034,0.5000,-0.0065
68.800,0.5000,0.5034,0.5000,-0.0065
68.832,0.5000,0.5034,0.5000,-0.0065
68.864,0.5000,0.5034,0.5000,-0.0066
68.896,0.5000,0.5035,0.5000,-0.0066
68.928,0.5000,0.5035,0.5000,-0.0066
68.960,0.5000,0.5035,0.5000,-0.0066
68.992,0.5000,0.5035,0.5000,-0.0066
69.024,0.5000,0.5036,0.5000,-0.0067
69.056,0.5000,0.5036,0.5000,-0.0067
69.088,0.5000,0.5036,0.5000,-0.0067
69.120,0.5000,0.5036,0.5000,-0.0067
69.152,0.5000,0.5037,0.5000,-0.0067
69.184,0.5000,0.5037,0.5000,-0.0067
69.216,0.5000,0.5037,0.5000,-0.0068
69.248,0.5000,0.5037,0.5000,-0.0068
69.280,0.5000,0.5038,0.5000,-0.0068
69.312,0.5000,0.5038,0.5000,-0.0068
69.344,0.5000,0.5038,0.5000,-0.0068
69.376,0.5000,0.5038,0.5000,-0.0068
69.408,0.5000,0.5038,0.5000,-0.0068
69.440,0.5000,0.5039,0.5000,-0.0068
69.472,0.5000,0.5039,0.5000,-0.0068
69.504,0.5000,0.5039,0.5000,-0.0068
69.536,0.5000,0.5039,0.5000,-0.0069
69.568,0.5000,0.5039,0.5000,-0.0069
69.600,0.5000,0.5040,0.5000,-0.0069
69.632,0.5000,0.5040,0.5000,-0.0069
69.664,0.5000,0.5040,0.5000,-0.0069
69.696,0.5000,0.5040,0.5000,-0.0069
69.728,0.5000,0.5040,0.5000,-0.0069
69.760,0.5000,0.5040,0.5000,-0.0069
69.792,0.5000,0.5041,0.5000,-0.0069
69.824,0.5000,0.5041,0.5000,-0.0069
69.856,0.5000,0.5041,0.5000,-0.0069
69.888,0.5000,0.5041,0.5000,-0.0069
69.920,0.5000,0.5041,0.5000,-0.0069
69.952,0.5000,0.5041,0.5000,-0.0069
69.984,0.5000,0.5041,0.5000,-0.0069
70.016,0.5000,0.5042,0.5000,-0.0069
70.048,0.5000,0.5042,0.5000,-0.0069
70.080,0.5000,0.5042,0.5000,-0.0069
70.112,0.5000,0.5042,0.5000,-0.0069
70.144,0.5000,0.5042,0.5000,-0.0069
70.176,0.5000,0.5042,0.5000,-0.0069
70.208,0.5000,0.5042,0.5000,-0.0069
70.240,0.5000,0.5042,0.5000,-0.0069
70.272,0.5000,0.5042,0.5000,-0.0069
70.304,0.5000,0.5042,0.5000,-0.0069
70.336,0.5000,0.5043,0.5000,-0.0068
70.368,0.5000,0.5043,0.5000,-0.0068
70.400,0.5000,0.5043,0.5000,-0.0068
70.432,0.5000,0.5043,0.5000,-0.0068
70.464,0.5000,0.5043,0.5000,-0.0068
70.496,0.5000,0.5043,0.5000,-0.0068
70.528,0.5000,0.5043,0.5000,-0.0068
70.560,0.5000,0.5043,0.5000,-0.0068
70.592,0.5000,0.5043,0.5000,-0.0068
70.624,0.5000,0.5043,0.5000,-0.0067
70.656,0.5000,0.5043,0.5000,-0.0067
70.688,0.5000,0.5043,0.5000,-0.0067
70.720,0.5000,0.5043,0.5000,-0.0067
70.752,0.5000,0.5043,0.5000,-0.0067
70.784,0.5000,0.5043,0.5000,-0.0067
70.816,0.5000,0.5043,0.5000,-0.0067
70.848,0.5000,0.5043,0.5000,-0.0066
70.880,0.5000,0.5043,0.5000,-0.0066
70.912,0.5000,0.5043,0.5000,-0.0066
70.944,0.5000,0.5043,0.5000,-0.0066
70.976,0.5000,0.5043,0.5000,-0.0066
71.008,0.5000,0.5043,0.5000,-0.0065
71.040,0.5000,0.5043,0.5000,-0.0065
71.072,0.5000,0.5043,0.5000,-0.0065
71.104,0.5000,0.5043,0.5000,-0.0065
71.136,0.5000,0.5043,0.5000,-0.0065
71.168,0.5000,0.5043,0.5000,-0.0064
71.200,0.5000,0.5043,0.5000,-0.0064
71.232,0.5000,0.5043,0.5000,-0.0064
71.264,0.5000,0.5043,0.5000,-0.0064
71.296,0.5000,0.5043,0.5000,-0.0063
71.328,0.5000,0.5043,0.5000,-0.0063
71.360,0.5000,0.5043,0.5000,-0.0063
71.392,0.5000,0.5043,0.5000,-0.0063
71.424,0.5000,0.5043,0.5000,-0.0062
71.456,0.5000,0.5043,0.5000,-0.0062
71.488,0.5000,0.5043,0.5000,-0.0062
71.520,0.5000,0.5043,0.5000,-0.0062
71.552,0.5000,0.5043,0.5000,-0.0061
71.584,0.5000,0.5043,0.5000,-0.0061
71.616,0.5000,0.5043,0.5000,-0.0061
71.648,0.5000,0.5043,0.5000,-0.0060
71.680,0.5000,0.5043,0.5000,-0.0060
71.712,0.5000,0.5043,0.5000,-0.0060
71.744,0.5000,0.5043,0.5000,-0.0060
71.776,0.5000,0.5042,0.5000,-0.0059
71.808,0.5000,0.5042,0.5000,-0.0059
71.840,0.5000,0.5042,0.5000,-0.0059
71.872,0.5000,0.5042,0.5000,-0.0058
71.904,0.5000,0.5042,0.5000,-0.0058
71.936,0.5000,0.5042,0.5000,-0.0058
71.968,0.5000,0.5042,0.5000,-0.0057
72.000,0.5000,0.5042,0.5000,-0.0057
72.032,0.5000,0.5042,0.5000,-0.0057
72.064,0.5000,0.5042,0.5000,-0.0056
72.096,0.5000,0.5041,0.5000,-0.0056
72.128,0.5000,0.5041,0.5000,-0.0055
72.160,0.5000,0.5041,0.5000,-0.0055
72.192,0.5000,0.5041,0.5000,-0.0055
72.224,0.5000,0.5041,0.5000,-0.0054
72.256,0.5000,0.5041,0.5000,-0.0054
72.288,0.5000,0.5041,0.5000,-0.0054
72.320,0.5000,0.5040,0.5000,-0.0053
72.352,0.5000,0.5040,0.5000,-0.0053
72.384,0.5000,0.5040,0.5000,-0.0052
72.416,0.5000,0.5040,0.5000,-0.0052
72.448,0.5000,0.5040,0.5000,-0.0051
72.480,0.5000,0.5040,0.5000,-0.0051
72.512,0.5000,0.5039,0.5000,-0.0051
72.544,0.5000,0.5039,0.5000,-0.0050
72.576,0.5000,0.5039,0.5000,-0.0050
72.608,0.5000,0.5039,0.5000,-0.0049
72.640,0.5000,0.5039,0.5000,-0.0049
72.672,0.5000,0.5039,0.5000,-0.0048
72.704,0.5000,0.5038,0.5000,-0.0048
72.736,0.5000,0.5038,0.5000,-0.0048
72.768,0.5000,0.5038,0.5000,-0.0047
72.800,0.5000,0.5038,0.5000,-0.0047
72.832,0.5000,0.5038,0.5000,-0.0046
72.864,0.5000,0.5037,0.5000,-0.0046
72.896,0.5000,0.5037,0.5000,-0.0045
72.928,0.5000,0.5037,0.5000,-0.0045
72.960,0.5000,0.5037,0.5000,-0.0044
72.992,0.5000,0.5037,0.5000,-0.0044
73.024,0.5000,0.5036,0.5000,-0.0043
73.056,0.5000,0.5036,0.5000,-0.0043
73.088,0.5000,0.5036,0.5000,-0.0042
73.120,0.5000,0.5036,0.5000,-0.0042
73.152,0.5000,0.5035,0.5000,-0.0041
73.184,0.5000,0.5035,0.5000,-0.0041
73.216,0.5000,0.5035,0.5000,-0.0040
73.248,0.5000,0.5035,0.5000,-0.0040
73.280,0.5000,0.5035,0.5000,-0.0040
73.312,0.5000,0.5034,0.5000,-0.0039
73.344,0.5000,0.5034,0.5000,-0.0038
73.376,0.5000,0.5034,0.5000,-0.0038
73.408,0.5000,0.5034,0.5000,-0.0037
73.440,0.5000,0.5033,0.5000,-0.0037
73.472,0.5000,0.5033,0.5000,-0.0036
73.504,0.5000,0.5033,0.5000,-0.0036
73.536,0.5000,0.5033,0.5000,-0.0035
73.568,0.5000,0.5032,0.5000,-0.0035
73.600,0.5000,0.5032,0.5000,-0.0034
73.632,0.5000,0.5032,0.5000,-0.0034
73.664,0.5000,0.5031,0.5000,-0.0033
73.696,0.5000,0.5031,0.5000,-0.0033
73.728,0.5000,0.5031,0.5000,-0.0032
73.760,0.5000,0.5031,0.5000,-0.0032
73.792,0.5000,0.5030,0.5000,-0.0031
73.824,0.5000,0.5030,0.5000,-0.0031
73.856,0.5000,0.5030,0.5000,-0.0030
73.888,0.5000,0.5030,0.5000,-0.0030
73.920,0.5000,0.5029,0.5000,-0.0029
73.952,0.5000,0.5029,0.5000,-0.0029
73.984,0.5000,0.5029,0.5000,-0.0028
74.016,0.5000,0.5028,0.5000,-0.0028
74.048,0.5000,0.5028,0.5000,-0.0027
74.080,0.5000,0.5028,0.5000,-0.0026
74.112,0.5000,0.5027,0.5000,-0.0026
74.144,0.5000,0.5027,0.5000,-0.0025
74.176,0.5000,0.5027,0.5000,-0.0025
74.208,0.5000,0.5027,0.5000,-0.0024
74.240,0.5000,0.5026,0.5000,-0.0024
74.272,0.5000,0.5026,0.5000,-0.0023
74.304,0.5000,0.5026,0.5000,-0.0023
74.336,0.5000,0.5025,0.5000,-0.0022
74.368,0.5000,0.5025,0.5000,-0.0022
74.400,0.5000,0.5025,0.5000,-0.0021
74.432,0.5000,0.5024,0.5000,-0.0020
74.464,0.5000,0.5024,0.5000,-0.0020
74.496,0.5000,0.5024,0.5000,-0.0019
74.528,0.5000,0.5023,0.5000,-0.0019
74.560,0.5000,0.5023,0.5000,-0.0018
74.592,0.5000,0.5023,0.5000,-0.0018
74.624,0.5000,0.5022,0.5000,-0.0017
74.656,0.5000,0.5022,0.5000,-0.0017
74.688,0.5000,0.5022,0.5000,-0.0016
74.720,0.5000,0.5022,0.5000,-0.0015
74.752,0.5000,0.5021,0.5000,-0.0015
74.784,0.5000,0.5021,0.5000,-0.0014
74.816,0.5000,0.5021,0.5000,-0.0014
74.848,0.5000,0.5020,0.5000,-0.0013
74.880,0.5000,0.5020,0.5000,-0.0013
74.912,0.5000,0.5020,0.5000,-0.0012
74.944,0.5000,0.5019,0.5000,-0.0012
74.976,0.5000,0.5019,0.5000,-0.0011
75.008,0.5000,0.5019,0.5000,-0.0011
75.040,0.5000,0.5018,0.5000,-0.0010
75.072,0.5000,0.5018,0.5000,-0.0009
75.104,0.5000,0.5018,0.5000,-0.0009
75.136,0.5000,0.5017,0.5000,-0.0008
75.168,0.5000,0.5017,0.5000,-0.0008
75.200,0.5000,0.5016,0.5000,-0.0007
75.232,0.5000,0.5016,0.5000,-0.0007
75.264,0.5000,0.5016,0.5000,-0.0006
75.296,0.5000,0.5015,0.5000,-0.0006
75.328,0.5000,0.5015,0.5000,-0.0005
75.360,0.5000,0.5015,0.5000,-0.0004
75.392,0.5000,0.5014,0.5000,-0.0004
75.424,0.5000,0.5014,0.5000,-0.0003
75.456,0.5000,0.5014,0.5000,-0.0003
75.488,0.5000,0.5013,0.5000,-0.0002
75.520,0.5000,0.5013,0.5000,-0.0002
75.552,0.5000,0.5013,0.5000,-0.0001
75.584,0.5000,0.5012,0.5000,-0.0001
75.616,0.5000,0.5012,0.5000,-0.0000
75.648,0.5000,0.5012,0.5000,0.0000
75.680,0.5000,0.5011,0.5000,0.0001
75.712,0.5000,0.5011,0.5000,0.0001
75.744,0.5000,0.5011,0.5000,0.0002
75.776,0.5000,0.5010,0.5000,0.0003
75.808,0.5000,0.5010,0.5000,0.0003
75.840,0.5000,0.5010,0.5000,0.0004
75.872,0.5000,0.5009,0.5000,0.0004
75.904,0.5000,0.5009,0.5000,0.0005
75.936,0.5000,0.5009,0.5000,0.0005
75.968,0.5000,0.5008,0.5000,0.0006
76.000,0.5000,0.5008,0.5000,0.0006
76.032,0.5000,0.5008,0.5000,0.0007
76.064,0.5000,0.5007,0.5000,0.0007
76.096,0.5000,0.5007,0.5000,0.0008
76.128,0.5000,0.5006,0.5000,0.0008
76.160,0.5000,0.5006,0.5000,0.0009
76.192,0.5000,0.5006,0.5000,0.0009
76.224,0.5000,0.5005,0.5000,0.0010
76.256,0.5000,0.5005,0.5000,0.0010
76.288,0.5000,0.5005,0.5000,0.0011
76.320,0.5000,0.5004,0.5000,0.0011
76.352,0.5000,0.5004,0.5000,0.0012
76.384,0.5000,0.5004,0.5000,0.0012
76.416,0.5000,0.5003,0.5000,0.0013
76.448,0.5000,0.5003,0.5000,0.0013
76.480,0.5000,0.5003,0.5000,0.0014
76.512,0.5000,0.5002,0.5000,0.0014
76.544,0.5000,0.5002,0.5000,0.0015
76.576,0.5000,0.5002,0.5000,0.0015
76.608,0.5000,0.5001,0.5000,0.0016
76.640,0.5000,0.5001,0.5000,0.0016
76.672,0.5000,0.5001,0.5000,0.0016
76.704,0.5000,0.5000,0.5000,0.0017
76.736,0.5000,0.5000,0.5000,0.0017
76.768,0.5000,0.5000,0.5000,0.0018
76.800,0.5000,0.4999,0.5000,0.0018
76.832,0.5000,0.4999,0.5000,0.0019
76.864,0.5000,0.4999,0.5000,0.0019
76.896,0.5000,0.4998,0.5000,0.0020
76.928,0.5000,0.4998,0.5000,0.0020
76.960,0.5000,0.4998,0.5000,0.0021
76.992,0.5000,0.4997,0.5000,0.0021
77.024,0.5000,0.4997,0.5000,0.0021
77.056,0.5000,0.4997,0.5000,0.0022
77.088,0.5000,0.4996,0.5000,0.0022
77.120,0.5000,0.4996,0.5000,0.0023
77.152,0.5000,0.4996,0.5000,0.0023
77.184,0.5000,0.4995,0.5000,0.0024
77.216,0.5000,0.4995,0.5000,0.0024
77.248,0.5000,0.4995,0.5000,0.0024
77.280,0.5000,0.4994,0.5000,0.0025
77.312,0.5000,0.4994,0.5000,0.0025
77.344,0.5000,0.4994,0.5000,0.0026
77.376,0.5000,0.4993,0.5000,0.0026
77.408,0.5000,0.4993,0.5000,0.0026
77.440,0.5000,0.4993,0.5000,0.0027
77.472,0.5000,0.4993,0.5000,0.0027
77.504,0.5000,0.4992,0.5000,0.0028
77.536,0.5000,0.4992,0.5000,0.0028
77.568,0.5000,0.4992,0.5000,0.0028
77.600,0.5000,0.4991,0.5000,0.0029
77.632,0.5000,0.4991,0.5000,0.0029
77.664,0.5000,0.4991,0.5000,0.0029
77.696,0.5000,0.4990,0.5000,0.0030
77.728,0.5000,0.4990,0.5000,0.0030
77.760,0.5000,0.4990,0.5000,0.0031
77.792,0.5000,0.4989,0.5000,0.0031
77.824,0.5000,0.4989,0.5000,0.0031
77.856,0.5000,0.4989,0.5000,0.0032
77.888,0.5000,0.4989,0.5000,0.0032
77.920,0.5000,0.4988,0.5000,0.0032
77.952,0.5000,0.4988,0.5000,0.0033
77.984,0.5000,0.4988,0.5000,0.0033
78.016,0.5000,0.4987,0.5000,0.0033
78.048,0.5000,0.4987,0.5000,0.0034
78.080,0.5000,0.4987,0.5000,0.0034
78.112,0.5000,0.4987,0.5000,0.0034
78.144,0.5000,0.4986,0.5000,0.0035
78.176,0.5000,0.4986,0.5000,0.0035
78.208,0.5000,0.4986,0.5000,0.0035
78.240,0.5000,0.4986,0.5000,0.0036
78.272,0.5000,0.4985,0.5000,0.0036
78.304,0.5000,0.4985,0.5000,0.0036
78.336,0.5000,0.4985,0.5000,0.0036
78.368,0.5000,0.4984,0.5000,0.0037
78.400,0.5000,0.4984,0.5000,0.0037
78.432,0.5000,0.4984,0.5000,0.0037
78.464,0.5000,0.4984,0.5000,0.0038
78.496,0.5000,0.4983,0.5000,0.0038
78.528,0.5000,0.4983,0.5000,0.0038
78.560,0.5000,0.4983,0.5000,0.0038
78.592,0.5000,0.4983,0.5000,0.0039
78.624,0.5000,0.4982,0.5000,0.0039
78.656,0.5000,0.4982,0.5000,0.0039
78.688,0.5000,0.4982,0.5000,0.0039
78.720,0.5000,0.4982,0.5000,0.0040
78.752,0.5000,0.4982,0.5000,0.0040
78.784,0.5000,0.4981,0.5000,0.0040
78.816,0.5000,0.4981,0.5000,0.0040
78.848,0.5000,0.4981,0.5000,0.0040
78.880,0.5000,0.4981,0.5000,0.0041
78.912,0.5000,0.4980,0.5000,0.0041
78.944,0.5000,0.4980,0.5000,0.0041
78.976,0.5000,0.4980,0.5000,0.0041
79.008,0.5000,0.4980,0.5000,0.0041
79.040,0.5000,0.4980,0.5000,0.0042
79.072,0.5000,0.4979,0.5000,0.0042
79.104,0.5000,0.4979,0.5000,0.0042
79.136,0.5000,0.4979,0.5000,0.0042
79.168,0.5000,0.4979,0.5000,0.0042
79.200,0.5000,0.4978,0.5000,0.0043
79.232,0.5000,0.4978,0.5000,0.0043
79.264,0.5000,0.4978,0.5000,0.0043
79.296,0.5000,0.4978,0.5000,0.0043
79.328,0.5000,0.4978,0.5000,0.0043
79.360,0.5000,0.4978,0.5000,0.0043
79.392,0.5000,0.4977,0.5000,0.0044
79.424,0.5000,0.4977,0.5000,0.0044
79.456,0.5000,0.4977,0.5000,0.0044
79.488,0.5000,0.4977,0.5000,0.0044
79.520,0.5000,0.4977,0.5000,0.0044
79.552,0.5000,0.4976,0.5000,0.0044
79.584,0.5000,0.4976,0.5000,0.0044
79.616,0.5000,0.4976,0.5000,0.0045
79.648,0.5000,0.4976,0.5000,0.0045
79.680,0.5000,0.4976,0.5000,0.0045
79.712,0.5000,0.4976,0.5000,0.0045
79.744,0.5000,0.4975,0.5000,0.0045
79.776,0.5000,0.4975,0.5000,0.0045
79.808,0.5000,0.4975,0.5000,0.0045
79.840,0.5000,0.4975,0.5000,0.0045
79.872,0.5000,0.4975,0.5000,0.0045
79.904,0.5000,0.4975,0.5000,0.0045
79.936,0.5000,0.4975,0.5000,0.0045
79.968,0.5000,0.4974,0.5000,0.0046
80.000,0.5000,0.4974,0.5000,0.0046
80.032,0.5000,0.4974,0.5000,0.0046
80.064,0.5000,0.4974,0.5000,0.0046
80.096,0.5000,0.4974,0.5000,0.0046
80.128,0.5000,0.4974,0.5000,0.0046
80.160,0.5000,0.4974,0.5000,0.0046
80.192,0.5000,0.4974,0.5000,0.0046
80.224,0.5000,0.4973,0.5000,0.0046
80.256,0.5000,0.4973,0.5000,0.0046
80.288,0.5000,0.4973,0.5000,0.0046
80.320,0.5000,0.4973,0.5000,0.0046
80.352,0.5000,0.4973,0.5000,0.0046
80.384,0.5000,0.4973,0.5000,0.0046
80.416,0.5000,0.4973,0.5000,0.0046
80.448,0.5000,0.4973,0.5000,0.0046
80.480,0.5000,0.4973,0.5000,0.0046
80.512,0.5000,0.4972,0.5000,0.0046
80.544,0.5000,0.4972,0.5000,0.0046
80.576,0.5000,0.4972,0.5000,0.0046
80.608,0.5000,0.4972,0.5000,0.0046
80.640,0.5000,0.4972,0.5000,0.0046
80.672,0.5000,0.4972,0.5000,0.0046
80.704,0.5000,0.4972,0.5000,0.0046
80.736,0.5000,0.4972,0.5000,0.0046
80.768,0.5000,0.4972,0.5000,0.0046
80.800,0.5000,0.4972,0.5000,0.0046
80.832,0.5000,0.4972,0.5000,0.0046
80.864,0.5000,0.4972,0.5000,0.0046
80.896,0.5000,0.4972,0.5000,0.0046
80.928,0.5000,0.4971,0.5000,0.0046
80.960,0.5000,0.4971,0.5000,0.0046
80.992,0.5000,0.4971,0.5000,0.0046
81.024,0.5000,0.4971,0.5000,0.0046
81.056,0.5000,0.4971,0.5000,0.0045
81.088,0.5000,0.4971,0.5000,0.0045
81.120,0.5000,0.4971,0.5000,0.0045
81.152,0.5000,0.4971,0.5000,0.0045
81.184,0.5000,0.4971,0.5000,0.0045
81.216,0.5000,0.4971,0.5000,0.0045
81.248,0.5000,0.4971,0.5000,0.0045
81.280,0.5000,0.4971,0.5000,0.0045
81.312,0.5000,0.4971,0.5000,0.0045
81.344,0.5000,0.4971,0.5000,0.0045
81.376,0.5000,0.4971,0.5000,0.0045
81.408,0.5000,0.4971,0.5000,0.0044
81.440,0.5000,0.4971,0.5000,0.0044
81.472,0.5000,0.4971,0.5000,0.0044
81.504,0.5000,0.4971,0.5000,0.0044
81.536,0.5000,0.4971,0.5000,0.0044
81.568,0.5000,0.4971,0.5000,0.0044
81.600,0.5000,0.4971,0.5000,0.0044
81.632,0.5000,0.4971,0.5000,0.0044
81.664,0.5000,0.4971,0.5000,0.0043
81.696,0.5000,0.4971,0.5000,0.0043
81.728,0.5000,0.4971,0.5000,0.0043
81.760,0.5000,0.4971,0.5000,0.0043
81.792,0.5000,0.4971,0.5000,0.0043
81.824,0.5000,0.4971,0.5000,0.0043
81.856,0.5000,0.4971,0.5000,0.0043
81.888,0.5000,0.4971,0.5000,0.0042
81.920,0.5000,0.4971,0.5000,0.0042
81.952,0.5000,0.4971,0.5000,0.0042
81.984,0.5000,0.4971,0.5000,0.0042
82.016,0.5000,0.4971,0.5000,0.0042
82.048,0.5000,0.4971,0.5000,0.0042
82.080,0.5000,0.4971,0.5000,0.0041
82.112,0.5000,0.4971,0.5000,0.0041
82.144,0.5000,0.4971,0.5000,0.0041
82.176,0.5000,0.4971,0.5000,0.0041
82.208,0.5000,0.4971,0.5000,0.0041
82.240,0.5000,0.4971,0.5000,0.0040
82.272,0.5000,0.4971,0.5000,0.0040
82.304,0.5000,0.4971,0.5000,0.0040
82.336,0.5000,0.4972,0.5000,0.0040
82.368,0.5000,0.4972,0.5000,0.0040
82.400,0.5000,0.4972,0.5000,0.0039
82.432,0.5000,0.4972,0.5000,0.0039
82.464,0.5000,0.4972,0.5000,0.0039
82.496,0.5000,0.4972,0.5000,0.0039
82.528,0.5000,0.4972,0.5000,0.0039
82.560,0.5000,0.4972,0.5000,0.0038
82.592,0.5000,0.4972,0.5000,0.0038
82.624,0.5000,0.4972,0.5000,0.0038
82.656,0.5000,0.4972,0.5000,0.0038
82.688,0.5000,0.4972,0.5000,0.0037
82.720,0.5000,0.4972,0.5000,0.0037
82.752,0.5000,0.4972,0.5000,0.0037
82.784,0.5000,0.4973,0.5000,0.0037
82.816,0.5000,0.4973,0.5000,0.0036
82.848,0.5000,0.4973,0.5000,0.0036
82.880,0.5000,0.4973,0.5000,0.0036
82.912,0.5000,0.4973,0.5000,0.0036
82.944,0.5000,0.4973,0.5000,0.0035
82.976,0.5000,0.4973,0.5000,0.0035
83.008,0.5000,0.4973,0.5000,0.0035
83.040,0.5000,0.4973,0.5000,0.0035
83.072,0.5000,0.4973,0.5000,0.0034
83.104,0.5000,0.4974,0.5000,0.0034
83.136,0.5000,0.4974,0.5000,0.0034
83.168,0.5000,0.4974,0.5000,0.0034
83.200,0.5000,0.4974,0.5000,0.0033
83.232,0.5000,0.4974,0.5000,0.0033
83.264,0.5000,0.4974,0.5000,0.0033
83.296,0.5000,0.4974,0.5000,0.0032
83.328,0.5000,0.4974,0.5000,0.0032
83.360,0.5000,0.4974,0.5000,0.0032
83.392,0.5000,0.4975,0.5000,0.0031
83.424,0.5000,0.4975,0.5000,0.0031
83.456,0.5000,0.4975,0.5000,0.0031
83.488,0.5000,0.4975,0.5000,0.0031
83.520,0.5000,0.4975,0.5000,0.0030
83.552,0.5000,0.4975,0.5000,0.0030
83.584,0.5000,0.4975,0.5000,0.0030
83.616,0.5000,0.4976,0.5000,0.0029
83.648,0.5000,0.4976,0.5000,0.0029
83.680,0.5000,0.4976,0.5000,0.0029
83.712,0.5000,0.4976,0.5000,0.0028
83.744,0.5000,0.4976,0.5000,0.0028
83.776,0.5000,0.4976,0.5000,0.0028
83.808,0.5000,0.4976,0.5000,0.0027
83.840,0.5000,0.4977,0.5000,0.0027
83.872,0.5000,0.4977,0.5000,0.0027
83.904,0.5000,0.4977,0.5000,0.0026
83.936,0.5000,0.4977,0.5000,0.0026
83.968,0.5000,0.4977,0.5000,0.0026
84.000,0.5000,0.4977,0.5000,0.0025
84.032,0.5000,0.4978,0.5000,0.0025
84.064,0.5000,0.4978,0.5000,0.0025
84.096,0.5000,0.4978,0.5000,0.0024
84.128,0.5000,0.4978,0.5000,0.0024
84.160,0.5000,0.4978,0.5000,0.0024
84.192,0.5000,0.4978,0.5000,0.0023
84.224,0.5000,0.4979,0.5000,0.0023
84.256,0.5000,0.4979,0.5000,0.0023
84.288,0.5000,0.4979,0.5000,0.0022
84.320,0.5000,0.4979,0.5000,0.0022
84.352,0.5000,0.4979,0.5000,0.0021
84.384,0.5000,0.4980,0.5000,0.0021
84.416,0.5000,0.4980,0.5000,0.0021
84.448,0.5000,0.4980,0.5000,0.0020
84.480,0.5000,0.4980,0.5000,0.0020
84.512,0.5000,0.4980,0.5000,0.0020
84.544,0.5000,0.4980,0.5000,0.0019
84.576,0.5000,0.4981,0.5000,0.0019
84.608,0.5000,0.4981,0.5000,0.0019
84.640,0.5000,0.4981,0.5000,0.0018
84.672,0.5000,0.4981,0.5000,0.0018
84.704,0.5000,0.4981,0.5000,0.0018
84.736,0.5000,0.4982,0.5000,0.0017
84.768,0.5000,0.4982,0.5000,0.0017
84.800,0.5000,0.4982,0.5000,0.0016
84.832,0.5000,0.4982,0.5000,0.0016
84.864,0.5000,0.4982,0.5000,0.0016
84.896,0.5000,0.4983,0.5000,0.0015
84.928,0.5000,0.4983,0.5000,0.0015
84.960,0.5000,0.4983,0.5000,0.0015
84.992,0.5000,0.4983,0.5000,0.0014
85.024,0.5000,0.4984,0.5000,0.0014
85.056,0.5000,0.4984,0.5000,0.0013
85.088,0.5000,0.4984,0.5000,0.0013
85.120,0.5000,0.4984,0.5000,0.0013
85.152,0.5000,0.4984,0.5000,0.0012
85.184,0.5000,0.4985,0.5000,0.0012
85.216,0.5000,0.4985,0.5000,0.0012
85.248,0.5000,0.4985,0.5000,0.0011
85.280,0.5000,0.4985,0.5000,0.0011
85.312,0.5000,0.4985,0.5000,0.0011
85.344,0.5000,0.4986,0.5000,0.0010
85.376,0.5000,0.4986,0.5000,0.0010
85.408,0.5000,0.4986,0.5000,0.0009
85.440,0.5000,0.4986,0.5000,0.0009
85.472,0.5000,0.4987,0.5000,0.0009
85.504,0.5000,0.4987,0.5000,0.0008
85.536,0.5000,0.4987,0.5000,0.0008
85.568,0.5000,0.4987,0.5000,0.0008
85.600,0.5000,0.4987,0.5000,0.0007
85.632,0.5000,0.4988,0.5000,0.0007
85.664,0.5000,0.4988,0.5000,0.0006
85.696,0.5000,0.4988,0.5000,0.0006
85.728,0.5000,0.4988,0.5000,0.0006
85.760,0.5000,0.4989,0.5000,0.0005
85.792,0.5000,0.4989,0.5000,0.0005
85.824,0.5000,0.4989,0.5000,0.0005
85.856,0.5000,0.4989,0.5000,0.0004
85.888,0.5000,0.4990,0.5000,0.0004
85.920,0.5000,0.4990,0.5000,0.0003
85.952,0.5000,0.4990,0.5000,0.0003
85.984,0.5000,0.4990,0.5000,0.0003
86.016,0.5000,0.4990,0.5000,0.0002
86.048,0.5000,0.4991,0.5000,0.0002
86.080,0.5000,0.4991,0.5000,0.0002
86.112,0.5000,0.4991,0.5000,0.0001
86.144,0.5000,0.4991,0.5000,0.0001
86.176,0.5000,0.4992,0.5000,0.0001
86.208,0.5000,0.4992,0.5000,0.0000
86.240,0.5000,0.4992,0.5000,-0.0000
86.272,0.5000,0.4992,0.5000,-0.0001
86.304,0.5000,0.4993,0.5000,-0.0001
86.336,0.5000,0.4993,0.5000,-0.0001
86.368,0.5000,0.4993,0.5000,-0.0002
86.400,0.5000,0.4993,0.5000,-0.0002
86.432,0.5000,0.4993,0.5000,-0.0002
86.464,0.5000,0.4994,0.5000,-0.0003
86.496,0.5000,0.4994,0.5000,-0.0003
86.528,0.5000,0.4994,0.5000,-0.0003
86.560,0.5000,0.4994,0.5000,-0.0004
86.592,0.5000,0.4995,0.5000,-0.0004
86.624,0.5000,0.4995,0.5000,-0.0004
86.656,0.5000,0.4995,0.5000,-0.0005
86.688,0.5000,0.4995,0.5000,-0.0005
86.720,0.5000,0.4996,0.5000,-0.0005
86.752,0.5000,0.4996,0.5000,-0.0006
86.784,0.5000,0.4996,0.5000,-0.0006
86.816,0.5000,0.4996,0.5000,-0.0006
86.848,0.5000,0.4997,0.5000,-0.0007
86.880,0.5000,0.4997,0.5000,-0.0007
86.912,0.5000,0.4997,0.5000,-0.0007
86.944,0.5000,0.4997,0.5000,-0.0008
86.976,0.5000,0.4997,0.5000,-0.0008
87.008,0.5000,0.4998,0.5000,-0.0008
87.040,0.5000,0.4998,0.5000,-0.0009
87.072,0.5000,0.4998,0.5000,-0.0009
87.104,0.5000,0.4998,0.5000,-0.0009
87.136,0.5000,0.4999,0.5000,-0.0010
87.168,0.5000,0.4999,0.5000,-0.0010
87.200,0.5000,0.4999,0.5000,-0.0010
87.232,0.5000,0.4999,0.5000,-0.0011
87.264,0.5000,0.5000,0.5000,-0.0011
87.296,0.5000,0.5000,0.5000,-0.0011
87.328,0.5000,0.5000,0.5000,-0.0012
87.360,0.5000,0.5000,0.5000,-0.0012
87.392,0.5000,0.5000,0.5000,-0.0012
87.424,0.5000,0.5001,0.5000,-0.0013
87.456,0.5000,0.5001,0.5000,-0.0013
87.488,0.5000,0.5001,0.5000,-0.0013
87.520,0.5000,0.5001,0.5000,-0.0014
87.552,0.5000,0.5002,0.5000,-0.0014
87.584,0.5000,0.5002,0.5000,-0.0014
87.616,0.5000,0.5002,0.5000,-0.0014
87.648,0.5000,0.5002,0.5000,-0.0015
87.680,0.5000,0.5002,0.5000,-0.0015
87.712,0.5000,0.5003,0.5000,-0.0015
87.744,0.5000,0.5003,0.5000,-0.0016
87.776,0.5000,0.5003,0.5000,-0.0016
87.808,0.5000,0.5003,0.5000,-0.0016
87.840,0.5000,0.5004,0.5000,-0.0016
87.872,0.5000,0.5004,0.5000,-0.0017
87.904,0.5000,0.5004,0.5000,-0.0017
87.936,0.5000,0.5004,0.5000,-0.0017
87.968,0.5000,0.5004,0.5000,-0.0018
88.000,0.5000,0.5005,0.5000,-0.0018
88.032,0.5000,0.5005,0.5000,-0.0018
88.064,0.5000,0.5005,0.5000,-0.0018
88.096,0.5000,0.5005,0.5000,-0.0019
88.128,0.5000,0.5005,0.5000,-0.0019
88.160,0.5000,0.5006,0.5000,-0.0019
88.192,0.5000,0.5006,0.5000,-0.0019
88.224,0.5000,0.5006,0.5000,-0.0020
88.256,0.5000,0.5006,0.5000,-0.0020
88.288,0.5000,0.5006,0.5000,-0.0020
88.320,0.5000,0.5007,0.5000,-0.0020
88.352,0.5000,0.5007,0.5000,-0.0021
88.384,0.5000,0.5007,0.5000,-0.0021
88.416,0.5000,0.5007,0.5000,-0.0021
88.448,0.5000,0.5007,0.5000,-0.0021
88.480,0.5000,0.5008,0.5000,-0.0022
88.512,0.5000,0.5008,0.5000,-0.0022
88.544,0.5000,0.5008,0.5000,-0.0022
88.576,0.5000,0.5008,0.5000,-0.0022
88.608,0.5000,0.5008,0.5000,-0.0023
88.640,0.5000,0.5009,0.5000,-0.0023
88.672,0.5000,0.5009,0.5000,-0.0023
88.704,0.5000,0.5009,0.5000,-0.0023
88.736,0.5000,0.5009,0.5000,-0.0023
88.768,0.5000,0.5009,0.5000,-0.0024
88.800,0.5000,0.5010,0.5000,-0.0024
88.832,0.5000,0.5010,0.5000,-0.0024
88.864,0.5000,0.5010,0.5000,-0.0024
88.896,0.5000,0.5010,0.5000,-0.0024
88.928,0.5000,0.5010,0.5000,-0.0025
88.960,0.5000,0.5010,0.5000,-0.0025
88.992,0.5000,0.5011,0.5000,-0.0025
89.024,0.5000,0.5011,0.5000,-0.0025
89.056,0.5000,0.5011,0.5000,-0.0025
89.088,0.5000,0.5011,0.5000,-0.0026
89.120,0.5000,0.5011,0.5000,-0.0026
89.152,0.5000,0.5011,0.5000,-0.0026
89.184,0.5000,0.5012,0.5000,-0.0026
89.216,0.5000,0.5012,0.5000,-0.0026
89.248,0.5000,0.5012,0.5000,-0.0026
89.280,0.5000,0.5012,0.5000,-0.0027
89.312,0.5000,0.5012,0.5000,-0.0027
89.344,0.5000,0.5012,0.5000,-0.0027
89.376,0.5000,0.5013,0.5000,-0.0027
89.408,0.5000,0.5013,0.5000,-0.0027
89.440,0.5000,0.5013,0.5000,-0.0027
89.472,0.5000,0.5013,0.5000,-0.0028
89.504,0.5000,0.5013,0.5000,-0.0028
89.536,0.5000,0.5013,0.5000,-0.0028
89.568,0.5000,0.5014,0.5000,-0.0028
89.600,0.5000,0.5014,0.5000,-0.0028
89.632,0.5000,0.5014,0.5000,-0.0028
89.664,0.5000,0.5014,0.5000,-0.0028
89.696,0.5000,0.5014,0.5000,-0.0029
89.728,0.5000,0.5014,0.5000,-0.0029
89.760,0.5000,0.5014,0.5000,-0.0029
89.792,0.5000,0.5015,0.5000,-0.0029
89.824,0.5000,0.5015,0.5000,-0.0029
89.856,0.5000,0.5015,0.5000,-0.0029
89.888,0.5000,0.5015,0.5000,-0.0029
89.920,0.5000,0.5015,0.5000,-0.0029
89.952,0.5000,0.5015,0.5000,-0.0029
89.984,0.5000,0.5015,0.5000,-0.0030
90.016,0.5000,0.5015,0.5000,-0.0030
90.048,0.5000,0.5016,0.5000,-0.0030
90.080,0.5000,0.5016,0.5000,-0.0030
90.112,0.5000,0.5016,0.5000,-0.0030
90.144,0.5000,0.5016,0.5000,-0.0030
90.176,0.5000,0.5016,0.5000,-0.0030
90.208,0.5000,0.5016,0.5000,-0.0030
90.240,0.5000,0.5016,0.5000,-0.0030
90.272,0.5000,0.5016,0.5000,-0.0030
90.304,0.5000,0.5016,0.5000,-0.0030
90.336,0.5000,0.5017,0.5000,-0.0031
90.368,0.5000,0.5017,0.5000,-0.0031
90.400,0.5000,0.5017,0.5000,-0.0031
90.432,0.5000,0.5017,0.5000,-0.0031
90.464,0.5000,0.5017,0.5000,-0.0031
90.496,0.5000,0.5017,0.5000,-0.0031
90.528,0.5000,0.5017,0.5000,-0.0031
90.560,0.5000,0.5017,0.5000,-0.0031
90.592,0.5000,0.5017,0.5000,-0.0031
90.624,0.5000,0.5018,0.5000,-0.0031
90.656,0.5000,0.5018,0.5000,-0.0031
90.688,0.5000,0.5018,0.5000,-0.0031
90.720,0.5000,0.5018,0.5000,-0.0031
90.752,0.5000,0.5018,0.5000,-0.0031
90.784,0.5000,0.5018,0.5000,-0.0031
90.816,0.5000,0.5018,0.5000,-0.0031
90.848,0.5000,0.5018,0.5000,-0.0031
90.880,0.5000,0.5018,0.5000,-0.0031
90.912,0.5000,0.5018,0.5000,-0.0031
90.944,0.5000,0.5018,0.5000,-0.0031
90.976,0.5000,0.5018,0.5000,-0.0031
91.008,0.5000,0.5018,0.5000,-0.0031
91.040,0.5000,0.5019,0.5000,-0.0031
91.072,0.5000,0.5019,0.5000,-0.0031
91.104,0.5000,0.5019,0.5000,-0.0031
91.136,0.5000,0.5019,0.5000,-0.0031
91.168,0.5000,0.5019,0.5000,-0.0031
91.200,0.5000,0.5019,0.5000,-0.0031
91.232,0.5000,0.5019,0.5000,-0.0031
91.264,0.5000,0.5019,0.5000,-0.0031
91.296,0.5000,0.5019,0.5000,-0.0031
91.328,0.5000,0.5019,0.5000,-0.0031
91.360,0.5000,0.5019,0.5000,-0.0031
91.392,0.5000,0.5019,0.5000,-0.0031
91.424,0.5000,0.5019,0.5000,-0.0031
91.456,0.5000,0.5019,0.5000,-0.0031
91.488,0.5000,0.5019,0.5000,-0.0031
91.520,0.5000,0.5019,0.5000,-0.0031
91.552,0.5000,0.5019,0.5000,-0.0031
91.584,0.5000,0.5019,0.5000,-0.0031
91.616,0.5000,0.5019,0.5000,-0.0031
91.648,0.5000,0.5020,0.5000,-0.0031
91.680,0.5000,0.5020,0.5000,-0.0031
91.712,0.5000,0.5020,0.5000,-0.0031
91.744,0.5000,0.5020,0.5000,-0.0031
91.776,0.5000,0.5020,0.5000,-0.0031
91.808,0.5000,0.5020,0.5000,-0.0031
91.840,0.5000,0.5020,0.5000,-0.0031
91.872,0.5000,0.5020,0.5000,-0.0031
91.904,0.5000,0.5020,0.5000,-0.0031
91.936,0.5000,0.5020,0.5000,-0.0031
91.968,0.5000,0.5020,0.5000,-0.0030
92.000,0.5000,0.5020,0.5000,-0.0030
92.032,0.5000,0.5020,0.5000,-0.0030
92.064,0.5000,0.5020,0.5000,-0.0030
92.096,0.5000,0.5020,0.5000,-0.0030
92.128,0.5000,0.5020,0.5000,-0.0030
92.160,0.5000,0.5020,0.5000,-0.0030
92.192,0.5000,0.5020,0.5000,-0.0030
92.224,0.5000,0.5020,0.5000,-0.0030
92.256,0.5000,0.5020,0.5000,-0.0030
92.288,0.5000,0.5020,0.5000,-0.0030
92.320,0.5000,0.5020,0.5000,-0.0030
92.352,0.5000,0.5020,0.5000,-0.0029
92.384,0.5000,0.5020,0.5000,-0.0029
92.416,0.5000,0.5020,0.5000,-0.0029
92.448,0.5000,0.5020,0.5000,-0.0029
92.480,0.5000,0.5020,0.5000,-0.0029
92.512,0.5000,0.5020,0.5000,-0.0029
92.544,0.5000,0.5020,0.5000,-0.0029
92.576,0.5000,0.5020,0.5000,-0.0029
92.608,0.5000,0.5020,0.5000,-0.0029
92.640,0.5000,0.5020,0.5000,-0.0029
92.672,0.5000,0.5020,0.5000,-0.0028
92.704,0.5000,0.5020,0.5000,-0.0028
92.736,0.5000,0.5020,0.5000,-0.0028
92.768,0.5000,0.5020,0.5000,-0.0028
92.800,0.5000,0.5020,0.5000,-0.0028
92.832,0.5000,0.5020,0.5000,-0.0028
92.864,0.5000,0.5020,0.5000,-0.0028
92.896,0.5000,0.5019,0.5000,-0.0028
92.928,0.5000,0.5019,0.5000,-0.0027
92.960,0.5000,0.5019,0.5000,-0.0027
92.992,0.5000,0.5019,0.5000,-0.0027
93.024,0.5000,0.5019,0.5000,-0.0027
93.056,0.5000,0.5019,0.5000,-0.0027
93.088,0.5000,0.5019,0.5000,-0.0027
93.120,0.5000,0.5019,0.5000,-0.0027
93.152,0.5000,0.5019,0.5000,-0.0026
93.184,0.5000,0.5019,0.5000,-0.0026
93.216,0.5000,0.5019,0.5000,-0.0026
93.248,0.5000,0.5019,0.5000,-0.0026
93.280,0.5000,0.5019,0.5000,-0.0026
93.312,0.5000,0.5019,0.5000,-0.0026
93.344,0.5000,0.5019,0.5000,-0.0025
93.376,0.5000,0.5019,0.5000,-0.0025
93.408,0.5000,0.5019,0.5000,-0.0025
93.440,0.5000,0.5019,0.5000,-0.0025
93.472,0.5000,0.5019,0.5000,-0.0025
93.504,0.5000,0.5019,0.5000,-0.0025
93.536,0.5000,0.5018,0.5000,-0.0025
93.568,0.5000,0.5018,0.5000,-0.0024
93.600,0.5000,0.5018,0.5000,-0.0024
93.632,0.5000,0.5018,0.5000,-0.0024
93.664,0.5000,0.5018,0.5000,-0.0024
93.696,0.5000,0.5018,0.5000,-0.0024
93.728,0.5000,0.5018,0.5000,-0.0023
93.760,0.5000,0.5018,0.5000,-0.0023
93.792,0.5000,0.5018,0.5000,-0.0023
93.824,0.5000,0.5018,0.5000,-0.0023
93.856,0.5000,0.5018,0.5000,-0.0023
93.888,0.5000,0.5018,0.5000,-0.0023
93.920,0.5000,0.5018,0.5000,-0.0022
93.952,0.5000,0.5018,0.5000,-0.0022
93.984,0.5000,0.5017,0.5000,-0.0022
94.016,0.5000,0.5017,0.5000,-0.0022
94.048,0.5000,0.5017,0.5000,-0.0021
94.080,0.5000,0.5017,0.5000,-0.0021
94.112,0.5000,0.5017,0.5000,-0.0021
94.144,0.5000,0.5017,0.5000,-0.0021
94.176,0.5000,0.5017,0.5000,-0.0021
94.208,0.5000,0.5017,0.5000,-0.0020
94.240,0.5000,0.5017,0.5000,-0.0020
94.272,0.5000,0.5017,0.5000,-0.0020
94.304,0.5000,0.5017,0.5000,-0.0020
94.336,0.5000,0.5016,0.5000,-0.0020
94.368,0.5000,0.5016,0.5000,-0.0019
94.400,0.5000,0.5016,0.5000,-0.0019
94.432,0.5000,0.5016,0.5000,-0.0019
94.464,0.5000,0.5016,0.5000,-0.0019
94.496,0.5000,0.5016,0.5000,-0.0018
94.528,0.5000,0.5016,0.5000,-0.0018
94.560,0.5000,0.5016,0.5000,-0.0018
94.592,0.5000,0.5016,0.5000,-0.0018
94.624,0.5000,0.5015,0.5000,-0.0018
94.656,0.5000,0.5015,0.5000,-0.0017
94.688,0.5000,0.5015,0.5000,-0.0017
94.720,0.5000,0.5015,0.5000,-0.0017
94.752,0.5000,0.5015,0.5000,-0.0017
94.784,0.5000,0.5015,0.5000,-0.0016
94.816,0.5000,0.5015,0.5000,-0.0016
94.848,0.5000,0.5015,0.5000,-0.0016
94.880,0.5000,0.5015,0.5000,-0.0016
94.912,0.5000,0.5014,0.5000,-0.0015
94.944,0.5000,0.5014,0.5000,-0.0015
94.976,0.5000,0.5014,0.5000,-0.0015
95.008,0.5000,0.5014,0.5000,-0.0015
95.040,0.5000,0.5014,0.5000,-0.0014
95.072,0.5000,0.5014,0.5000,-0.0014
95.104,0.5000,0.5014,0.5000,-0.0014
95.136,0.5000,0.5014,0.5000,-0.0014
95.168,0.5000,0.5013,0.5000,-0.0014
95.200,0.5000,0.5013,0.5000,-0.0013
95.232,0.5000,0.5013,0.5000,-0.0013
95.264,0.5000,0.5013,0.5000,-0.0013
95.296,0.5000,0.5013,0.5000,-0.0012
95.328,0.5000,0.5013,0.5000,-0.0012
95.360,0.5000,0.5013,0.5000,-0.0012
95.392,0.5000,0.5012,0.5000,-0.0012
95.424,0.5000,0.5012,0.5000,-0.0011
95.456,0.5000,0.5012,0.5000,-0.0011
95.488,0.5000,0.5012,0.5000,-0.0011
95.520,0.5000,0.5012,0.5000,-0.0011
95.552,0.5000,0.5012,0.5000,-0.0010
95.584,0.5000,0.5012,0.5000,-0.0010
95.616,0.5000,0.5012,0.5000,-0.0010
95.648,0.5000,0.5011,0.5000,-0.0010
95.680,0.5000,0.5011,0.5000,-0.0009
95.712,0.5000,0.5011,0.5000,-0.0009
95.744,0.5000,0.5011,0.5000,-0.0009
95.776,0.5000,0.5011,0.5000,-0.0009
95.808,0.5000,0.5011,0.5000,-0.0008
95.840,0.5000,0.5011,0.5000,-0.0008
95.872,0.5000,0.5010,0.5000,-0.0008
95.904,0.5000,0.5010,0.5000,-0.0008
95.936,0.5000,0.5010,0.5000,-0.0007
95.968,0.5000,0.5010,0.5000,-0.0007
96.000,0.5000,0.5010,0.5000,-0.0007
96.032,0.5000,0.5010,0.5000,-0.0007
96.064,0.5000,0.5009,0.5000,-0.0006
96.096,0.5000,0.5009,0.5000,-0.0006
96.128,0.5000,0.5009,0.5000,-0.0006
96.160,0.5000,0.5009,0.5000,-0.0006
96.192,0.5000,0.5009,0.5000,-0.0005
96.224,0.5000,0.5009,0.5000,-0.0005
96.256,0.5000,0.5009,0.5000,-0.0005
96.288,0.5000,0.5008,0.5000,-0.0005
96.320,0.5000,0.5008,0.5000,-0.0004
96.352,0.5000,0.5008,0.5000,-0.0004
96.384,0.5000,0.5008,0.5000,-0.0004
96.416,0.5000,0.5008,0.5000,-0.0004
96.448,0.5000,0.5008,0.5000,-0.0003
96.480,0.5000,0.5007,0.5000,-0.0003
96.512,0.5000,0.5007,0.5000,-0.0003
96.544,0.5000,0.5007,0.5000,-0.0003
96.576,0.5000,0.5007,0.5000,-0.0002
96.608,0.5000,0.5007,0.5000,-0.0002
96.640,0.5000,0.5007,0.5000,-0.0002
96.672,0.5000,0.5006,0.5000,-0.0002
96.704,0.5000,0.5006,0.5000,-0.0001
96.736,0.5000,0.5006,0.5000,-0.0001
96.768,0.5000,0.5006,0.5000,-0.0001
96.800,0.5000,0.5006,0.5000,-0.0001
96.832,0.5000,0.5006,0.5000,-0.0000
96.864,0.5000,0.5006,0.5000,-0.0000
96.896,0.5000,0.5005,0.5000,0.0000
96.928,0.5000,0.5005,0.5000,0.0000
96.960,0.5000,0.5005,0.5000,0.0001
96.992,0.5000,0.5005,0.5000,0.0001
97.024,0.5000,0.5005,0.5000,0.0001
97.056,0.5000,0.5005,0.5000,0.0001
97.088,0.5000,0.5004,0.5000,0.0002
97.120,0.5000,0.5004,0.5000,0.0002
97.152,0.5000,0.5004,0.5000,0.0002
97.184,0.5000,0.5004,0.5000,0.0002
97.216,0.5000,0.5004,0.5000,0.0003
97.248,0.5000,0.5004,0.5000,0.0003
97.280,0.5000,0.5003,0.5000,0.0003
97.312,0.5000,0.5003,0.5000,0.0003
97.344,0.5000,0.5003,0.5000,0.0004
97.376,0.5000,0.5003,0.5000,0.0004
97.408,0.5000,0.5003,0.5000,0.0004
97.440,0.5000,0.5003,0.5000,0.0004
97.472,0.5000,0.5002,0.5000,0.0005
97.504,0.5000,0.5002,0.5000,0.0005
97.536,0.5000,0.5002,0.5000,0.0005
97.568,0.5000,0.5002,0.5000,0.0005
97.600,0.5000,0.5002,0.5000,0.0005
97.632,0.5000,0.5002,0.5000,0.0006
97.664,0.5000,0.5002,0.5000,0.0006
97.696,0.5000,0.5001,0.5000,0.0006
97.728,0.5000,0.5001,0.5000,0.0006
97.760,0.5000,0.5001,0.5000,0.0007
97.792,0.5000,0.5001,0.5000,0.0007
97.824,0.5000,0.5001,0.5000,0.0007
97.856,0.5000,0.5001,0.5000,0.0007
97.888,0.5000,0.5000,0.5000,0.0007
97.920,0.5000,0.5000,0.5000,0.0008
97.952,0.5000,0.5000,0.5000,0.0008
97.984,0.5000,0.5000,0.5000,0.0008
98.016,0.5000,0.5000,0.5000,0.0008
98.048,0.5000,0.5000,0.5000,0.0009
98.080,0.5000,0.4999,0.5000,0.0009
98.112,0.5000,0.4999,0.5000,0.0009
98.144,0.5000,0.4999,0.5000,0.0009
98.176,0.5000,0.4999,0.5000,0.0009
98.208,0.5000,0.4999,0.5000,0.0010
98.240,0.5000,0.4999,0.5000,0.0010
98.272,0.5000,0.4999,0.5000,0.0010
98.304,0.5000,0.4998,0.5000,0.0010
98.336,0.5000,0.4998,0.5000,0.0010
98.368,0.5000,0.4998,0.5000,0.0011
98.400,0.5000,0.4998,0.5000,0.0011
98.432,0.5000,0.4998,0.5000,0.0011
98.464,0.5000,0.4998,0.5000,0.0011
98.496,0.5000,0.4998,0.5000,0.0011
98.528,0.5000,0.4997,0.5000,0.0012
98.560,0.5000,0.4997,0.5000,0.0012
98.592,0.5000,0.4997,0.5000,0.0012
98.624,0.5000,0.4997,0.5000,0.0012
98.656,0.5000,0.4997,0.5000,0.0012
98.688,0.5000,0.4997,0.5000,0.0013
98.720,0.5000,0.4996,0.5000,0.0013
98.752,0.5000,0.4996,0.5000,0.0013
98.784,0.5000,0.4996,0.5000,0.0013
98.816,0.5000,0.4996,0.5000,0.0013
98.848,0.5000,0.4996,0.5000,0.0013
98.880,0.5000,0.4996,0.5000,0.0014
98.912,0.5000,0.4996,0.5000,0.0014
98.944,0.5000,0.4995,0.5000,0.0014
98.976,0.5000,0.4995,0.5000,0.0014
99.008,0.5000,0.4995,0.5000,0.0014
99.040,0.5000,0.4995,0.5000,0.0015
99.072,0.5000,0.4995,0.5000,0.0015
99.104,0.5000,0.4995,0.5000,0.0015
99.136,0.5000,0.4995,0.5000,0.0015
99.168,0.5000,0.4995,0.5000,0.0015
99.200,0.5000,0.4994,0.5000,0.0015
99.232,0.5000,0.4994,0.5000,0.0015
99.264,0.5000,0.4994,0.5000,0.0016
99.296,0.5000,0.4994,0.5000,0.0016
99.328,0.5000,0.4994,0.5000,0.0016
99.360,0.5000,0.4994,0.5000,0.0016
99.392,0.5000,0.4994,0.5000,0.0016
99.424,0.5000,0.4993,0.5000,0.0016
99.456,0.5000,0.4993,0.5000,0.0017
99.488,0.5000,0.4993,0.5000,0.0017
99.520,0.5000,0.4993,0.5000,0.0017
99.552,0.5000,0.4993,0.5000,0.0017
99.584,0.5000,0.4993,0.5000,0.0017
99.616,0.5000,0.4993,0.5000,0.0017
99.648,0.5000,0.4993,0.5000,0.0017
99.680,0.5000,0.4992,0.5000,0.0017
99.712,0.5000,0.4992,0.5000,0.0018
99.744,0.5000,0.4992,0.5000,0.0018
99.776,0.5000,0.4992,0.5000,0.0018
99.808,0.5000,0.4992,0.5000,0.0018
99.840,0.5000,0.4992,0.5000,0.0018
99.872,0.5000,0.4992,0.5000,0.0018
99.904,0.5000,0.4992,0.5000,0.0018
99.936,0.5000,0.4992,0.5000,0.0018
99.968,0.5000,0.4991,0.5000,0.0019
100.000,0.5000,0.4991,0.5000,0.0019
100.032,0.5000,0.4991,0.5000,0.0019
100.064,0.5000,0.4991,0.5000,0.0019
100.096,0.5000,0.4991,0.5000,0.0019
100.128,0.5000,0.4991,0.5000,0.0019
100.160,0.5000,0.4991,0.5000,0.0019
100.192,0.5000,0.4991,0.5000,0.0019
100.224,0.5000,0.4991,0.5000,0.0019
100.256,0.5000,0.4990,0.5000,0.0020
100.288,0.5000,0.4990,0.5000,0.0020
100.320,0.5000,0.4990,0.5000,0.0020
100.352,0.5000,0.4990,0.5000,0.0020
100.384,0.5000,0.4990,0.5000,0.0020
100.416,0.5000,0.4990,0.5000,0.0020
100.448,0.5000,0.4990,0.5000,0.0020
100.480,0.5000,0.4990,0.5000,0.0020
100.512,0.5000,0.4990,0.5000,0.0020
100.544,0.5000,0.4990,0.5000,0.0020
100.576,0.5000,0.4990,0.5000,0.0020
100.608,0.5000,0.4989,0.5000,0.0021
100.640,0.5000,0.4989,0.5000,0.0021
100.672,0.5000,0.4989,0.5000,0.0021
100.704,0.5000,0.4989,0.5000,0.0021
100.736,0.5000,0.4989,0.5000,0.0021
100.768,0.5000,0.4989,0.5000,0.0021
100.800,0.5000,0.4989,0.5000,0.0021
100.832,0.5000,0.4989,0.5000,0.0021
100.864,0.5000,0.4989,0.5000,0.0021
100.896,0.5000,0.4989,0.5000,0.0021
100.928,0.5000,0.4989,0.5000,0.0021
100.960,0.5000,0.4988,0.5000,0.0021
100.992,0.5000,0.4988,0.5000,0.0021
101.024,0.5000,0.4988,0.5000,0.0021
101.056,0.5000,0.4988,0.5000,0.0021
101.088,0.5000,0.4988,0.5000,0.0021
101.120,0.5000,0.4988,0.5000,0.0021
101.152,0.5000,0.4988,0.5000,0.0021
101.184,0.5000,0.4988,0.5000,0.0022
101.216,0.5000,0.4988,0.5000,0.0022
101.248,0.5000,0.4988,0.5000,0.0022
101.280,0.5000,0.4988,0.5000,0.0022
101.312,0.5000,0.4988,0.5000,0.0022
101.344,0.5000,0.4988,0.5000,0.0022
101.376,0.5000,0.4988,0.5000,0.0022
101.408,0.5000,0.4988,0.5000,0.0022
101.440,0.5000,0.4987,0.5000,0.0022
101.472,0.5000,0.4987,0.5000,0.0022
101.504,0.5000,0.4987,0.5000,0.0022
101.536,0.5000,0.4987,0.5000,0.0022
101.568,0.5000,0.4987,0.5000,0.0022
101.600,0.5000,0.4987,0.5000,0.0022
101.632,0.5000,0.4987,0.5000,0.0022
101.664,0.5000,0.4987,0.5000,0.0022
101.696,0.5000,0.4987,0.5000,0.0022
101.728,0.5000,0.4987,0.5000,0.0022
101.760,0.5000,0.4987,0.5000,0.0022
101.792,0.5000,0.4987,0.5000,0.0022
101.824,0.5000,0.4987,0.5000,0.0022
101.856,0.5000,0.4987,0.5000,0.0022
101.888,0.5000,0.4987,0.5000,0.0022
101.920,0.5000,0.4987,0.5000,0.0022
101.952,0.5000,0.4987,0.5000,0.0022
101.984,0.5000,0.4987,0.5000,0.0022
102.016,0.5000,0.4987,0.5000,0.0022
102.048,0.5000,0.4987,0.5000,0.0022
102.080,0.5000,0.4987,0.5000,0.0022
102.112,0.5000,0.4987,0.5000,0.0022
102.144,0.5000,0.4987,0.5000,0.0022
102.176,0.5000,0.4986,0.5000,0.0022
102.208,0.5000,0.4986,0.5000,0.0022
102.240,0.5000,0.4986,0.5000,0.0022
102.272,0.5000,0.4986,0.5000,0.0022
102.304,0.5000,0.4986,0.5000,0.0022
102.336,0.5000,0.4986,0.5000,0.0022
102.368,0.5000,0.4986,0.5000,0.0022
102.400,0.5000,0.4986,0.5000,0.0022
102.432,0.5000,0.4986,0.5000,0.0022
102.464,0.5000,0.4986,0.5000,0.0022
102.496,0.5000,0.4986,0.5000,0.0022
102.528,0.5000,0.4986,0.5000,0.0021
102.560,0.5000,0.4986,0.5000,0.0021
102.592,0.5000,0.4986,0.5000,0.0021
102.624,0.5000,0.4986,0.5000,0.0021
102.656,0.5000,0.4986,0.5000,0.0021
102.688,0.5000,0.4986,0.5000,0.0021
102.720,0.5000,0.4986,0.5000,0.0021
102.752,0.5000,0.4986,0.5000,0.0021
102.784,0.5000,0.4986,0.5000,0.0021
102.816,0.5000,0.4986,0.5000,0.0021
102.848,0.5000,0.4986,0.5000,0.0021
102.880,0.5000,0.4986,0.5000,0.0021
102.912,0.5000,0.4986,0.5000,0.0021
102.944,0.5000,0.4986,0.5000,0.0021
102.976,0.5000,0.4986,0.5000,0.0021
103.008,0.5000,0.4986,0.5000,0.0021
103.040,0.5000,0.4986,0.5000,0.0021
103.072,0.5000,0.4986,0.5000,0.0021
103.104,0.5000,0.4986,0.5000,0.0021
103.136,0.5000,0.4986,0.5000,0.0020
103.168,0.5000,0.4986,0.5000,0.0020
103.200,0.5000,0.4986,0.5000,0.0020
103.232,0.5000,0.4986,0.5000,0.0020
103.264,0.5000,0.4986,0.5000,0.0020
103.296,0.5000,0.4986,0.5000,0.0020
103.328,0.5000,0.4986,0.5000,0.0020
103.360,0.5000,0.4986,0.5000,0.0020
103.392,0.5000,0.4986,0.5000,0.0020
103.424,0.5000,0.4986,0.5000,0.0020
103.456,0.5000,0.4986,0.5000,0.0020
103.488,0.5000,0.4986,0.5000,0.0020
103.520,0.5000,0.4986,0.5000,0.0019
103.552,0.5000,0.4986,0.5000,0.0019
103.584,0.5000,0.4986,0.5000,0.0019
103.616,0.5000,0.4986,0.5000,0.0019
103.648,0.5000,0.4986,0.5000,0.0019
103.680,0.5000,0.4986,0.5000,0.0019
103.712,0.5000,0.4986,0.5000,0.0019
103.744,0.5000,0.4986,0.5000,0.0019
103.776,0.5000,0.4987,0.5000,0.0019
103.808,0.5000,0.4987,0.5000,0.0019
103.840,0.5000,0.4987,0.5000,0.0019
103.872,0.5000,0.4987,0.5000,0.0018
103.904,0.5000,0.4987,0.5000,0.0018
103.936,0.5000,0.4987,0.5000,0.0018
103.968,0.5000,0.4987,0.5000,0.0018
104.000,0.5000,0.4987,0.5000,0.0018
104.032,0.5000,0.4987,0.5000,0.0018
104.064,0.5000,0.4987,0.5000,0.0018
104.096,0.5000,0.4987,0.5000,0.0018
104.128,0.5000,0.4987,0.5000,0.0018
104.160,0.5000,0.4987,0.5000,0.0017
104.192,0.5000,0.4987,0.5000,0.0017
104.224,0.5000,0.4987,0.5000,0.0017
104.256,0.5000,0.4987,0.5000,0.0017
104.288,0.5000,0.4987,0.5000,0.0017
104.320,0.5000,0.4987,0.5000,0.0017
104.352,0.5000,0.4987,0.5000,0.0017
104.384,0.5000,0.4987,0.5000,0.0017
104.416,0.5000,0.4987,0.5000,0.0016
104.448,0.5000,0.4987,0.5000,0.0016
104.480,0.5000,0.4987,0.5000,0.0016
104.512,0.5000,0.4987,0.5000,0.0016
104.544,0.5000,0.4988,0.5000,0.0016
104.576,0.5000,0.4988,0.5000,0.0016
104.608,0.5000,0.4988,0.5000,0.0016
104.640,0.5000,0.4988,0.5000,0.0016
104.672,0.5000,0.4988,0.5000,0.0015
104.704,0.5000,0.4988,0.5000,0.0015
104.736,0.5000,0.4988,0.5000,0.0015
104.768,0.5000,0.4988,0.5000,0.0015
104.800,0.5000,0.4988,0.5000,0.0015
104.832,0.5000,0.4988,0.5000,0.0015
104.864,0.5000,0.4988,0.5000,0.0015
104.896,0.5000,0.4988,0.5000,0.0014
104.928,0.5000,0.4988,0.5000,0.0014
104.960,0.5000,0.4988,0.5000,0.0014
104.992,0.5000,0.4988,0.5000,0.0014
105.024,0.5000,0.4988,0.5000,0.0014
105.056,0.5000,0.4988,0.5000,0.0014
105.088,0.5000,0.4989,0.5000,0.0014
105.120,0.5000,0.4989,0.5000,0.0013
105.152,0.5000,0.4989,0.5000,0.0013
105.184,0.5000,0.4989,0.5000,0.0013
105.216,0.5000,0.4989,0.5000,0.0013
105.248,0.5000,0.4989,0.5000,0.0013
105.280,0.5000,0.4989,0.5000,0.0013
105.312,0.5000,0.4989,0.5000,0.0013
105.344,0.5000,0.4989,0.5000,0.0012
105.376,0.5000,0.4989,0.5000,0.0012
105.408,0.5000,0.4989,0.5000,0.0012
105.440,0.5000,0.4989,0.5000,0.0012
105.472,0.5000,0.4989,0.5000,0.0012
105.504,0.5000,0.4990,0.5000,0.0012
105.536,0.5000,0.4990,0.5000,0.0011
105.568,0.5000,0.4990,0.5000,0.0011
105.600,0.5000,0.4990,0.5000,0.0011
105.632,0.5000,0.4990,0.5000,0.0011
105.664,0.5000,0.4990,0.5000,0.0011
105.696,0.5000,0.4990,0.5000,0.0011
105.728,0.5000,0.4990,0.5000,0.0010
105.760,0.5000,0.4990,0.5000,0.0010
105.792,0.5000,0.4990,0.5000,0.0010
105.824,0.5000,0.4990,0.5000,0.0010
105.856,0.5000,0.4990,0.5000,0.0010
105.888,0.5000,0.4991,0.5000,0.0010
105.920,0.5000,0.4991,0.5000,0.0009
105.952,0.5000,0.4991,0.5000,0.0009
105.984,0.5000,0.4991,0.5000,0.0009
106.016,0.5000,0.4991,0.5000,0.0009
106.048,0.5000,0.4991,0.5000,0.0009
106.080,0.5000,0.4991,0.5000,0.0009
106.112,0.5000,0.4991,0.5000,0.0008
106.144,0.5000,0.4991,0.5000,0.0008
106.176,0.5000,0.4991,0.5000,0.0008
106.208,0.5000,0.4991,0.5000,0.0008
106.240,0.5000,0.4992,0.5000,0.0008
106.272,0.5000,0.4992,0.5000,0.0007
106.304,0.5000,0.4992,0.5000,0.0007
106.336,0.5000,0.4992,0.5000,0.0007
106.368,0.5000,0.4992,0.5000,0.0007
106.400,0.5000,0.4992,0.5000,0.0007
106.432,0.5000,0.4992,0.5000,0.0007
106.464,0.5000,0.4992,0.5000,0.0006
106.496,0.5000,0.4992,0.5000,0.0006
106.528,0.5000,0.4992,0.5000,0.0006
106.560,0.5000,0.4993,0.5000,0.0006
106.592,0.5000,0.4993,0.5000,0.0006
106.624,0.5000,0.4993,0.5000,0.0005
106.656,0.5000,0.4993,0.5000,0.0005
106.688,0.5000,0.4993,0.5000,0.0005
106.720,0.5000,0.4993,0.5000,0.0005
106.752,0.5000,0.4993,0.5000,0.0005
106.784,0.5000,0.4993,0.5000,0.0005
106.816,0.5000,0.4993,0.5000,0.0004
106.848,0.5000,0.4994,0.5000,0.0004
106.880,0.5000,0.4994,0.5000,0.0004
106.912,0.5000,0.4994,0.5000,0.0004
106.944,0.5000,0.4994,0.5000,0.0004
106.976,0.5000,0.4994,0.5000,0.0004
107.008,0.5000,0.4994,0.5000,0.0003
107.040,0.5000,0.4994,0.5000,0.0003
107.072,0.5000,0.4994,0.5000,0.0003
107.104,0.5000,0.4994,0.5000,0.0003
107.136,0.5000,0.4994,0.5000,0.0003
107.168,0.5000,0.4995,0.5000,0.0002
107.200,0.5000,0.4995,0.5000,0.0002
107.232,0.5000,0.4995,0.5000,0.0002
107.264,0.5000,0.4995,0.5000,0.0002
107.296,0.5000,0.4995,0.5000,0.0002
107.328,0.5000,0.4995,0.5000,0.0002
107.360,0.5000,0.4995,0.5000,0.0001
107.392,0.5000,0.4995,0.5000,0.0001
107.424,0.5000,0.4995,0.5000,0.0001
107.456,0.5000,0.4996,0.5000,0.0001
107.488,0.5000,0.4996,0.5000,0.0001
107.520,0.5000,0.4996,0.5000,0.0000
107.552,0.5000,0.4996,0.5000,0.0000
107.584,0.5000,0.4996,0.5000,0.0000
107.616,0.5000,0.4996,0.5000,-0.0000
107.648,0.5000,0.4996,0.5000,-0.0000
107.680,0.5000,0.4996,0.5000,-0.0000
107.712,0.5000,0.4996,0.5000,-0.0001
107.744,0.5000,0.4997,0.5000,-0.0001
107.776,0.5000,0.4997,0.5000,-0.0001
107.808,0.5000,0.4997,0.5000,-0.0001
107.840,0.5000,0.4997,0.5000,-0.0001
107.872,0.5000,0.4997,0.5000,-0.0001
107.904,0.5000,0.4997,0.5000,-0.0002
107.936,0.5000,0.4997,0.5000,-0.0002
107.968,0.5000,0.4997,0.5000,-0.0002
108.000,0.5000,0.4998,0.5000,-0.0002
108.032,0.5000,0.4998,0.5000,-0.0002
108.064,0.5000,0.4998,0.5000,-0.0002
108.096,0.5000,0.4998,0.5000,-0.0003
108.128,0.5000,0.4998,0.5000,-0.0003
108.160,0.5000,0.4998,0.5000,-0.0003
108.192,0.5000,0.4998,0.5000,-0.0003
108.224,0.5000,0.4998,0.5000,-0.0003
108.256,0.5000,0.4998,0.5000,-0.0003
108.288,0.5000,0.4999,0.5000,-0.0004
108.320,0.5000,0.4999,0.5000,-0.0004
108.352,0.5000,0.4999,0.5000,-0.0004
108.384,0.5000,0.4999,0.5000,-0.0004
108.416,0.5000,0.4999,0.5000,-0.0004
108.448,0.5000,0.4999,0.5000,-0.0004
108.480,0.5000,0.4999,0.5000,-0.0005
108.512,0.5000,0.4999,0.5000,-0.0005
108.544,0.5000,0.4999,0.5000,-0.0005
108.576,0.5000,0.5000,0.5000,-0.0005
108.608,0.5000,0.5000,0.5000,-0.0005
108.640,0.5000,0.5000,0.5000,-0.0005
108.672,0.5000,0.5000,0.5000,-0.0006
108.704,0.5000,0.5000,0.5000,-0.0006
108.736,0.5000,0.5000,0.5000,-0.0006
108.768,0.5000,0.5000,0.5000,-0.0006
108.800,0.5000,0.5000,0.5000,-0.0006
108.832,0.5000,0.5000,0.5000,-0.0006
108.864,0.5000,0.5001,0.5000,-0.0006
108.896,0.5000,0.5001,0.5000,-0.0007
108.928,0.5000,0.5001,0.5000,-0.0007
108.960,0.5000,0.5001,0.5000,-0.0007
108.992,0.5000,0.5001,0.5000,-0.0007
109.024,0.5000,0.5001,0.5000,-0.0007
109.056,0.5000,0.5001,0.5000,-0.0007
109.088,0.5000,0.5001,0.5000,-0.0007
109.120,0.5000,0.5001,0.5000,-0.0008
109.152,0.5000,0.5001,0.5000,-0.0008
109.184,0.5000,0.5002,0.5000,-0.0008
109.216,0.5000,0.5002,0.5000,-0.0008
109.248,0.5000,0.5002,0.5000,-0.0008
109.280,0.5000,0.5002,0.5000,-0.0008
109.312,0.5000,0.5002,0.5000,-0.0008
109.344,0.5000,0.5002,0.5000,-0.0009
109.376,0.5000,0.5002,0.5000,-0.0009
109.408,0.5000,0.5002,0.5000,-0.0009
109.440,0.5000,0.5002,0.5000,-0.0009
109.472,0.5000,0.5003,0.5000,-0.0009
109.504,0.5000,0.5003,0.5000,-0.0009
109.536,0.5000,0.5003,0.5000,-0.0009
109.568,0.5000,0.5003,0.5000,-0.0010
109.600,0.5000,0.5003,0.5000,-0.0010
109.632,0.5000,0.5003,0.5000,-0.0010
109.664,0.5000,0.5003,0.5000,-0.0010
109.696,0.5000,0.5003,0.5000,-0.0010
109.728,0.5000,0.5003,0.5000,-0.0010
109.760,0.5000,0.5003,0.5000,-0.0010
109.792,0.5000,0.5004,0.5000,-0.0010
109.824,0.5000,0.5004,0.5000,-0.0010
109.856,0.5000,0.5004,0.5000,-0.0011
109.888,0.5000,0.5004,0.5000,-0.0011
109.920,0.5000,0.5004,0.5000,-0.0011
109.952,0.5000,0.5004,0.5000,-0.0011
109.984,0.5000,0.5004,0.5000,-0.0011
110.016,0.5000,0.5004,0.5000,-0.0011
110.048,0.5000,0.5004,0.5000,-0.0011
110.080,0.5000,0.5004,0.5000,-0.0011
110.112,0.5000,0.5004,0.5000,-0.0011
110.144,0.5000,0.5005,0.5000,-0.0012
110.176,0.5000,0.5005,0.5000,-0.0012
110.208,0.5000,0.5005,0.5000,-0.0012
110.240,0.5000,0.5005,0.5000,-0.0012
110.272,0.5000,0.5005,0.5000,-0.0012
110.304,0.5000,0.5005,0.5000,-0.0012
110.336,0.5000,0.5005,0.5000,-0.0012
110.368,0.5000,0.5005,0.5000,-0.0012
110.400,0.5000,0.5005,0.5000,-0.0012
110.432,0.5000,0.5005,0.5000,-0.0013
110.464,0.5000,0.5005,0.5000,-0.0013
110.496,0.5000,0.5006,0.5000,-0.0013
110.528,0.5000,0.5006,0.5000,-0.0013
110.560,0.5000,0.5006,0.5000,-0.0013
110.592,0.5000,0.5006,0.5000,-0.0013
110.624,0.5000,0.5006,0.5000,-0.0013
110.656,0.5000,0.5006,0.5000,-0.0013
110.688,0.5000,0.5006,0.5000,-0.0013
110.720,0.5000,0.5006,0.5000,-0.0013
110.752,0.5000,0.5006,0.5000,-0.0013
110.784,0.5000,0.5006,0.5000,-0.0013
110.816,0.5000,0.5006,0.5000,-0.0014
110.848,0.5000,0.5006,0.5000,-0.0014
110.880,0.5000,0.5007,0.5000,-0.0014
110.912,0.5000,0.5007,0.5000,-0.0014
110.944,0.5000,0.5007,0.5000,-0.0014
110.976,0.5000,0.5007,0.5000,-0.0014
111.008,0.5000,0.5007,0.5000,-0.0014
111.040,0.5000,0.5007,0.5000,-0.0014
111.072,0.5000,0.5007,0.5000,-0.0014
111.104,0.5000,0.5007,0.5000,-0.0014
111.136,0.5000,0.5007,0.5000,-0.0014
111.168,0.5000,0.5007,0.5000,-0.0014
111.200,0.5000,0.5007,0.5000,-0.0014
111.232,0.5000,0.5007,0.5000,-0.0014
111.264,0.5000,0.5007,0.5000,-0.0015
111.296,0.5000,0.5007,0.5000,-0.0015
111.328,0.5000,0.5007,0.5000,-0.0015
111.360,0.5000,0.5008,0.5000,-0.0015
111.392,0.5000,0.5008,0.5000,-0.0015
111.424,0.5000,0.5008,0.5000,-0.0015
111.456,0.5000,0.5008,0.5000,-0.0015
111.488,0.5000,0.5008,0.5000,-0.0015
111.520,0.5000,0.5008,0.5000,-0.0015
111.552,0.5000,0.5008,0.5000,-0.0015
111.584,0.5000,0.5008,0.5000,-0.0015
111.616,0.5000,0.5008,0.5000,-0.0015
111.648,0.5000,0.5008,0.5000,-0.0015
111.680,0.5000,0.5008,0.5000,-0.0015
111.712,0.5000,0.5008,0.5000,-0.0015
111.744,0.5000,0.5008,0.5000,-0.0015
111.776,0.5000,0.5008,0.5000,-0.0015
111.808,0.5000,0.5008,0.5000,-0.0015
111.840,0.5000,0.5008,0.5000,-0.0015
111.872,0.5000,0.5008,0.5000,-0.0015
111.904,0.5000,0.5009,0.5000,-0.0015
111.936,0.5000,0.5009,0.5000,-0.0015
111.968,0.5000,0.5009,0.5000,-0.0015
112.000,0.5000,0.5009,0.5000,-0.0016
112.032,0.5000,0.5009,0.5000,-0.0016
112.064,0.5000,0.5009,0.5000,-0.0016
112.096,0.5000,0.5009,0.5000,-0.0016
112.128,0.5000,0.5009,0.5000,-0.0016
112.160,0.5000,0.5009,0.5000,-0.0016
112.192,0.5000,0.5009,0.5000,-0.0016
112.224,0.5000,0.5009,0.5000,-0.0016
112.256,0.5000,0.5009,0.5000,-0.0016
112.288,0.5000,0.5009,0.5000,-0.0016
112.320,0.5000,0.5009,0.5000,-0.0016
112.352,0.5000,0.5009,0.5000,-0.0016
112.384,0.5000,0.5009,0.5000,-0.0016
112.416,0.5000,0.5009,0.5000,-0.0016
112.448,0.5000,0.5009,0.5000,-0.0016
112.480,0.5000,0.5009,0.5000,-0.0016
112.512,0.5000,0.5009,0.5000,-0.0016
112.544,0.5000,0.5009,0.5000,-0.0016
112.576,0.5000,0.5009,0.5000,-0.0016
112.608,0.5000,0.5009,0.5000,-0.0016
112.640,0.5000,0.5009,0.5000,-0.0016
112.672,0.5000,0.5009,0.5000,-0.0016
112.704,0.5000,0.5010,0.5000,-0.0016
112.736,0.5000,0.5010,0.5000,-0.0016
112.768,0.5000,0.5010,0.5000,-0.0016
112.800,0.5000,0.5010,0.5000,-0.0016
112.832,0.5000,0.5010,0.5000,-0.0016
112.864,0.5000,0.5010,0.5000,-0.0016
112.896,0.5000,0.5010,0.5000,-0.0016
112.928,0.5000,0.5010,0.5000,-0.0016
112.960,0.5000,0.5010,0.5000,-0.0016
112.992,0.5000,0.5010,0.5000,-0.0016
113.024,0.5000,0.5010,0.5000,-0.0016
113.056,0.5000,0.5010,0.5000,-0.0016
113.088,0.5000,0.5010,0.5000,-0.0016
113.120,0.5000,0.5010,0.5000,-0.0016
113.152,0.5000,0.5010,0.5000,-0.0016
113.184,0.5000,0.5010,0.5000,-0.0016
113.216,0.5000,0.5010,0.5000,-0.0016
113.248,0.5000,0.5010,0.5000,-0.0016
113.280,0.5000,0.5010,0.5000,-0.0015
113.312,0.5000,0.5010,0.5000,-0.0015
113.344,0.5000,0.5010,0.5000,-0.0015
113.376,0.5000,0.5010,0.5000,-0.0015
113.408,0.5000,0.5010,0.5000,-0.0015
113.440,0.5000,0.5010,0.5000,-0.0015
113.472,0.5000,0.5010,0.5000,-0.0015
113.504,0.5000,0.5010,0.5000,-0.0015
113.536,0.5000,0.5010,0.5000,-0.0015
113.568,0.5000,0.5010,0.5000,-0.0015
113.600,0.5000,0.5010,0.5000,-0.0015
113.632,0.5000,0.5010,0.5000,-0.0015
113.664,0.5000,0.5010,0.5000,-0.0015
113.696,0.5000,0.5010,0.5000,-0.0015
113.728,0.5000,0.5010,0.5000,-0.0015
113.760,0.5000,0.5010,0.5000,-0.0015
113.792,0.5000,0.5010,0.5000,-0.0015
113.824,0.5000,0.5010,0.5000,-0.0015
113.856,0.5000,0.5010,0.5000,-0.0015
113.888,0.5000,0.5010,0.5000,-0.0015
113.920,0.5000,0.5010,0.5000,-0.0015
113.952,0.5000,0.5010,0.5000,-0.0015
113.984,0.5000,0.5010,0.5000,-0.0015
114.016,0.5000,0.5010,0.5000,-0.0015
114.048,0.5000,0.5010,0.5000,-0.0015
114.080,0.5000,0.5010,0.5000,-0.0014
114.112,0.5000,0.5010,0.5000,-0.0014
114.144,0.5000,0.5010,0.5000,-0.0014
114.176,0.5000,0.5010,0.5000,-0.0014
114.208,0.5000,0.5010,0.5000,-0.0014
114.240,0.5000,0.5010,0.5000,-0.0014
114.272,0.5000,0.5010,0.5000,-0.0014
114.304,0.5000,0.5010,0.5000,-0.0014
114.336,0.5000,0.5010,0.5000,-0.0014
114.368,0.5000,0.5010,0.5000,-0.0014
114.400,0.5000,0.5010,0.5000,-0.0014
114.432,0.5000,0.5010,0.5000,-0.0014
114.464,0.5000,0.5010,0.5000,-0.0014
114.496,0.5000,0.5010,0.5000,-0.0014
114.528,0.5000,0.5010,0.5000,-0.0014
114.560,0.5000,0.5010,0.5000,-0.0014
114.592,0.5000,0.5010,0.5000,-0.0013
114.624,0.5000,0.5010,0.5000,-0.0013
114.656,0.5000,0.5010,0.5000,-0.0013
114.688,0.5000,0.5010,0.5000,-0.0013
114.720,0.5000,0.5010,0.5000,-0.0013
114.752,0.5000,0.5010,0.5000,-0.0013
114.784,0.5000,0.5010,0.5000,-0.0013
114.816,0.5000,0.5010,0.5000,-0.0013
114.848,0.5000,0.5009,0.5000,-0.0013
114.880,0.5000,0.5009,0.5000,-0.0013
114.912,0.5000,0.5009,0.5000,-0.0013
114.944,0.5000,0.5009,0.5000,-0.0013
114.976,0.5000,0.5009,0.5000,-0.0013
115.008,0.5000,0.5009,0.5000,-0.0012
115.040,0.5000,0.5009,0.5000,-0.0012
115.072,0.5000,0.5009,0.5000,-0.0012
115.104,0.5000,0.5009,0.5000,-0.0012
115.136,0.5000,0.5009,0.5000,-0.0012
115.168,0.5000,0.5009,0.5000,-0.0012
115.200,0.5000,0.5009,0.5000,-0.0012
115.232,0.5000,0.5009,0.5000,-0.0012
115.264,0.5000,0.5009,0.5000,-0.0012
115.296,0.5000,0.5009,0.5000,-0.0012
115.328,0.5000,0.5009,0.5000,-0.0012
115.360,0.5000,0.5009,0.5000,-0.0012
115.392,0.5000,0.5009,0.5000,-0.0011
115.424,0.5000,0.5009,0.5000,-0.0011
115.456,0.5000,0.5009,0.5000,-0.0011
115.488,0.5000,0.5009,0.5000,-0.0011
115.520,0.5000,0.5009,0.5000,-0.0011
115.552,0.5000,0.5009,0.5000,-0.0011
115.584,0.5000,0.5009,0.5000,-0.0011
115.616,0.5000,0.5009,0.5000,-0.0011
115.648,0.5000,0.5009,0.5000,-0.0011
115.680,0.5000,0.5009,0.5000,-0.0011
115.712,0.5000,0.5008,0.5000,-0.0010
115.744,0.5000,0.5008,0.5000,-0.0010
115.776,0.5000,0.5008,0.5000,-0.0010
115.808,0.5000,0.5008,0.5000,-0.0010
115.840,0.5000,0.5008,0.5000,-0.0010
115.872,0.5000,0.5008,0.5000,-0.0010
115.904,0.5000,0.5008,0.5000,-0.0010
115.936,0.5000,0.5008,0.5000,-0.0010
115.968,0.5000,0.5008,0.5000,-0.0010
116.000,0.5000,0.5008,0.5000,-0.0010
116.032,0.5000,0.5008,0.5000,-0.0009
116.064,0.5000,0.5008,0.5000,-0.0009
116.096,0.5000,0.5008,0.5000,-0.0009
116.128,0.5000,0.5008,0.5000,-0.0009
116.160,0.5000,0.5008,0.5000,-0.0009
116.192,0.5000,0.5008,0.5000,-0.0009
116.224,0.5000,0.5008,0.5000,-0.0009
116.256,0.5000,0.5008,0.5000,-0.0009
116.288,0.5000,0.5008,0.5000,-0.0009
116.320,0.5000,0.5008,0.5000,-0.0008
116.352,0.5000,0.5007,0.5000,-0.0008
116.384,0.5000,0.5007,0.5000,-0.0008
116.416,0.5000,0.5007,0.5000,-0.0008
116.448,0.5000,0.5007,0.5000,-0.0008
116.480,0.5000,0.5007,0.5000,-0.0008
116.512,0.5000,0.5007,0.5000,-0.0008
116.544,0.5000,0.5007,0.5000,-0.0008
116.576,0.5000,0.5007,0.5000,-0.0008
116.608,0.5000,0.5007,0.5000,-0.0007
116.640,0.5000,0.5007,0.5000,-0.0007
116.672,0.5000,0.5007,0.5000,-0.0007
116.704,0.5000,0.5007,0.5000,-0.0007
116.736,0.5000,0.5007,0.5000,-0.0007
116.768,0.5000,0.5007,0.5000,-0.0007
116.800,0.5000,0.5007,0.5000,-0.0007
116.832,0.5000,0.5007,0.5000,-0.0007
116.864,0.5000,0.5007,0.5000,-0.0006
116.896,0.5000,0.5006,0.5000,-0.0006
116.928,0.5000,0.5006,0.5000,-0.0006
116.960,0.5000,0.5006,0.5000,-0.0006
116.992,0.5000,0.5006,0.5000,-0.0006
117.024,0.5000,0.5006,0.5000,-0.0006
117.056,0.5000,0.5006,0.5000,-0.0006
117.088,0.5000,0.5006,0.5000,-0.0006
117.120,0.5000,0.5006,0.5000,-0.0005
117.152,0.5000,0.5006,0.5000,-0.0005
117.184,0.5000,0.5006,0.5000,-0.0005
117.216,0.5000,0.5006,0.5000,-0.0005
117.248,0.5000,0.5006,0.5000,-0.0005
117.280,0.5000,0.5006,0.5000,-0.0005
117.312,0.5000,0.5006,0.5000,-0.0005
117.344,0.5000,0.5005,0.5000,-0.0005
117.376,0.5000,0.5005,0.5000,-0.0004
117.408,0.5000,0.5005,0.5000,-0.0004
117.440,0.5000,0.5005,0.5000,-0.0004
117.472,0.5000,0.5005,0.5000,-0.0004
117.504,0.5000,0.5005,0.5000,-0.0004
117.536,0.5000,0.5005,0.5000,-0.0004
117.568,0.5000,0.5005,0.5000,-0.0004
117.600,0.5000,0.5005,0.5000,-0.0004
117.632,0.5000,0.5005,0.5000,-0.0003
117.664,0.5000,0.5005,0.5000,-0.0003
117.696,0.5000,0.5005,0.5000,-0.0003
117.728,0.5000,0.5005,0.5000,-0.0003
117.760,0.5000,0.5005,0.5000,-0.0003
117.792,0.5000,0.5004,0.5000,-0.0003
117.824,0.5000,0.5004,0.5000,-0.0003
117.856,0.5000,0.5004,0.5000,-0.0002
117.888,0.5000,0.5004,0.5000,-0.0002
117.920,0.5000,0.5004,0.5000,-0.0002
117.952,0.5000,0.5004,0.5000,-0.0002
117.984,0.5000,0.5004,0.5000,-0.0002
118.016,0.5000,0.5004,0.5000,-0.0002
118.048,0.5000,0.5004,0.5000,-0.0002
118.080,0.5000,0.5004,0.5000,-0.0002
118.112,0.5000,0.5004,0.5000,-0.0001
118.144,0.5000,0.5004,0.5000,-0.0001
118.176,0.5000,0.5004,0.5000,-0.0001
118.208,0.5000,0.5003,0.5000,-0.0001
118.240,0.5000,0.5003,0.5000,-0.0001
118.272,0.5000,0.5003,0.5000,-0.0001
118.304,0.5000,0.5003,0.5000,-0.0001
118.336,0.5000,0.5003,0.5000,-0.0001
118.368,0.5000,0.5003,0.5000,-0.0000
118.400,0.5000,0.5003,0.5000,-0.0000
118.432,0.5000,0.5003,0.5000,-0.0000
118.464,0.5000,0.5003,0.5000,-0.0000
118.496,0.5000,0.5003,0.5000,0.0000
118.528,0.5000,0.5003,0.5000,0.0000
118.560,0.5000,0.5003,0.5000,0.0000
118.592,0.5000,0.5002,0.5000,0.0000
118.624,0.5000,0.5002,0.5000,0.0001
118.656,0.5000,0.5002,0.5000,0.0001
118.688,0.5000,0.5002,0.5000,0.0001
118.720,0.5000,0.5002,0.5000,0.0001
118.752,0.5000,0.5002,0.5000,0.0001
118.784,0.5000,0.5002,0.5000,0.0001
118.816,0.5000,0.5002,0.5000,0.0001
118.848,0.5000,0.5002,0.5000,0.0001
118.880,0.5000,0.5002,0.5000,0.0002
118.912,0.5000,0.5002,0.5000,0.0002
118.944,0.5000,0.5002,0.5000,0.0002
118.976,0.5000,0.5001,0.5000,0.0002
119.008,0.5000,0.5001,0.5000,0.0002
119.040,0.5000,0.5001,0.5000,0.0002
119.072,0.5000,0.5001,0.5000,0.0002
119.104,0.5000,0.5001,0.5000,0.0002
119.136,0.5000,0.5001,0.5000,0.0003
119.168,0.5000,0.5001,0.5000,0.0003
119.200,0.5000,0.5001,0.5000,0.0003
119.232,0.5000,0.5001,0.5000,0.0003
119.264,0.5000,0.5001,0.5000,0.0003
119.296,0.5000,0.5001,0.5000,0.0003
119.328,0.5000,0.5001,0.5000,0.0003
119.360,0.5000,0.5000,0.5000,0.0003
119.392,0.5000,0.5000,0.5000,0.0004
119.424,0.5000,0.5000,0.5000,0.0004
119.456,0.5000,0.5000,0.5000,0.0004
119.488,0.5000,0.5000,0.5000,0.0004
119.520,0.5000,0.5000,0.5000,0.0004
119.552,0.5000,0.5000,0.5000,0.0004
119.584,0.5000,0.5000,0.5000,0.0004
119.616,0.5000,0.5000,0.5000,0.0004
119.648,0.5000,0.5000,0.5000,0.0004
119.680,0.5000,0.5000,0.5000,0.0005
119.712,0.5000,0.5000,0.5000,0.0005
119.744,0.5000,0.5000,0.5000,0.0005
119.776,0.5000,0.4999,0.5000,0.0005
119.808,0.5000,0.4999,0.5000,0.0005
119.840,0.5000,0.4999,0.5000,0.0005
119.872,0.5000,0.4999,0.5000,0.0005
119.904,0.5000,0.4999,0.5000,0.0005
119.936,0.5000,0.4999,0.5000,0.0005
119.968,0.5000,0.4999,0.5000,0.0006
120.000,0.5000,0.4999,0.5000,0.0006
120.032,0.5000,0.4999,0.5000,0.0006
120.064,0.5500,0.4999,0.5500,2.6537
120.096,0.5500,0.4999,0.5500,0.0718
120.128,0.5500,0.5000,0.5500,0.0727
120.160,0.5500,0.5001,0.5500,0.0688
120.192,0.5500,0.5002,0.5500,0.0681
120.224,0.5500,0.5004,0.5500,0.0678
120.256,0.5500,0.5005,0.5500,0.0675
120.288,0.5500,0.5006,0.5500,0.0671
120.320,0.5500,0.5008,0.5500,0.0668
120.352,0.5500,0.5009,0.5500,0.0664
120.384,0.5500,0.5010,0.5500,0.0661
120.416,0.5500,0.5012,0.5500,0.0657
120.448,0.5500,0.5013,0.5500,0.0653
120.480,0.5500,0.5015,0.5500,0.0649
120.512,0.5500,0.5016,0.5500,0.0645
120.544,0.5500,0.5018,0.5500,0.0640
120.576,0.5500,0.5020,0.5500,0.0636
120.608,0.5500,0.5021,0.5500,0.0632
120.640,0.5500,0.5023,0.5500,0.0627
120.672,0.5500,0.5025,0.5500,0.0623
120.704,0.5500,0.5027,0.5500,0.0618
120.736,0.5500,0.5028,0.5500,0.0614
120.768,0.5500,0.5030,0.5500,0.0610
120.800,0.5500,0.5032,0.5500,0.0606
120.832,0.5500,0.5034,0.5500,0.0601
120.864,0.5500,0.5036,0.5500,0.0597
120.896,0.5500,0.5038,0.5500,0.0593
120.928,0.5500,0.5040,0.5500,0.0588
120.960,0.5500,0.5042,0.5500,0.0584
120.992,0.5500,0.5044,0.5500,0.0579
121.024,0.5500,0.5046,0.5500,0.0575
121.056,0.5500,0.5048,0.5500,0.0569
121.088,0.5500,0.5050,0.5500,0.0564
121.120,0.5500,0.5052,0.5500,0.0559
121.152,0.5500,0.5055,0.5500,0.0554
121.184,0.5500,0.5057,0.5500,0.0549
121.216,0.5500,0.5059,0.5500,0.0543
121.248,0.5500,0.5061,0.5500,0.0538
121.280,0.5500,0.5064,0.5500,0.0533
121.312,0.5500,0.5066,0.5500,0.0527
121.344,0.5500,0.5069,0.5500,0.0522
121.376,0.5500,0.5071,0.5500,0.0517
121.408,0.5500,0.5074,0.5500,0.0511
121.440,0.5500,0.5076,0.5500,0.0506
121.472,0.5500,0.5079,0.5500,0.0500
121.504,0.5500,0.5081,0.5500,0.0495
121.536,0.5500,0.5084,0.5500,0.0489
121.568,0.5500,0.5086,0.5500,0.0484
121.600,0.5500,0.5089,0.5500,0.0478
121.632,0.5500,0.5092,0.5500,0.0473
121.664,0.5500,0.5095,0.5500,0.0467
121.696,0.5500,0.5097,0.5500,0.0462
121.728,0.5500,0.5100,0.5500,0.0456
121.760,0.5500,0.5103,0.5500,0.0450
121.792,0.5500,0.5106,0.5500,0.0445
121.824,0.5500,0.5109,0.5500,0.0439
121.856,0.5500,0.5112,0.5500,0.0433
121.888,0.5500,0.5114,0.5500,0.0428
121.920,0.5500,0.5117,0.5500,0.0422
121.952,0.5500,0.5120,0.5500,0.0416
121.984,0.5500,0.5123,0.5500,0.0410
122.016,0.5500,0.5126,0.5500,0.0404
122.048,0.5500,0.5129,0.5500,0.0399
122.080,0.5500,0.5133,0.5500,0.0393
122.112,0.5500,0.5136,0.5500,0.0387
122.144,0.5500,0.5139,0.5500,0.0381
122.176,0.5500,0.5142,0.5500,0.0375
122.208,0.5500,0.5145,0.5500,0.0369
122.240,0.5500,0.5148,0.5500,0.0363
122.272,0.5500,0.5151,0.5500,0.0357
122.304,0.5500,0.5155,0.5500,0.0351
122.336,0.5500,0.5158,0.5500,0.0345
122.368,0.5500,0.5161,0.5500,0.0339
122.400,0.5500,0.5164,0.5500,0.0333
122.432,0.5500,0.5168,0.5500,0.0327
122.464,0.5500,0.5171,0.5500,0.0321
122.496,0.5500,0.5174,0.5500,0.0315
122.528,0.5500,0.5178,0.5500,0.0309
122.560,0.5500,0.5181,0.5500,0.0303
122.592,0.5500,0.5185,0.5500,0.0297
122.624,0.5500,0.5188,0.5500,0.0291
122.656,0.5500,0.5192,0.5500,0.0285
122.688,0.5500,0.5195,0.5500,0.0279
122.720,0.5500,0.5198,0.5500,0.0273
122.752,0.5500,0.5202,0.5500,0.0267
122.784,0.5500,0.5205,0.5500,0.0261
122.816,0.5500,0.5209,0.5500,0.0255
122.848,0.5500,0.5213,0.5500,0.0248
122.880,0.5500,0.5216,0.5500,0.0242
122.912,0.5500,0.5220,0.5500,0.0236
122.944,0.5500,0.5223,0.5500,0.0230
122.976,0.5500,0.5227,0.5500,0.0224
123.008,0.5500,0.5230,0.5500,0.0218
123.040,0.5500,0.5234,0.5500,0.0212
123.072,0.5500,0.5238,0.5500,0.0206
123.104,0.5500,0.5241,0.5500,0.0199
123.136,0.5500,0.5245,0.5500,0.0193
123.168,0.5500,0.5249,0.5500,0.0187
123.200,0.5500,0.5252,0.5500,0.0181
123.232,0.5500,0.5256,0.5500,0.0175
123.264,0.5500,0.5260,0.5500,0.0169
123.296,0.5500,0.5264,0.5500,0.0163
123.328,0.5500,0.5267,0.5500,0.0157
123.360,0.5500,0.5271,0.5500,0.0150
123.392,0.5500,0.5275,0.5500,0.0144
123.424,0.5500,0.5279,0.5500,0.0138
123.456,0.5500,0.5282,0.5500,0.0132
123.488,0.5500,0.5286,0.5500,0.0126
123.520,0.5500,0.5290,0.5500,0.0120
123.552,0.5500,0.5294,0.5500,0.0114
123.584,0.5500,0.5297,0.5500,0.0108
123.616,0.5500,0.5301,0.5500,0.0102
123.648,0.5500,0.5305,0.5500,0.0096
123.680,0.5500,0.5309,0.5500,0.0090
123.712,0.5500,0.5313,0.5500,0.0084
123.744,0.5500,0.5317,0.5500,0.0078
123.776,0.5500,0.5320,0.5500,0.0072
123.808,0.5500,0.5324,0.5500,0.0066
123.840,0.5500,0.5328,0.5500,0.0060
123.872,0.5500,0.5332,0.5500,0.0054
123.904,0.5500,0.5336,0.5500,0.0048
123.936,0.5500,0.5340,0.5500,0.0042
123.968,0.5500,0.5344,0.5500,0.0036
124.000,0.5500,0.5347,0.5500,0.0030
124.032,0.5500,0.5351,0.5500,0.0024
124.064,0.5500,0.5355,0.5500,0.0018
124.096,0.5500,0.5359,0.5500,0.0012
124.128,0.5500,0.5363,0.5500,0.0006
124.160,0.5500,0.5367,0.5500,0.0000
124.192,0.5500,0.5371,0.5500,-0.0005
124.224,0.5500,0.5374,0.5500,-0.0011
124.256,0.5500,0.5378,0.5500,-0.0017
124.288,0.5500,0.5382,0.5500,-0.0023
124.320,0.5500,0.5386,0.5500,-0.0029
124.352,0.5500,0.5390,0.5500,-0.0034
124.384,0.5500,0.5394,0.5500,-0.0040
124.416,0.5500,0.5398,0.5500,-0.0046
124.448,0.5500,0.5402,0.5500,-0.0051
124.480,0.5500,0.5405,0.5500,-0.0057
124.512,0.5500,0.5409,0.5500,-0.0063
124.544,0.5500,0.5413,0.5500,-0.0068
124.576,0.5500,0.5417,0.5500,-0.0074
124.608,0.5500,0.5421,0.5500,-0.0080
124.640,0.5500,0.5425,0.5500,-0.0085
124.672,0.5500,0.5428,0.5500,-0.0091
124.704,0.5500,0.5432,0.5500,-0.0096
124.736,0.5500,0.5436,0.5500,-0.0102
124.768,0.5500,0.5440,0.5500,-0.0107
124.800,0.5500,0.5444,0.5500,-0.0113
124.832,0.5500,0.5448,0.5500,-0.0118
124.864,0.5500,0.5451,0.5500,-0.0123
124.896,0.5500,0.5455,0.5500,-0.0129
124.928,0.5500,0.5459,0.5500,-0.0134
124.960,0.5500,0.5463,0.5500,-0.0139
124.992,0.5500,0.5467,0.5500,-0.0145
125.024,0.5500,0.5470,0.5500,-0.0150
125.056,0.5500,0.5474,0.5500,-0.0155
125.088,0.5500,0.5478,0.5500,-0.0160
125.120,0.5500,0.5482,0.5500,-0.0165
125.152,0.5500,0.5485,0.5500,-0.0171
125.184,0.5500,0.5489,0.5500,-0.0176
125.216,0.5500,0.5493,0.5500,-0.0181
125.248,0.5500,0.5496,0.5500,-0.0186
125.280,0.5500,0.5500,0.5500,-0.0191
125.312,0.5500,0.5504,0.5500,-0.0196
125.344,0.5500,0.5507,0.5500,-0.0201
125.376,0.5500,0.5511,0.5500,-0.0206
125.408,0.5500,0.5515,0.5500,-0.0210
125.440,0.5500,0.5518,0.5500,-0.0215
125.472,0.5500,0.5522,0.5500,-0.0220
125.504,0.5500,0.5526,0.5500,-0.0225
125.536,0.5500,0.5529,0.5500,-0.0230
125.568,0.5500,0.5533,0.5500,-0.0234
125.600,0.5500,0.5536,0.5500,-0.0239
125.632,0.5500,0.5540,0.5500,-0.0244
125.664,0.5500,0.5544,0.5500,-0.0248
125.696,0.5500,0.5547,0.5500,-0.0253
125.728,0.5500,0.5551,0.5500,-0.0258
125.760,0.5500,0.5554,0.5500,-0.0262
125.792,0.5500,0.5558,0.5500,-0.0267
125.824,0.5500,0.5561,0.5500,-0.0271
125.856,0.5500,0.5565,0.5500,-0.0276
125.888,0.5500,0.5568,0.5500,-0.0280
125.920,0.5500,0.5571,0.5500,-0.0284
125.952,0.5500,0.5575,0.5500,-0.0289
125.984,0.5500,0.5578,0.5500,-0.0293
126.016,0.5500,0.5582,0.5500,-0.0297
126.048,0.5500,0.5585,0.5500,-0.0302
126.080,0.5500,0.5588,0.5500,-0.0306
126.112,0.5500,0.5592,0.5500,-0.0310
126.144,0.5500,0.5595,0.5500,-0.0314
126.176,0.5500,0.5598,0.5500,-0.0318
126.208,0.5500,0.5602,0.5500,-0.0322
126.240,0.5500,0.5605,0.5500,-0.0326
126.272,0.5500,0.5608,0.5500,-0.0330
126.304,0.5500,0.5611,0.5500,-0.0334
126.336,0.5500,0.5615,0.5500,-0.0338
126.368,0.5500,0.5618,0.5500,-0.0342
126.400,0.5500,0.5621,0.5500,-0.0345
126.432,0.5500,0.5624,0.5500,-0.0349
126.464,0.5500,0.5627,0.5500,-0.0353
126.496,0.5500,0.5630,0.5500,-0.0356
126.528,0.5500,0.5634,0.5500,-0.0360
126.560,0.5500,0.5637,0.5500,-0.0364
126.592,0.5500,0.5640,0.5500,-0.0367
126.624,0.5500,0.5643,0.5500,-0.0371
126.656,0.5500,0.5646,0.5500,-0.0374
126.688,0.5500,0.5649,0.5500,-0.0377
126.720,0.5500,0.5652,0.5500,-0.0381
126.752,0.5500,0.5655,0.5500,-0.0384
126.784,0.5500,0.5658,0.5500,-0.0387
126.816,0.5500,0.5660,0.5500,-0.0390
126.848,0.5500,0.5663,0.5500,-0.0394
126.880,0.5500,0.5666,0.5500,-0.0397
126.912,0.5500,0.5669,0.5500,-0.0400
126.944,0.5500,0.5672,0.5500,-0.0403
126.976,0.5500,0.5675,0.5500,-0.0406
127.008,0.5500,0.5677,0.5500,-0.0409
127.040,0.5500,0.5680,0.5500,-0.0411
127.072,0.5500,0.5683,0.5500,-0.0414
127.104,0.5500,0.5686,0.5500,-0.0417
127.136,0.5500,0.5688,0.5500,-0.0420
127.168,0.5500,0.5691,0.5500,-0.0422
127.200,0.5500,0.5693,0.5500,-0.0425
127.232,0.5500,0.5696,0.5500,-0.0427
127.264,0.5500,0.5699,0.5500,-0.0430
127.296,0.5500,0.5701,0.5500,-0.0432
127.328,0.5500,0.5704,0.5500,-0.0435
127.360,0.5500,0.5706,0.5500,-0.0437
127.392,0.5500,0.5709,0.5500,-0.0440
127.424,0.5500,0.5711,0.5500,-0.0442
127.456,0.5500,0.5713,0.5500,-0.0444
127.488,0.5500,0.5716,0.5500,-0.0446
127.520,0.5500,0.5718,0.5500,-0.0448
127.552,0.5500,0.5720,0.5500,-0.0451
127.584,0.5500,0.5723,0.5500,-0.0453
127.616,0.5500,0.5725,0.5500,-0.0455
127.648,0.5500,0.5727,0.5500,-0.0457
127.680,0.5500,0.5729,0.5500,-0.0459
127.712,0.5500,0.5732,0.5500,-0.0460
127.744,0.5500,0.5734,0.5500,-0.0462
127.776,0.5500,0.5736,0.5500,-0.0464
127.808,0.5500,0.5738,0.5500,-0.0466
127.840,0.5500,0.5740,0.5500,-0.0467
127.872,0.5500,0.5742,0.5500,-0.0469
127.904,0.5500,0.5744,0.5500,-0.0471
127.936,0.5500,0.5746,0.5500,-0.0472
127.968,0.5500,0.5748,0.5500,-0.0474
128.000,0.5500,0.5750,0.5500,-0.0475
128.032,0.5500,0.5752,0.5500,-0.0477
128.064,0.5500,0.5754,0.5500,-0.0478
128.096,0.5500,0.5756,0.5500,-0.0479
128.128,0.5500,0.5758,0.5500,-0.0481
128.160,0.5500,0.5759,0.5500,-0.0482
128.192,0.5500,0.5761,0.5500,-0.0483
128.224,0.5500,0.5763,0.5500,-0.0484
128.256,0.5500,0.5765,0.5500,-0.0485
128.288,0.5500,0.5766,0.5500,-0.0486
128.320,0.5500,0.5768,0.5500,-0.0487
128.352,0.5500,0.5770,0.5500,-0.0488
128.384,0.5500,0.5771,0.5500,-0.0489
128.416,0.5500,0.5773,0.5500,-0.0490
128.448,0.5500,0.5774,0.5500,-0.0491
128.480,0.5500,0.5776,0.5500,-0.0491
128.512,0.5500,0.5777,0.5500,-0.0492
128.544,0.5500,0.5779,0.5500,-0.0493
128.576,0.5500,0.5780,0.5500,-0.0493
128.608,0.5500,0.5782,0.5500,-0.0494
128.640,0.5500,0.5783,0.5500,-0.0494
128.672,0.5500,0.5784,0.5500,-0.0495
128.704,0.5500,0.5786,0.5500,-0.0495
128.736,0.5500,0.5787,0.5500,-0.0496
128.768,0.5500,0.5788,0.5500,-0.0496
128.800,0.5500,0.5789,0.5500,-0.0496
128.832,0.5500,0.5790,0.5500,-0.0497
128.864,0.5500,0.5792,0.5500,-0.0497
128.896,0.5500,0.5793,0.5500,-0.0497
128.928,0.5500,0.5794,0.5500,-0.0497
128.960,0.5500,0.5795,0.5500,-0.0497
128.992,0.5500,0.5796,0.5500,-0.0497
129.024,0.5500,0.5797,0.5500,-0.0497
129.056,0.5500,0.5798,0.5500,-0.0497
129.088,0.5500,0.5799,0.5500,-0.0497
129.120,0.5500,0.5800,0.5500,-0.0497
129.152,0.5500,0.5801,0.5500,-0.0497
129.184,0.5500,0.5801,0.5500,-0.0496
129.216,0.5500,0.5802,0.5500,-0.0496
129.248,0.5500,0.5803,0.5500,-0.0496
129.280,0.5500,0.5804,0.5500,-0.0495
129.312,0.5500,0.5805,0.5500,-0.0495
129.344,0.5500,0.5805,0.5500,-0.0495
129.376,0.5500,0.5806,0.5500,-0.0494
129.408,0.5500,0.5807,0.5500,-0.0494
129.440,0.5500,0.5807,0.5500,-0.0493
129.472,0.5500,0.5808,0.5500,-0.0492
129.504,0.5500,0.5808,0.5500,-0.0492
129.536,0.5500,0.5809,0.5500,-0.0491
129.568,0.5500,0.5809,0.5500,-0.0490
129.600,0.5500,0.5810,0.5500,-0.0489
129.632,0.5500,0.5810,0.5500,-0.0489
129.664,0.5500,0.5811,0.5500,-0.0488
129.696,0.5500,0.5811,0.5500,-0.0487
129.728,0.5500,0.5812,0.5500,-0.0486
129.760,0.5500,0.5812,0.5500,-0.0485
129.792,0.5500,0.5812,0.5500,-0.0484
129.824,0.5500,0.5812,0.5500,-0.0483
129.856,0.5500,0.5813,0.5500,-0.0482
129.888,0.5500,0.5813,0.5500,-0.0481
129.920,0.5500,0.5813,0.5500,-0.0479
129.952,0.5500,0.5813,0.5500,-0.0478
129.984,0.5500,0.5813,0.5500,-0.0477
130.016,0.5500,0.5813,0.5500,-0.0475
130.048,0.5500,0.5814,0.5500,-0.0474
130.080,0.5500,0.5814,0.5500,-0.0473
130.112,0.5500,0.5814,0.5500,-0.0471
130.144,0.5500,0.5814,0.5500,-0.0470
130.176,0.5500,0.5814,0.5500,-0.0468
130.208,0.5500,0.5813,0.5500,-0.0466
130.240,0.5500,0.5813,0.5500,-0.0465
130.272,0.5500,0.5813,0.5500,-0.0463
130.304,0.5500,0.5813,0.5500,-0.0462
130.336,0.5500,0.5813,0.5500,-0.0460
130.368,0.5500,0.5813,0.5500,-0.0458
130.400,0.5500,0.5812,0.5500,-0.0456
130.432,0.5500,0.5812,0.5500,-0.0454
130.464,0.5500,0.5812,0.5500,-0.0453
130.496,0.5500,0.5812,0.5500,-0.0451
130.528,0.5500,0.5811,0.5500,-0.0449
130.560,0.5500,0.5811,0.5500,-0.0447
130.592,0.5500,0.5810,0.5500,-0.0445
130.624,0.5500,0.5810,0.5500,-0.0443
130.656,0.5500,0.5810,0.5500,-0.0441
130.688,0.5500,0.5809,0.5500,-0.0439
130.720,0.5500,0.5809,0.5500,-0.0436
130.752,0.5500,0.5808,0.5500,-0.0434
130.784,0.5500,0.5807,0.5500,-0.0432
130.816,0.5500,0.5807,0.5500,-0.0430
130.848,0.5500,0.5806,0.5500,-0.0428
130.880,0.5500,0.5806,0.5500,-0.0425
130.912,0.5500,0.5805,0.5500,-0.0423
130.944,0.5500,0.5804,0.5500,-0.0421
130.976,0.5500,0.5804,0.5500,-0.0418
131.008,0.5500,0.5803,0.5500,-0.0416
131.040,0.5500,0.5802,0.5500,-0.0413
131.072,0.5500,0.5801,0.5500,-0.0411
131.104,0.5500,0.5800,0.5500,-0.0408
131.136,0.5500,0.5800,0.5500,-0.0406
131.168,0.5500,0.5799,0.5500,-0.0403
131.200,0.5500,0.5798,0.5500,-0.0401
131.232,0.5500,0.5797,0.5500,-0.0398
131.264,0.5500,0.5796,0.5500,-0.0395
131.296,0.5500,0.5795,0.5500,-0.0393
131.328,0.5500,0.5794,0.5500,-0.0390
131.360,0.5500,0.5793,0.5500,-0.0387
131.392,0.5500,0.5792,0.5500,-0.0385
131.424,0.5500,0.5791,0.5500,-0.0382
131.456,0.5500,0.5790,0.5500,-0.0379
131.488,0.5500,0.5789,0.5500,-0.0376
131.520,0.5500,0.5788,0.5500,-0.0373
131.552,0.5500,0.5786,0.5500,-0.0370
131.584,0.5500,0.5785,0.5500,-0.0367
131.616,0.5500,0.5784,0.5500,-0.0365
131.648,0.5500,0.5783,0.5500,-0.0362
131.680,0.5500,0.5782,0.5500,-0.0359
131.712,0.5500,0.5780,0.5500,-0.0356
131.744,0.5500,0.5779,0.5500,-0.0353
131.776,0.5500,0.5778,0.5500,-0.0350
131.808,0.5500,0.5776,0.5500,-0.0346
131.840,0.5500,0.5775,0.5500,-0.0343
131.872,0.5500,0.5774,0.5500,-0.0340
131.904,0.5500,0.5772,0.5500,-0.0337
131.936,0.5500,0.5771,0.5500,-0.0334
131.968,0.5500,0.5770,0.5500,-0.0331
132.000,0.5500,0.5768,0.5500,-0.0328
132.032,0.5500,0.5767,0.5500,-0.0324
132.064,0.5500,0.5765,0.5500,-0.0321
132.096,0.5500,0.5764,0.5500,-0.0318
132.128,0.5500,0.5762,0.5500,-0.0315
132.160,0.5500,0.5761,0.5500,-0.0311
132.192,0.5500,0.5759,0.5500,-0.0308
132.224,0.5500,0.5757,0.5500,-0.0305
132.256,0.5500,0.5756,0.5500,-0.0301
132.288,0.5500,0.5754,0.5500,-0.0298
132.320,0.5500,0.5753,0.5500,-0.0295
132.352,0.5500,0.5751,0.5500,-0.0291
132.384,0.5500,0.5749,0.5500,-0.0288
132.416,0.5500,0.5748,0.5500,-0.0284
132.448,0.5500,0.5746,0.5500,-0.0281
132.480,0.5500,0.5744,0.5500,-0.0277
132.512,0.5500,0.5742,0.5500,-0.0274
132.544,0.5500,0.5741,0.5500,-0.0270
132.576,0.5500,0.5739,0.5500,-0.0267
132.608,0.5500,0.5737,0.5500,-0.0263
132.640,0.5500,0.5735,0.5500,-0.0260
132.672,0.5500,0.5733,0.5500,-0.0256
132.704,0.5500,0.5732,0.5500,-0.0253
132.736,0.5500,0.5730,0.5500,-0.0249
132.768,0.5500,0.5728,0.5500,-0.0246
132.800,0.5500,0.5726,0.5500,-0.0242
132.832,0.5500,0.5724,0.5500,-0.0238
132.864,0.5500,0.5722,0.5500,-0.0235
132.896,0.5500,0.5720,0.5500,-0.0231
132.928,0.5500,0.5718,0.5500,-0.0228
132.960,0.5500,0.5716,0.5500,-0.0224
132.992,0.5500,0.5714,0.5500,-0.0220
133.024,0.5500,0.5712,0.5500,-0.0217
133.056,0.5500,0.5710,0.5500,-0.0213
133.088,0.5500,0.5708,0.5500,-0.0209
133.120,0.5500,0.5706,0.5500,-0.0206
133.152,0.5500,0.5704,0.5500,-0.0202
133.184,0.5500,0.5702,0.5500,-0.0198
133.216,0.5500,0.5700,0.5500,-0.0194
133.248,0.5500,0.5698,0.5500,-0.0191
133.280,0.5500,0.5696,0.5500,-0.0187
133.312,0.5500,0.5694,0.5500,-0.0183
133.344,0.5500,0.5692,0.5500,-0.0180
133.376,0.5500,0.5690,0.5500,-0.0176
133.408,0.5500,0.5688,0.5500,-0.0172
133.440,0.5500,0.5686,0.5500,-0.0168
133.472,0.5500,0.5683,0.5500,-0.0165
133.504,0.5500,0.5681,0.5500,-0.0161
133.536,0.5500,0.5679,0.5500,-0.0157
133.568,0.5500,0.5677,0.5500,-0.0153
133.600,0.5500,0.5675,0.5500,-0.0149
133.632,0.5500,0.5673,0.5500,-0.0146
133.664,0.5500,0.5670,0.5500,-0.0142
133.696,0.5500,0.5668,0.5500,-0.0138
133.728,0.5500,0.5666,0.5500,-0.0134
133.760,0.5500,0.5664,0.5500,-0.0131
133.792,0.5500,0.5661,0.5500,-0.0127
133.824,0.5500,0.5659,0.5500,-0.0123
133.856,0.5500,0.5657,0.5500,-0.0119
133.888,0.5500,0.5655,0.5500,-0.0116
133.920,0.5500,0.5652,0.5500,-0.0112
133.952,0.5500,0.5650,0.5500,-0.0108
133.984,0.5500,0.5648,0.5500,-0.0104
134.016,0.5500,0.5646,0.5500,-0.0100
134.048,0.5500,0.5643,0.5500,-0.0097
134.080,0.5500,0.5641,0.5500,-0.0093
134.112,0.5500,0.5639,0.5500,-0.0089
134.144,0.5500,0.5636,0.5500,-0.0085
134.176,0.5500,0.5634,0.5500,-0.0082
134.208,0.5500,0.5632,0.5500,-0.0078
134.240,0.5500,0.5629,0.5500,-0.0074
134.272,0.5500,0.5627,0.5500,-0.0070
134.304,0.5500,0.5625,0.5500,-0.0067
134.336,0.5500,0.5622,0.5500,-0.0063
134.368,0.5500,0.5620,0.5500,-0.0059
134.400,0.5500,0.5618,0.5500,-0.0055
134.432,0.5500,0.5615,0.5500,-0.0052
134.464,0.5500,0.5613,0.5500,-0.0048
134.496,0.5500,0.5611,0.5500,-0.0044
134.528,0.5500,0.5608,0.5500,-0.0040
134.560,0.5500,0.5606,0.5500,-0.0037
134.592,0.5500,0.5604,0.5500,-0.0033
134.624,0.5500,0.5601,0.5500,-0.0029
134.656,0.5500,0.5599,0.5500,-0.0026
134.688,0.5500,0.5596,0.5500,-0.0022
134.720,0.5500,0.5594,0.5500,-0.0018
134.752,0.5500,0.5592,0.5500,-0.0015
134.784,0.5500,0.5589,0.5500,-0.0011
134.816,0.5500,0.5587,0.5500,-0.0007
134.848,0.5500,0.5584,0.5500,-0.0004
134.880,0.5500,0.5582,0.5500,-0.0000
134.912,0.5500,0.5580,0.5500,0.0003
134.944,0.5500,0.5577,0.5500,0.0007
134.976,0.5500,0.5575,0.5500,0.0011
135.008,0.5500,0.5573,0.5500,0.0014
135.040,0.5500,0.5570,0.5500,0.0018
135.072,0.5500,0.5568,0.5500,0.0021
135.104,0.5500,0.5565,0.5500,0.0025
135.136,0.5500,0.5563,0.5500,0.0028
135.168,0.5500,0.5561,0.5500,0.0032
135.200,0.5500,0.5558,0.5500,0.0035
135.232,0.5500,0.5556,0.5500,0.0039
135.264,0.5500,0.5554,0.5500,0.0042
135.296,0.5500,0.5551,0.5500,0.0046
135.328,0.5500,0.5549,0.5500,0.0049
135.360,0.5500,0.5546,0.5500,0.0053
135.392,0.5500,0.5544,0.5500,0.0056
135.424,0.5500,0.5542,0.5500,0.0059
135.456,0.5500,0.5539,0.5500,0.0063
135.488,0.5500,0.5537,0.5500,0.0066
135.520,0.5500,0.5535,0.5500,0.0070
135.552,0.5500,0.5532,0.5500,0.0073
135.584,0.5500,0.5530,0.5500,0.0076
135.616,0.5500,0.5528,0.5500,0.0079
135.648,0.5500,0.5525,0.5500,0.0083
135.680,0.5500,0.5523,0.5500,0.0086
135.712,0.5500,0.5521,0.5500,0.0089
135.744,0.5500,0.5518,0.5500,0.0093
135.776,0.5500,0.5516,0.5500,0.0096
135.808,0.5500,0.5514,0.5500,0.0099
135.840,0.5500,0.5511,0.5500,0.0102
135.872,0.5500,0.5509,0.5500,0.0105
135.904,0.5500,0.5507,0.5500,0.0109
135.936,0.5500,0.5504,0.5500,0.0112
135.968,0.5500,0.5502,0.5500,0.0115
136.000,0.5500,0.5500,0.5500,0.0118
136.032,0.5500,0.5498,0.5500,0.0121
136.064,0.5500,0.5495,0.5500,0.0124
136.096,0.5500,0.5493,0.5500,0.0127
136.128,0.5500,0.5491,0.5500,0.0130
136.160,0.5500,0.5488,0.5500,0.0133
136.192,0.5500,0.5486,0.5500,0.0136
136.224,0.5500,0.5484,0.5500,0.0139
136.256,0.5500,0.5482,0.5500,0.0142
136.288,0.5500,0.5480,0.5500,0.0145
136.320,0.5500,0.5477,0.5500,0.0148
136.352,0.5500,0.5475,0.5500,0.0151
136.384,0.5500,0.5473,0.5500,0.0154
136.416,0.5500,0.5471,0.5500,0.0156
136.448,0.5500,0.5469,0.5500,0.0159
136.480,0.5500,0.5466,0.5500,0.0162
136.512,0.5500,0.5464,0.5500,0.0165
136.544,0.5500,0.5462,0.5500,0.0167
136.576,0.5500,0.5460,0.5500,0.0170
136.608,0.5500,0.5458,0.5500,0.0173
136.640,0.5500,0.5456,0.5500,0.0176
136.672,0.5500,0.5454,0.5500,0.0178
136.704,0.5500,0.5452,0.5500,0.0181
136.736,0.5500,0.5449,0.5500,0.0183
136.768,0.5500,0.5447,0.5500,0.0186
136.800,0.5500,0.5445,0.5500,0.0189
136.832,0.5500,0.5443,0.5500,0.0191
136.864,0.5500,0.5441,0.5500,0.0194
136.896,0.5500,0.5439,0.5500,0.0196
136.928,0.5500,0.5437,0.5500,0.0199
136.960,0.5500,0.5435,0.5500,0.0201
136.992,0.5500,0.5433,0.5500,0.0203
137.024,0.5500,0.5431,0.5500,0.0206
137.056,0.5500,0.5429,0.5500,0.0208
137.088,0.5500,0.5427,0.5500,0.0211
137.120,0.5500,0.5425,0.5500,0.0213
137.152,0.5500,0.5423,0.5500,0.0215
137.184,0.5500,0.5421,0.5500,0.0217
137.216,0.5500,0.5419,0.5500,0.0220
137.248,0.5500,0.5418,0.5500,0.0222
137.280,0.5500,0.5416,0.5500,0.0224
137.312,0.5500,0.5414,0.5500,0.0226
137.344,0.5500,0.5412,0.5500,0.0228
137.376,0.5500,0.5410,0.5500,0.0231
137.408,0.5500,0.5408,0.5500,0.0233
137.440,0.5500,0.5406,0.5500,0.0235
137.472,0.5500,0.5405,0.5500,0.0237
137.504,0.5500,0.5403,0.5500,0.0239
137.536,0.5500,0.5401,0.5500,0.0241
137.568,0.5500,0.5399,0.5500,0.0243
137.600,0.5500,0.5397,0.5500,0.0245
137.632,0.5500,0.5396,0.5500,0.0247
137.664,0.5500,0.5394,0.5500,0.0248
137.696,0.5500,0.5392,0.5500,0.0250
137.728,0.5500,0.5391,0.5500,0.0252
137.760,0.5500,0.5389,0.5500,0.0254
137.792,0.5500,0.5387,0.5500,0.0256
137.824,0.5500,0.5386,0.5500,0.0257
137.856,0.5500,0.5384,0.5500,0.0259
137.888,0.5500,0.5382,0.5500,0.0261
137.920,0.5500,0.5381,0.5500,0.0262
137.952,0.5500,0.5379,0.5500,0.0264
137.984,0.5500,0.5377,0.5500,0.0266
138.016,0.5500,0.5376,0.5500,0.0267
138.048,0.5500,0.5374,0.5500,0.0269
138.080,0.5500,0.5373,0.5500,0.0270
138.112,0.5500,0.5371,0.5500,0.0272
138.144,0.5500,0.5370,0.5500,0.0273
138.176,0.5500,0.5368,0.5500,0.0275
138.208,0.5500,0.5367,0.5500,0.0276
138.240,0.5500,0.5365,0.5500,0.0277
138.272,0.5500,0.5364,0.5500,0.0279
138.304,0.5500,0.5362,0.5500,0.0280
138.336,0.5500,0.5361,0.5500,0.0281
138.368,0.5500,0.5360,0.5500,0.0283
138.400,0.5500,0.5358,0.5500,0.0284
138.432,0.5500,0.5357,0.5500,0.0285
138.464,0.5500,0.5355,0.5500,0.0287
138.496,0.5500,0.5354,0.5500,0.0288
138.528,0.5500,0.5353,0.5500,0.0289
138.560,0.5500,0.5351,0.5500,0.0291
138.592,0.5500,0.5350,0.5500,0.0292
138.624,0.5500,0.5349,0.5500,0.0293
138.656,0.5500,0.5348,0.5500,0.0294
138.688,0.5500,0.5346,0.5500,0.0295
138.720,0.5500,0.5345,0.5500,0.0296
138.752,0.5500,0.5344,0.5500,0.0297
138.784,0.5500,0.5343,0.5500,0.0298
138.816,0.5500,0.5341,0.5500,0.0299
138.848,0.5500,0.5340,0.5500,0.0300
138.880,0.5500,0.5339,0.5500,0.0301
138.912,0.5500,0.5338,0.5500,0.0302
138.944,0.5500,0.5337,0.5500,0.0303
138.976,0.5500,0.5336,0.5500,0.0304
139.008,0.5500,0.5335,0.5500,0.0304
139.040,0.5500,0.5334,0.5500,0.0305
139.072,0.5500,0.5333,0.5500,0.0306
139.104,0.5500,0.5331,0.5500,0.0306
139.136,0.5500,0.5330,0.5500,0.0307
139.168,0.5500,0.5329,0.5500,0.0307
139.200,0.5500,0.5329,0.5500,0.0308
139.232,0.5500,0.5328,0.5500,0.0308
139.264,0.5500,0.5327,0.5500,0.0308
139.296,0.5500,0.5326,0.5500,0.0309
139.328,0.5500,0.5325,0.5500,0.0309
139.360,0.5500,0.5324,0.5500,0.0310
139.392,0.5500,0.5323,0.5500,0.0310
139.424,0.5500,0.5322,0.5500,0.0310
139.456,0.5500,0.5321,0.5500,0.0310
139.488,0.5500,0.5321,0.5500,0.0311
139.520,0.5500,0.5320,0.5500,0.0311
139.552,0.5500,0.5319,0.5500,0.0311
139.584,0.5500,0.5318,0.5500,0.0311
139.616,0.5500,0.5318,0.5500,0.0311
139.648,0.5500,0.5317,0.5500,0.0311
139.680,0.5500,0.5316,0.5500,0.0312
139.712,0.5500,0.5315,0.5500,0.0312
139.744,0.5500,0.5315,0.5500,0.0312
139.776,0.5500,0.5314,0.5500,0.0312
139.808,0.5500,0.5314,0.5500,0.0312
139.840,0.5500,0.5313,0.5500,0.0312
139.872,0.5500,0.5312,0.5500,0.0311
139.904,0.5500,0.5312,0.5500,0.0311
139.936,0.5500,0.5311,0.5500,0.0311
139.968,0.5500,0.5311,0.5500,0.0311
140.000,0.5500,0.5310,0.5500,0.0311
140.032,0.5500,0.5310,0.5500,0.0311
140.064,0.5500,0.5309,0.5500,0.0310
140.096,0.5500,0.5309,0.5500,0.0310
140.128,0.5500,0.5308,0.5500,0.0310
140.160,0.5500,0.5308,0.5500,0.0309
140.192,0.5500,0.5308,0.5500,0.0309
140.224,0.5500,0.5307,0.5500,0.0309
140.256,0.5500,0.5307,0.5500,0.0308
140.288,0.5500,0.5306,0.5500,0.0308
140.320,0.5500,0.5306,0.5500,0.0307
140.352,0.5500,0.5306,0.5500,0.0307
140.384,0.5500,0.5306,0.5500,0.0306
140.416,0.5500,0.5305,0.5500,0.0306
140.448,0.5500,0.5305,0.5500,0.0305
140.480,0.5500,0.5305,0.5500,0.0304
140.512,0.5500,0.5305,0.5500,0.0304
140.544,0.5500,0.5304,0.5500,0.0303
140.576,0.5500,0.5304,0.5500,0.0302
140.608,0.5500,0.5304,0.5500,0.0302
140.640,0.5500,0.5304,0.5500,0.0301
140.672,0.5500,0.5304,0.5500,0.0300
140.704,0.5500,0.5304,0.5500,0.0299
140.736,0.5500,0.5304,0.5500,0.0299
140.768,0.5500,0.5304,0.5500,0.0298
140.800,0.5500,0.5304,0.5500,0.0297
140.832,0.5500,0.5304,0.5500,0.0296
140.864,0.5500,0.5304,0.5500,0.0295
140.896,0.5500,0.5304,0.5500,0.0294
140.928,0.5500,0.5304,0.5500,0.0293
140.960,0.5500,0.5304,0.5500,0.0292
140.992,0.5500,0.5304,0.5500,0.0291
141.024,0.5500,0.5304,0.5500,0.0290
141.056,0.5500,0.5304,0.5500,0.0289
141.088,0.5500,0.5304,0.5500,0.0288
141.120,0.5500,0.5304,0.5500,0.0287
141.152,0.5500,0.5304,0.5500,0.0286
141.184,0.5500,0.5304,0.5500,0.0285
141.216,0.5500,0.5305,0.5500,0.0284
141.248,0.5500,0.5305,0.5500,0.0282
141.280,0.5500,0.5305,0.5500,0.0281
141.312,0.5500,0.5305,0.5500,0.0280
141.344,0.5500,0.5305,0.5500,0.0279
141.376,0.5500,0.5306,0.5500,0.0278
141.408,0.5500,0.5306,0.5500,0.0276
141.440,0.5500,0.5306,0.5500,0.0275
141.472,0.5500,0.5307,0.5500,0.0274
141.504,0.5500,0.5307,0.5500,0.0272
141.536,0.5500,0.5307,0.5500,0.0271
141.568,0.5500,0.5308,0.5500,0.0269
141.600,0.5500,0.5308,0.5500,0.0268
141.632,0.5500,0.5308,0.5500,0.0267
141.664,0.5500,0.5309,0.5500,0.0265
141.696,0.5500,0.5309,0.5500,0.0264
141.728,0.5500,0.5310,0.5500,0.0262
141.760,0.5500,0.5310,0.5500,0.0261
141.792,0.5500,0.5311,0.5500,0.0259
141.824,0.5500,0.5311,0.5500,0.0258
141.856,0.5500,0.5312,0.5500,0.0256
141.888,0.5500,0.5312,0.5500,0.0254
141.920,0.5500,0.5313,0.5500,0.0253
141.952,0.5500,0.5313,0.5500,0.0251
141.984,0.5500,0.5314,0.5500,0.0249
142.016,0.5500,0.5315,0.5500,0.0248
142.048,0.5500,0.5315,0.5500,0.0246
142.080,0.5500,0.5316,0.5500,0.0244
142.112,0.5500,0.5316,0.5500,0.0243
142.144,0.5500,0.5317,0.5500,0.0241
142.176,0.5500,0.5318,0.5500,0.0239
142.208,0.5500,0.5318,0.5500,0.0238
142.240,0.5500,0.5319,0.5500,0.0236
142.272,0.5500,0.5320,0.5500,0.0234
142.304,0.5500,0.5320,0.5500,0.0232
142.336,0.5500,0.5321,0.5500,0.0230
142.368,0.5500,0.5322,0.5500,0.0228
142.400,0.5500,0.5323,0.5500,0.0227
142.432,0.5500,0.5324,0.5500,0.0225
142.464,0.5500,0.5324,0.5500,0.0223
142.496,0.5500,0.5325,0.5500,0.0221
142.528,0.5500,0.5326,0.5500,0.0219
142.560,0.5500,0.5327,0.5500,0.0217
142.592,0.5500,0.5328,0.5500,0.0215
142.624,0.5500,0.5328,0.5500,0.0213
142.656,0.5500,0.5329,0.5500,0.0211
142.688,0.5500,0.5330,0.5500,0.0209
142.720,0.5500,0.5331,0.5500,0.0207
142.752,0.5500,0.5332,0.5500,0.0205
142.784,0.5500,0.5333,0.5500,0.0203
142.816,0.5500,0.5334,0.5500,0.0201
142.848,0.5500,0.5335,0.5500,0.0199
142.880,0.5500,0.5336,0.5500,0.0197
142.912,0.5500,0.5337,0.5500,0.0195
142.944,0.5500,0.5338,0.5500,0.0193
142.976,0.5500,0.5339,0.5500,0.0191
143.008,0.5500,0.5340,0.5500,0.0189
143.040,0.5500,0.5341,0.5500,0.0186
143.072,0.5500,0.5342,0.5500,0.0184
143.104,0.5500,0.5343,0.5500,0.0182
143.136,0.5500,0.5344,0.5500,0.0180
143.168,0.5500,0.5345,0.5500,0.0178
143.200,0.5500,0.5346,0.5500,0.0176
143.232,0.5500,0.5347,0.5500,0.0174
143.264,0.5500,0.5348,0.5500,0.0171
143.296,0.5500,0.5349,0.5500,0.0169
143.328,0.5500,0.5350,0.5500,0.0167
143.360,0.5500,0.5351,0.5500,0.0165
143.392,0.5500,0.5353,0.5500,0.0163
143.424,0.5500,0.5354,0.5500,0.0160
143.456,0.5500,0.5355,0.5500,0.0158
143.488,0.5500,0.5356,0.5500,0.0156
143.520,0.5500,0.5357,0.5500,0.0154
143.552,0.5500,0.5358,0.5500,0.0151
143.584,0.5500,0.5360,0.5500,0.0149
143.616,0.5500,0.5361,0.5500,0.0147
143.648,0.5500,0.5362,0.5500,0.0144
143.680,0.5500,0.5363,0.5500,0.0142
143.712,0.5500,0.5364,0.5500,0.0140
143.744,0.5500,0.5366,0.5500,0.0138
143.776,0.5500,0.5367,0.5500,0.0135
143.808,0.5500,0.5368,0.5500,0.0133
143.840,0.5500,0.5369,0.5500,0.0131
143.872,0.5500,0.5371,0.5500,0.0128
143.904,0.5500,0.5372,0.5500,0.0126
143.936,0.5500,0.5373,0.5500,0.0124
143.968,0.5500,0.5375,0.5500,0.0121
144.000,0.5500,0.5376,0.5500,0.0119
144.032,0.5500,0.5377,0.5500,0.0117
144.064,0.5500,0.5379,0.5500,0.0114
144.096,0.5500,0.5380,0.5500,0.0112
144.128,0.5500,0.5381,0.5500,0.0109
144.160,0.5500,0.5383,0.5500,0.0107
144.192,0.5500,0.5384,0.5500,0.0105
144.224,0.5500,0.5385,0.5500,0.0102
144.256,0.5500,0.5387,0.5500,0.0100
144.288,0.5500,0.5388,0.5500,0.0098
144.320,0.5500,0.5389,0.5500,0.0095
144.352,0.5500,0.5391,0.5500,0.0093
144.384,0.5500,0.5392,0.5500,0.0090
144.416,0.5500,0.5393,0.5500,0.0088
144.448,0.5500,0.5395,0.5500,0.0086
144.480,0.5500,0.5396,0.5500,0.0083
144.512,0.5500,0.5398,0.5500,0.0081
144.544,0.5500,0.5399,0.5500,0.0079
144.576,0.5500,0.5401,0.5500,0.0076
144.608,0.5500,0.5402,0.5500,0.0074
144.640,0.5500,0.5403,0.5500,0.0071
144.672,0.5500,0.5405,0.5500,0.0069
144.704,0.5500,0.5406,0.5500,0.0067
144.736,0.5500,0.5408,0.5500,0.0064
144.768,0.5500,0.5409,0.5500,0.0062
144.800,0.5500,0.5411,0.5500,0.0059
144.832,0.5500,0.5412,0.5500,0.0057
144.864,0.5500,0.5413,0.5500,0.0055
144.896,0.5500,0.5415,0.5500,0.0052
144.928,0.5500,0.5416,0.5500,0.0050
144.960,0.5500,0.5418,0.5500,0.0048
144.992,0.5500,0.5419,0.5500,0.0045
145.024,0.5500,0.5421,0.5500,0.0043
145.056,0.5500,0.5422,0.5500,0.0040
145.088,0.5500,0.5424,0.5500,0.0038
145.120,0.5500,0.5425,0.5500,0.0036
145.152,0.5500,0.5427,0.5500,0.0033
145.184,0.5500,0.5428,0.5500,0.0031
145.216,0.5500,0.5430,0.5500,0.0029
145.248,0.5500,0.5431,0.5500,0.0026
145.280,0.5500,0.5433,0.5500,0.0024
145.312,0.5500,0.5434,0.5500,0.0022
145.344,0.5500,0.5436,0.5500,0.0019
145.376,0.5500,0.5437,0.5500,0.0017
145.408,0.5500,0.5439,0.5500,0.0015
145.440,0.5500,0.5440,0.5500,0.0012
145.472,0.5500,0.5442,0.5500,0.0010
145.504,0.5500,0.5443,0.5500,0.0008
145.536,0.5500,0.5445,0.5500,0.0005
145.568,0.5500,0.5446,0.5500,0.0003
145.600,0.5500,0.5448,0.5500,0.0001
145.632,0.5500,0.5449,0.5500,-0.0001
145.664,0.5500,0.5451,0.5500,-0.0004
145.696,0.5500,0.5452,0.5500,-0.0006
145.728,0.5500,0.5454,0.5500,-0.0008
145.760,0.5500,0.5455,0.5500,-0.0011
145.792,0.5500,0.5457,0.5500,-0.0013
145.824,0.5500,0.5458,0.5500,-0.0015
145.856,0.5500,0.5460,0.5500,-0.0017
145.888,0.5500,0.5461,0.5500,-0.0020
145.920,0.5500,0.5463,0.5500,-0.0022
145.952,0.5500,0.5464,0.5500,-0.0024
145.984,0.5500,0.5466,0.5500,-0.0026
146.016,0.5500,0.5467,0.5500,-0.0028
146.048,0.5500,0.5469,0.5500,-0.0031
146.080,0.5500,0.5470,0.5500,-0.0033
146.112,0.5500,0.5472,0.5500,-0.0035
146.144,0.5500,0.5473,0.5500,-0.0037
146.176,0.5500,0.5475,0.5500,-0.0039
146.208,0.5500,0.5476,0.5500,-0.0041
146.240,0.5500,0.5478,0.5500,-0.0043
146.272,0.5500,0.5479,0.5500,-0.0046
146.304,0.5500,0.5481,0.5500,-0.0048
146.336,0.5500,0.5482,0.5500,-0.0050
146.368,0.5500,0.5484,0.5500,-0.0052
146.400,0.5500,0.5485,0.5500,-0.0054
146.432,0.5500,0.5487,0.5500,-0.0056
146.464,0.5500,0.5488,0.5500,-0.0058
146.496,0.5500,0.5490,0.5500,-0.0060
146.528,0.5500,0.5491,0.5500,-0.0062
146.560,0.5500,0.5492,0.5500,-0.0064
146.592,0.5500,0.5494,0.5500,-0.0066
146.624,0.5500,0.5495,0.5500,-0.0068
146.656,0.5500,0.5497,0.5500,-0.0070
146.688,0.5500,0.5498,0.5500,-0.0072
146.720,0.5500,0.5500,0.5500,-0.0074
146.752,0.5500,0.5501,0.5500,-0.0076
146.784,0.5500,0.5503,0.5500,-0.0078
146.816,0.5500,0.5504,0.5500,-0.0080
146.848,0.5500,0.5505,0.5500,-0.0082
146.880,0.5500,0.5507,0.5500,-0.0084
146.912,0.5500,0.5508,0.5500,-0.0086
146.944,0.5500,0.5510,0.5500,-0.0088
146.976,0.5500,0.5511,0.5500,-0.0090
147.008,0.5500,0.5513,0.5500,-0.0091
147.040,0.5500,0.5514,0.5500,-0.0093
147.072,0.5500,0.5515,0.5500,-0.0095
147.104,0.5500,0.5517,0.5500,-0.0097
147.136,0.5500,0.5518,0.5500,-0.0099
147.168,0.5500,0.5520,0.5500,-0.0101
147.200,0.5500,0.5521,0.5500,-0.0102
147.232,0.5500,0.5522,0.5500,-0.0104
147.264,0.5500,0.5524,0.5500,-0.0106
147.296,0.5500,0.5525,0.5500,-0.0108
147.328,0.5500,0.5526,0.5500,-0.0109
147.360,0.5500,0.5528,0.5500,-0.0111
147.392,0.5500,0.5529,0.5500,-0.0113
147.424,0.5500,0.5530,0.5500,-0.0114
147.456,0.5500,0.5532,0.5500,-0.0116
147.488,0.5500,0.5533,0.5500,-0.0118
147.520,0.5500,0.5534,0.5500,-0.0119
147.552,0.5500,0.5536,0.5500,-0.0121
147.584,0.5500,0.5537,0.5500,-0.0123
147.616,0.5500,0.5538,0.5500,-0.0124
147.648,0.5500,0.5540,0.5500,-0.0126
147.680,0.5500,0.5541,0.5500,-0.0127
147.712,0.5500,0.5542,0.5500,-0.0129
147.744,0.5500,0.5543,0.5500,-0.0130
147.776,0.5500,0.5545,0.5500,-0.0132
147.808,0.5500,0.5546,0.5500,-0.0133
147.840,0.5500,0.5547,0.5500,-0.0135
147.872,0.5500,0.5548,0.5500,-0.0136
147.904,0.5500,0.5550,0.5500,-0.0138
147.936,0.5500,0.5551,0.5500,-0.0139
147.968,0.5500,0.5552,0.5500,-0.0141
148.000,0.5500,0.5553,0.5500,-0.0142
148.032,0.5500,0.5554,0.5500,-0.0143
148.064,0.5500,0.5556,0.5500,-0.0145
148.096,0.5500,0.5557,0.5500,-0.0146
148.128,0.5500,0.5558,0.5500,-0.0148
148.160,0.5500,0.5559,0.5500,-0.0149
148.192,0.5500,0.5560,0.5500,-0.0150
148.224,0.5500,0.5561,0.5500,-0.0151
148.256,0.5500,0.5563,0.5500,-0.0153
148.288,0.5500,0.5564,0.5500,-0.0154
148.320,0.5500,0.5565,0.5500,-0.0155
148.352,0.5500,0.5566,0.5500,-0.0156
148.384,0.5500,0.5567,0.5500,-0.0158
148.416,0.5500,0.5568,0.5500,-0.0159
148.448,0.5500,0.5569,0.5500,-0.0160
148.480,0.5500,0.5570,0.5500,-0.0161
148.512,0.5500,0.5571,0.5500,-0.0162
148.544,0.5500,0.5572,0.5500,-0.0163
148.576,0.5500,0.5573,0.5500,-0.0165
148.608,0.5500,0.5575,0.5500,-0.0166
148.640,0.5500,0.5576,0.5500,-0.0167
148.672,0.5500,0.5577,0.5500,-0.0168
148.704,0.5500,0.5578,0.5500,-0.0169
148.736,0.5500,0.5579,0.5500,-0.0170
148.768,0.5500,0.5580,0.5500,-0.0171
148.800,0.5500,0.5581,0.5500,-0.0172
148.832,0.5500,0.5582,0.5500,-0.0173
148.864,0.5500,0.5583,0.5500,-0.0174
148.896,0.5500,0.5583,0.5500,-0.0175
148.928,0.5500,0.5584,0.5500,-0.0176
148.960,0.5500,0.5585,0.5500,-0.0176
148.992,0.5500,0.5586,0.5500,-0.0177
149.024,0.5500,0.5587,0.5500,-0.0178
149.056,0.5500,0.5588,0.5500,-0.0179
149.088,0.5500,0.5589,0.5500,-0.0180
149.120,0.5500,0.5590,0.5500,-0.0181
149.152,0.5500,0.5591,0.5500,-0.0181
149.184,0.5500,0.5592,0.5500,-0.0182
149.216,0.5500,0.5593,0.5500,-0.0183
149.248,0.5500,0.5593,0.5500,-0.0184
149.280,0.5500,0.5594,0.5500,-0.0185
149.312,0.5500,0.5595,0.5500,-0.0186
149.344,0.5500,0.5596,0.5500,-0.0186
149.376,0.5500,0.5597,0.5500,-0.0187
149.408,0.5500,0.5597,0.5500,-0.0188
149.440,0.5500,0.5598,0.5500,-0.0189
149.472,0.5500,0.5599,0.5500,-0.0189
149.504,0.5500,0.5600,0.5500,-0.0190
149.536,0.5500,0.5601,0.5500,-0.0191
149.568,0.5500,0.5601,0.5500,-0.0191
149.600,0.5500,0.5602,0.5500,-0.0192
149.632,0.5500,0.5603,0.5500,-0.0193
149.664,0.5500,0.5604,0.5500,-0.0193
149.696,0.5500,0.5604,0.5500,-0.0194
149.728,0.5500,0.5605,0.5500,-0.0194
149.760,0.5500,0.5606,0.5500,-0.0195
149.792,0.5500,0.5606,0.5500,-0.0195
149.824,0.5500,0.5607,0.5500,-0.0196
149.856,0.5500,0.5608,0.5500,-0.0196
149.888,0.5500,0.5608,0.5500,-0.0197
149.920,0.5500,0.5609,0.5500,-0.0197
149.952,0.5500,0.5610,0.5500,-0.0197
149.984,0.5500,0.5610,0.5500,-0.0198
150.016,0.5500,0.5611,0.5500,-0.0198
150.048,0.5500,0.5612,0.5500,-0.0198
150.080,0.5500,0.5612,0.5500,-0.0198
150.112,0.5500,0.5613,0.5500,-0.0199
150.144,0.5500,0.5613,0.5500,-0.0199
150.176,0.5500,0.5614,0.5500,-0.0199
150.208,0.5500,0.5614,0.5500,-0.0199
150.240,0.5500,0.5615,0.5500,-0.0199
150.272,0.5500,0.5615,0.5500,-0.0199
150.304,0.5500,0.5616,0.5500,-0.0200
150.336,0.5500,0.5616,0.5500,-0.0200
150.368,0.5500,0.5617,0.5500,-0.0200
150.400,0.5500,0.5617,0.5500,-0.0200
150.432,0.5500,0.5618,0.5500,-0.0200
150.464,0.5500,0.5618,0.5500,-0.0200
150.496,0.5500,0.5619,0.5500,-0.0200
150.528,0.5500,0.5619,0.5500,-0.0200
150.560,0.5500,0.5619,0.5500,-0.0200
150.592,0.5500,0.5620,0.5500,-0.0200
150.624,0.5500,0.5620,0.5500,-0.0200
150.656,0.5500,0.5621,0.5500,-0.0200
150.688,0.5500,0.5621,0.5500,-0.0200
150.720,0.5500,0.5621,0.5500,-0.0199
150.752,0.5500,0.5622,0.5500,-0.0199
150.784,0.5500,0.5622,0.5500,-0.0199
150.816,0.5500,0.5622,0.5500,-0.0199
150.848,0.5500,0.5622,0.5500,-0.0199
150.880,0.5500,0.5623,0.5500,-0.0199
150.912,0.5500,0.5623,0.5500,-0.0198
150.944,0.5500,0.5623,0.5500,-0.0198
150.976,0.5500,0.5624,0.5500,-0.0198
151.008,0.5500,0.5624,0.5500,-0.0198
151.040,0.5500,0.5624,0.5500,-0.0197
151.072,0.5500,0.5624,0.5500,-0.0197
151.104,0.5500,0.5624,0.5500,-0.0197
151.136,0.5500,0.5625,0.5500,-0.0196
151.168,0.5500,0.5625,0.5500,-0.0196
151.200,0.5500,0.5625,0.5500,-0.0195
151.232,0.5500,0.5625,0.5500,-0.0195
151.264,0.5500,0.5625,0.5500,-0.0195
151.296,0.5500,0.5625,0.5500,-0.0194
151.328,0.5500,0.5625,0.5500,-0.0194
151.360,0.5500,0.5625,0.5500,-0.0193
151.392,0.5500,0.5626,0.5500,-0.0193
151.424,0.5500,0.5626,0.5500,-0.0192
151.456,0.5500,0.5626,0.5500,-0.0192
151.488,0.5500,0.5626,0.5500,-0.0191
151.520,0.5500,0.5626,0.5500,-0.0191
151.552,0.5500,0.5626,0.5500,-0.0190
151.584,0.5500,0.5626,0.5500,-0.0190
151.616,0.5500,0.5626,0.5500,-0.0189
151.648,0.5500,0.5626,0.5500,-0.0188
151.680,0.5500,0.5626,0.5500,-0.0188
151.712,0.5500,0.5626,0.5500,-0.0187
151.744,0.5500,0.5626,0.5500,-0.0186
151.776,0.5500,0.5626,0.5500,-0.0186
151.808,0.5500,0.5626,0.5500,-0.0185
151.840,0.5500,0.5626,0.5500,-0.0184
151.872,0.5500,0.5625,0.5500,-0.0184
151.904,0.5500,0.5625,0.5500,-0.0183
151.936,0.5500,0.5625,0.5500,-0.0182
151.968,0.5500,0.5625,0.5500,-0.0182
152.000,0.5500,0.5625,0.5500,-0.0181
152.032,0.5500,0.5625,0.5500,-0.0180
152.064,0.5500,0.5625,0.5500,-0.0179
152.096,0.5500,0.5625,0.5500,-0.0178
152.128,0.5500,0.5624,0.5500,-0.0177
152.160,0.5500,0.5624,0.5500,-0.0177
152.192,0.5500,0.5624,0.5500,-0.0176
152.224,0.5500,0.5624,0.5500,-0.0175
152.256,0.5500,0.5624,0.5500,-0.0174
152.288,0.5500,0.5623,0.5500,-0.0173
152.320,0.5500,0.5623,0.5500,-0.0172
152.352,0.5500,0.5623,0.5500,-0.0171
152.384,0.5500,0.5623,0.5500,-0.0170
152.416,0.5500,0.5622,0.5500,-0.0169
152.448,0.5500,0.5622,0.5500,-0.0168
152.480,0.5500,0.5622,0.5500,-0.0168
152.512,0.5500,0.5621,0.5500,-0.0167
152.544,0.5500,0.5621,0.5500,-0.0166
152.576,0.5500,0.5621,0.5500,-0.0164
152.608,0.5500,0.5620,0.5500,-0.0164
152.640,0.5500,0.5620,0.5500,-0.0162
152.672,0.5500,0.5620,0.5500,-0.0161
152.704,0.5500,0.5619,0.5500,-0.0160
152.736,0.5500,0.5619,0.5500,-0.0159
152.768,0.5500,0.5619,0.5500,-0.0158
152.800,0.5500,0.5618,0.5500,-0.0157
152.832,0.5500,0.5618,0.5500,-0.0156
152.864,0.5500,0.5617,0.5500,-0.0155
152.896,0.5500,0.5617,0.5500,-0.0154
152.928,0.5500,0.5617,0.5500,-0.0153
152.960,0.5500,0.5616,0.5500,-0.0151
152.992,0.5500,0.5616,0.5500,-0.0150
153.024,0.5500,0.5615,0.5500,-0.0149
153.056,0.5500,0.5615,0.5500,-0.0148
153.088,0.5500,0.5614,0.5500,-0.0147
153.120,0.5500,0.5614,0.5500,-0.0146
153.152,0.5500,0.5613,0.5500,-0.0144
153.184,0.5500,0.5613,0.5500,-0.0143
153.216,0.5500,0.5612,0.5500,-0.0142
153.248,0.5500,0.5612,0.5500,-0.0141
153.280,0.5500,0.5611,0.5500,-0.0139
153.312,0.5500,0.5611,0.5500,-0.0138
153.344,0.5500,0.5610,0.5500,-0.0137
153.376,0.5500,0.5610,0.5500,-0.0136
153.408,0.5500,0.5609,0.5500,-0.0134
153.440,0.5500,0.5608,0.5500,-0.0133
153.472,0.5500,0.5608,0.5500,-0.0132
153.504,0.5500,0.5607,0.5500,-0.0130
153.536,0.5500,0.5607,0.5500,-0.0129
153.568,0.5500,0.5606,0.5500,-0.0128
153.600,0.5500,0.5605,0.5500,-0.0126
153.632,0.5500,0.5605,0.5500,-0.0125
153.664,0.5500,0.5604,0.5500,-0.0124
153.696,0.5500,0.5604,0.5500,-0.0122
153.728,0.5500,0.5603,0.5500,-0.0121
153.760,0.5500,0.5602,0.5500,-0.0120
153.792,0.5500,0.5602,0.5500,-0.0118
153.824,0.5500,0.5601,0.5500,-0.0117
153.856,0.5500,0.5600,0.5500,-0.0116
153.888,0.5500,0.5600,0.5500,-0.0114
153.920,0.5500,0.5599,0.5500,-0.0113
153.952,0.5500,0.5598,0.5500,-0.0111
153.984,0.5500,0.5597,0.5500,-0.0110
154.016,0.5500,0.5597,0.5500,-0.0108
154.048,0.5500,0.5596,0.5500,-0.0107
154.080,0.5500,0.5595,0.5500,-0.0106
154.112,0.5500,0.5595,0.5500,-0.0104
154.144,0.5500,0.5594,0.5500,-0.0103
154.176,0.5500,0.5593,0.5500,-0.0101
154.208,0.5500,0.5592,0.5500,-0.0100
154.240,0.5500,0.5592,0.5500,-0.0098
154.272,0.5500,0.5591,0.5500,-0.0097
154.304,0.5500,0.5590,0.5500,-0.0095
154.336,0.5500,0.5589,0.5500,-0.0094
154.368,0.5500,0.5588,0.5500,-0.0092
154.400,0.5500,0.5588,0.5500,-0.0091
154.432,0.5500,0.5587,0.5500,-0.0089
154.464,0.5500,0.5586,0.5500,-0.0088
154.496,0.5500,0.5585,0.5500,-0.0087
154.528,0.5500,0.5584,0.5500,-0.0085
154.560,0.5500,0.5584,0.5500,-0.0083
154.592,0.5500,0.5583,0.5500,-0.0082
154.624,0.5500,0.5582,0.5500,-0.0080
154.656,0.5500,0.5581,0.5500,-0.0079
154.688,0.5500,0.5580,0.5500,-0.0077
154.720,0.5500,0.5580,0.5500,-0.0076
154.752,0.5500,0.5579,0.5500,-0.0074
154.784,0.5500,0.5578,0.5500,-0.0073
154.816,0.5500,0.5577,0.5500,-0.0071
154.848,0.5500,0.5576,0.5500,-0.0070
154.880,0.5500,0.5575,0.5500,-0.0068
154.912,0.5500,0.5574,0.5500,-0.0067
154.944,0.5500,0.5573,0.5500,-0.0065
154.976,0.5500,0.5573,0.5500,-0.0064
155.008,0.5500,0.5572,0.5500,-0.0062
155.040,0.5500,0.5571,0.5500,-0.0061
155.072,0.5500,0.5570,0.5500,-0.0059
155.104,0.5500,0.5569,0.5500,-0.0058
155.136,0.5500,0.5568,0.5500,-0.0056
155.168,0.5500,0.5567,0.5500,-0.0054
155.200,0.5500,0.5566,0.5500,-0.0053
155.232,0.5500,0.5565,0.5500,-0.0051
155.264,0.5500,0.5565,0.5500,-0.0050
155.296,0.5500,0.5564,0.5500,-0.0048
155.328,0.5500,0.5563,0.5500,-0.0047
155.360,0.5500,0.5562,0.5500,-0.0045
155.392,0.5500,0.5561,0.5500,-0.0044
155.424,0.5500,0.5560,0.5500,-0.0042
155.456,0.5500,0.5559,0.5500,-0.0040
155.488,0.5500,0.5558,0.5500,-0.0039
155.520,0.5500,0.5557,0.5500,-0.0037
155.552,0.5500,0.5556,0.5500,-0.0036
155.584,0.5500,0.5555,0.5500,-0.0034
155.616,0.5500,0.5554,0.5500,-0.0033
155.648,0.5500,0.5553,0.5500,-0.0031
155.680,0.5500,0.5552,0.5500,-0.0030
155.712,0.5500,0.5551,0.5500,-0.0028
155.744,0.5500,0.5550,0.5500,-0.0027
155.776,0.5500,0.5550,0.5500,-0.0025
155.808,0.5500,0.5549,0.5500,-0.0024
155.840,0.5500,0.5548,0.5500,-0.0022
155.872,0.5500,0.5547,0.5500,-0.0020
155.904,0.5500,0.5546,0.5500,-0.0019
155.936,0.5500,0.5545,0.5500,-0.0017
155.968,0.5500,0.5544,0.5500,-0.0016
156.000,0.5500,0.5543,0.5500,-0.0014
156.032,0.5500,0.5542,0.5500,-0.0013
156.064,0.5500,0.5541,0.5500,-0.0011
156.096,0.5500,0.5540,0.5500,-0.0010
156.128,0.5500,0.5539,0.5500,-0.0008
156.160,0.5500,0.5538,0.5500,-0.0007
156.192,0.5500,0.5537,0.5500,-0.0005
156.224,0.5500,0.5536,0.5500,-0.0004
156.256,0.5500,0.5535,0.5500,-0.0002
156.288,0.5500,0.5534,0.5500,-0.0001
156.320,0.5500,0.5533,0.5500,0.0001
156.352,0.5500,0.5532,0.5500,0.0002
156.384,0.5500,0.5531,0.5500,0.0004
156.416,0.5500,0.5530,0.5500,0.0005
156.448,0.5500,0.5529,0.5500,0.0007
156.480,0.5500,0.5528,0.5500,0.0008
156.512,0.5500,0.5527,0.5500,0.0010
156.544,0.5500,0.5526,0.5500,0.0011
156.576,0.5500,0.5525,0.5500,0.0012
156.608,0.5500,0.5524,0.5500,0.0014
156.640,0.5500,0.5523,0.5500,0.0015
156.672,0.5500,0.5522,0.5500,0.0017
156.704,0.5500,0.5521,0.5500,0.0018
156.736,0.5500,0.5520,0.5500,0.0020
156.768,0.5500,0.5519,0.5500,0.0021
156.800,0.5500,0.5518,0.5500,0.0023
156.832,0.5500,0.5517,0.5500,0.0024
156.864,0.5500,0.5516,0.5500,0.0025
156.896,0.5500,0.5515,0.5500,0.0027
156.928,0.5500,0.5515,0.5500,0.0028
156.960,0.5500,0.5514,0.5500,0.0030
156.992,0.5500,0.5513,0.5500,0.0031
157.024,0.5500,0.5512,0.5500,0.0032
157.056,0.5500,0.5511,0.5500,0.0034
157.088,0.5500,0.5510,0.5500,0.0035
157.120,0.5500,0.5509,0.5500,0.0036
157.152,0.5500,0.5508,0.5500,0.0038
157.184,0.5500,0.5507,0.5500,0.0039
157.216,0.5500,0.5506,0.5500,0.0040
157.248,0.5500,0.5505,0.5500,0.0042
157.280,0.5500,0.5504,0.5500,0.0043
157.312,0.5500,0.5503,0.5500,0.0044
157.344,0.5500,0.5502,0.5500,0.0046
157.376,0.5500,0.5501,0.5500,0.0047
157.408,0.5500,0.5500,0.5500,0.0048
157.440,0.5500,0.5499,0.5500,0.0050
157.472,0.5500,0.5498,0.5500,0.0051
157.504,0.5500,0.5497,0.5500,0.0052
157.536,0.5500,0.5496,0.5500,0.0053
157.568,0.5500,0.5495,0.5500,0.0055
157.600,0.5500,0.5495,0.5500,0.0056
157.632,0.5500,0.5494,0.5500,0.0057
157.664,0.5500,0.5493,0.5500,0.0058
157.696,0.5500,0.5492,0.5500,0.0060
157.728,0.5500,0.5491,0.5500,0.0061
157.760,0.5500,0.5490,0.5500,0.0062
157.792,0.5500,0.5489,0.5500,0.0063
157.824,0.5500,0.5488,0.5500,0.0064
157.856,0.5500,0.5487,0.5500,0.0066
157.888,0.5500,0.5486,0.5500,0.0067
157.920,0.5500,0.5485,0.5500,0.0068
157.952,0.5500,0.5485,0.5500,0.0069
157.984,0.5500,0.5484,0.5500,0.0070
158.016,0.5500,0.5483,0.5500,0.0071
158.048,0.5500,0.5482,0.5500,0.0072
158.080,0.5500,0.5481,0.5500,0.0074
158.112,0.5500,0.5480,0.5500,0.0075
158.144,0.5500,0.5479,0.5500,0.0076
158.176,0.5500,0.5478,0.5500,0.0077
158.208,0.5500,0.5478,0.5500,0.0078
158.240,0.5500,0.5477,0.5500,0.0079
158.272,0.5500,0.5476,0.5500,0.0080
158.304,0.5500,0.5475,0.5500,0.0081
158.336,0.5500,0.5474,0.5500,0.0082
158.368,0.5500,0.5473,0.5500,0.0083
158.400,0.5500,0.5473,0.5500,0.0084
158.432,0.5500,0.5472,0.5500,0.0085
158.464,0.5500,0.5471,0.5500,0.0086
158.496,0.5500,0.5470,0.5500,0.0088
158.528,0.5500,0.5469,0.5500,0.0089
158.560,0.5500,0.5468,0.5500,0.0090
158.592,0.5500,0.5468,0.5500,0.0091
158.624,0.5500,0.5467,0.5500,0.0092
158.656,0.5500,0.5466,0.5500,0.0093
158.688,0.5500,0.5465,0.5500,0.0094
158.720,0.5500,0.5464,0.5500,0.0095
158.752,0.5500,0.5464,0.5500,0.0096
158.784,0.5500,0.5463,0.5500,0.0097
158.816,0.5500,0.5462,0.5500,0.0097
158.848,0.5500,0.5461,0.5500,0.0098
158.880,0.5500,0.5460,0.5500,0.0099
158.912,0.5500,0.5460,0.5500,0.0100
158.944,0.5500,0.5459,0.5500,0.0101
158.976,0.5500,0.5458,0.5500,0.0102
159.008,0.5500,0.5457,0.5500,0.0103
159.040,0.5500,0.5457,0.5500,0.0104
159.072,0.5500,0.5456,0.5500,0.0104
159.104,0.5500,0.5455,0.5500,0.0105
159.136,0.5500,0.5454,0.5500,0.0106
159.168,0.5500,0.5454,0.5500,0.0107
159.200,0.5500,0.5453,0.5500,0.0108
159.232,0.5500,0.5452,0.5500,0.0108
159.264,0.5500,0.5452,0.5500,0.0109
159.296,0.5500,0.5451,0.5500,0.0110
159.328,0.5500,0.5450,0.5500,0.0111
159.360,0.5500,0.5449,0.5500,0.0111
159.392,0.5500,0.5449,0.5500,0.0112
159.424,0.5500,0.5448,0.5500,0.0113
159.456,0.5500,0.5447,0.5500,0.0113
159.488,0.5500,0.5447,0.5500,0.0114
159.520,0.5500,0.5446,0.5500,0.0115
159.552,0.5500,0.5445,0.5500,0.0115
159.584,0.5500,0.5445,0.5500,0.0116
159.616,0.5500,0.5444,0.5500,0.0116
159.648,0.5500,0.5444,0.5500,0.0117
159.680,0.5500,0.5443,0.5500,0.0118
159.712,0.5500,0.5442,0.5500,0.0118
159.744,0.5500,0.5442,0.5500,0.0119
159.776,0.5500,0.5441,0.5500,0.0119
159.808,0.5500,0.5441,0.5500,0.0120
159.840,0.5500,0.5440,0.5500,0.0120
159.872,0.5500,0.5439,0.5500,0.0121
159.904,0.5500,0.5439,0.5500,0.0121
159.936,0.5500,0.5438,0.5500,0.0122
159.968,0.5500,0.5438,0.5500,0.0122
160.000,0.5500,0.5437,0.5500,0.0123
160.032,0.5500,0.5437,0.5500,0.0123
160.064,0.5500,0.5436,0.5500,0.0123
160.096,0.5500,0.5436,0.5500,0.0124
160.128,0.5500,0.5435,0.5500,0.0124
160.160,0.5500,0.5434,0.5500,0.0125
160.192,0.5500,0.5434,0.5500,0.0125
160.224,0.5500,0.5433,0.5500,0.0125
160.256,0.5500,0.5433,0.5500,0.0126
160.288,0.5500,0.5433,0.5500,0.0126
160.320,0.5500,0.5432,0.5500,0.0126
160.352,0.5500,0.5432,0.5500,0.0127
160.384,0.5500,0.5431,0.5500,0.0127
160.416,0.5500,0.5431,0.5500,0.0127
160.448,0.5500,0.5430,0.5500,0.0127
160.480,0.5500,0.5430,0.5500,0.0128
160.512,0.5500,0.5429,0.5500,0.0128
160.544,0.5500,0.5429,0.5500,0.0128
160.576,0.5500,0.5429,0.5500,0.0128
160.608,0.5500,0.5428,0.5500,0.0129
160.640,0.5500,0.5428,0.5500,0.0129
160.672,0.5500,0.5427,0.5500,0.0129
160.704,0.5500,0.5427,0.5500,0.0129
160.736,0.5500,0.5427,0.5500,0.0129
160.768,0.5500,0.5426,0.5500,0.0130
160.800,0.5500,0.5426,0.5500,0.0130
160.832,0.5500,0.5426,0.5500,0.0130
160.864,0.5500,0.5425,0.5500,0.0130
160.896,0.5500,0.5425,0.5500,0.0130
160.928,0.5500,0.5425,0.5500,0.0130
160.960,0.5500,0.5424,0.5500,0.0130
160.992,0.5500,0.5424,0.5500,0.0130
161.024,0.5500,0.5424,0.5500,0.0130
161.056,0.5500,0.5423,0.5500,0.0130
161.088,0.5500,0.5423,0.5500,0.0130
161.120,0.5500,0.5423,0.5500,0.0130
161.152,0.5500,0.5422,0.5500,0.0130
161.184,0.5500,0.5422,0.5500,0.0130
161.216,0.5500,0.5422,0.5500,0.0130
161.248,0.5500,0.5422,0.5500,0.0130
161.280,0.5500,0.5421,0.5500,0.0130
161.312,0.5500,0.5421,0.5500,0.0130
161.344,0.5500,0.5421,0.5500,0.0130
161.376,0.5500,0.5421,0.5500,0.0130
161.408,0.5500,0.5421,0.5500,0.0130
161.440,0.5500,0.5420,0.5500,0.0130
161.472,0.5500,0.5420,0.5500,0.0130
161.504,0.5500,0.5420,0.5500,0.0130
161.536,0.5500,0.5420,0.5500,0.0129
161.568,0.5500,0.5420,0.5500,0.0129
161.600,0.5500,0.5419,0.5500,0.0129
161.632,0.5500,0.5419,0.5500,0.0129
161.664,0.5500,0.5419,0.5500,0.0129
161.696,0.5500,0.5419,0.5500,0.0129
161.728,0.5500,0.5419,0.5500,0.0128
161.760,0.5500,0.5419,0.5500,0.0128
161.792,0.5500,0.5419,0.5500,0.0128
161.824,0.5500,0.5419,0.5500,0.0128
161.856,0.5500,0.5418,0.5500,0.0128
161.888,0.5500,0.5418,0.5500,0.0127
161.920,0.5500,0.5418,0.5500,0.0127
161.952,0.5500,0.5418,0.5500,0.0127
161.984,0.5500,0.5418,0.5500,0.0126
162.016,0.5500,0.5418,0.5500,0.0126
162.048,0.5500,0.5418,0.5500,0.0126
162.080,0.5500,0.5418,0.5500,0.0126
162.112,0.5500,0.5418,0.5500,0.0125
162.144,0.5500,0.5418,0.5500,0.0125
162.176,0.5500,0.5418,0.5500,0.0125
162.208,0.5500,0.5418,0.5500,0.0124
162.240,0.5500,0.5418,0.5500,0.0124
162.272,0.5500,0.5418,0.5500,0.0123
162.304,0.5500,0.5418,0.5500,0.0123
162.336,0.5500,0.5418,0.5500,0.0123
162.368,0.5500,0.5418,0.5500,0.0122
162.400,0.5500,0.5418,0.5500,0.0122
162.432,0.5500,0.5418,0.5500,0.0121
162.464,0.5500,0.5418,0.5500,0.0121
162.496,0.5500,0.5418,0.5500,0.0121
162.528,0.5500,0.5418,0.5500,0.0120
162.560,0.5500,0.5418,0.5500,0.0120
162.592,0.5500,0.5418,0.5500,0.0119
162.624,0.5500,0.5418,0.5500,0.0119
162.656,0.5500,0.5418,0.5500,0.0118
162.688,0.5500,0.5418,0.5500,0.0118
162.720,0.5500,0.5418,0.5500,0.0117
162.752,0.5500,0.5419,0.5500,0.0117
162.784,0.5500,0.5419,0.5500,0.0116
162.816,0.5500,0.5419,0.5500,0.0115
162.848,0.5500,0.5419,0.5500,0.0115
162.880,0.5500,0.5419,0.5500,0.0114
162.912,0.5500,0.5419,0.5500,0.0114
162.944,0.5500,0.5419,0.5500,0.0113
162.976,0.5500,0.5420,0.5500,0.0112
163.008,0.5500,0.5420,0.5500,0.0112
163.040,0.5500,0.5420,0.5500,0.0111
163.072,0.5500,0.5420,0.5500,0.0111
163.104,0.5500,0.5420,0.5500,0.0110
163.136,0.5500,0.5420,0.5500,0.0109
163.168,0.5500,0.5421,0.5500,0.0109
163.200,0.5500,0.5421,0.5500,0.0108
163.232,0.5500,0.5421,0.5500,0.0107
163.264,0.5500,0.5421,0.5500,0.0107
163.296,0.5500,0.5422,0.5500,0.0106
163.328,0.5500,0.5422,0.5500,0.0105
163.360,0.5500,0.5422,0.5500,0.0105
163.392,0.5500,0.5422,0.5500,0.0104
163.424,0.5500,0.5422,0.5500,0.0103
163.456,0.5500,0.5423,0.5500,0.0102
163.488,0.5500,0.5423,0.5500,0.0102
163.520,0.5500,0.5423,0.5500,0.0101
163.552,0.5500,0.5424,0.5500,0.0100
163.584,0.5500,0.5424,0.5500,0.0099
163.616,0.5500,0.5424,0.5500,0.0099
163.648,0.5500,0.5424,0.5500,0.0098
163.680,0.5500,0.5425,0.5500,0.0097
163.712,0.5500,0.5425,0.5500,0.0096
163.744,0.5500,0.5425,0.5500,0.0096
163.776,0.5500,0.5426,0.5500,0.0095
163.808,0.5500,0.5426,0.5500,0.0094
163.840,0.5500,0.5426,0.5500,0.0093
163.872,0.5500,0.5427,0.5500,0.0092
163.904,0.5500,0.5427,0.5500,0.0092
163.936,0.5500,0.5427,0.5500,0.0091
163.968,0.5500,0.5428,0.5500,0.0090
164.000,0.5500,0.5428,0.5500,0.0089
164.032,0.5500,0.5428,0.5500,0.0088
164.064,0.5500,0.5429,0.5500,0.0087
164.096,0.5500,0.5429,0.5500,0.0086
164.128,0.5500,0.5430,0.5500,0.0086
164.160,0.5500,0.5430,0.5500,0.0085
164.192,0.5500,0.5430,0.5500,0.0084
164.224,0.5500,0.5431,0.5500,0.0083
164.256,0.5500,0.5431,0.5500,0.0082
164.288,0.5500,0.5432,0.5500,0.0081
164.320,0.5500,0.5432,0.5500,0.0080
164.352,0.5500,0.5432,0.5500,0.0079
164.384,0.5500,0.5433,0.5500,0.0078
164.416,0.5500,0.5433,0.5500,0.0078
164.448,0.5500,0.5434,0.5500,0.0077
164.480,0.5500,0.5434,0.5500,0.0076
164.512,0.5500,0.5435,0.5500,0.0075
164.544,0.5500,0.5435,0.5500,0.0074
164.576,0.5500,0.5436,0.5500,0.0073
164.608,0.5500,0.5436,0.5500,0.0072
164.640,0.5500,0.5437,0.5500,0.0071
164.672,0.5500,0.5437,0.5500,0.0070
164.704,0.5500,0.5437,0.5500,0.0069
164.736,0.5500,0.5438,0.5500,0.0068
164.768,0.5500,0.5438,0.5500,0.0067
164.800,0.5500,0.5439,0.5500,0.0066
164.832,0.5500,0.5439,0.5500,0.0065
164.864,0.5500,0.5440,0.5500,0.0064
164.896,0.5500,0.5440,0.5500,0.0063
164.928,0.5500,0.5441,0.5500,0.0062
164.960,0.5500,0.5441,0.5500,0.0061
164.992,0.5500,0.5442,0.5500,0.0060
165.024,0.5500,0.5442,0.5500,0.0059
165.056,0.5500,0.5443,0.5500,0.0058
165.088,0.5500,0.5444,0.5500,0.0057
165.120,0.5500,0.5444,0.5500,0.0057
165.152,0.5500,0.5445,0.5500,0.0056
165.184,0.5500,0.5445,0.5500,0.0054
165.216,0.5500,0.5446,0.5500,0.0054
165.248,0.5500,0.5446,0.5500,0.0052
165.280,0.5500,0.5447,0.5500,0.0052
165.312,0.5500,0.5447,0.5500,0.0050
165.344,0.5500,0.5448,0.5500,0.0049
165.376,0.5500,0.5448,0.5500,0.0048
165.408,0.5500,0.5449,0.5500,0.0047
165.440,0.5500,0.5450,0.5500,0.0046
165.472,0.5500,0.5450,0.5500,0.0045
165.504,0.5500,0.5451,0.5500,0.0044
165.536,0.5500,0.5451,0.5500,0.0043
165.568,0.5500,0.5452,0.5500,0.0042
165.600,0.5500,0.5452,0.5500,0.0041
165.632,0.5500,0.5453,0.5500,0.0040
165.664,0.5500,0.5454,0.5500,0.0039
165.696,0.5500,0.5454,0.5500,0.0038
165.728,0.5500,0.5455,0.5500,0.0037
165.760,0.5500,0.5455,0.5500,0.0036
165.792,0.5500,0.5456,0.5500,0.0035
165.824,0.5500,0.5457,0.5500,0.0034
165.856,0.5500,0.5457,0.5500,0.0033
165.888,0.5500,0.5458,0.5500,0.0032
165.920,0.5500,0.5458,0.5500,0.0031
165.952,0.5500,0.5459,0.5500,0.0030
165.984,0.5500,0.5460,0.5500,0.0029
166.016,0.5500,0.5460,0.5500,0.0028
166.048,0.5500,0.5461,0.5500,0.0027
166.080,0.5500,0.5461,0.5500,0.0026
166.112,0.5500,0.5462,0.5500,0.0025
166.144,0.5500,0.5463,0.5500,0.0024
166.176,0.5500,0.5463,0.5500,0.0023
166.208,0.5500,0.5464,0.5500,0.0022
166.240,0.5500,0.5465,0.5500,0.0021
166.272,0.5500,0.5465,0.5500,0.0019
166.304,0.5500,0.5466,0.5500,0.0018
166.336,0.5500,0.5467,0.5500,0.0017
166.368,0.5500,0.5467,0.5500,0.0016
166.400,0.5500,0.5468,0.5500,0.0015
166.432,0.5500,0.5468,0.5500,0.0014
166.464,0.5500,0.5469,0.5500,0.0013
166.496,0.5500,0.5470,0.5500,0.0012
166.528,0.5500,0.5470,0.5500,0.0011
166.560,0.5500,0.5471,0.5500,0.0010
166.592,0.5500,0.5472,0.5500,0.0009
166.624,0.5500,0.5472,0.5500,0.0008
166.656,0.5500,0.5473,0.5500,0.0007
166.688,0.5500,0.5474,0.5500,0.0006
166.720,0.5500,0.5474,0.5500,0.0005
166.752,0.5500,0.5475,0.5500,0.0004
166.784,0.5500,0.5476,0.5500,0.0003
166.816,0.5500,0.5476,0.5500,0.0002
166.848,0.5500,0.5477,0.5500,0.0001
166.880,0.5500,0.5477,0.5500,0.0000
166.912,0.5500,0.5478,0.5500,-0.0001
166.944,0.5500,0.5479,0.5500,-0.0002
166.976,0.5500,0.5479,0.5500,-0.0003
167.008,0.5500,0.5480,0.5500,-0.0004
167.040,0.5500,0.5481,0.5500,-0.0005
167.072,0.5500,0.5481,0.5500,-0.0006
167.104,0.5500,0.5482,0.5500,-0.0007
167.136,0.5500,0.5483,0.5500,-0.0008
167.168,0.5500,0.5483,0.5500,-0.0009
167.200,0.5500,0.5484,0.5500,-0.0010
167.232,0.5500,0.5485,0.5500,-0.0011
167.264,0.5500,0.5485,0.5500,-0.0012
167.296,0.5500,0.5486,0.5500,-0.0013
167.328,0.5500,0.5487,0.5500,-0.0014
167.360,0.5500,0.5487,0.5500,-0.0015
167.392,0.5500,0.5488,0.5500,-0.0015
167.424,0.5500,0.5489,0.5500,-0.0016
167.456,0.5500,0.5489,0.5500,-0.0017
167.488,0.5500,0.5490,0.5500,-0.0018
167.520,0.5500,0.5491,0.5500,-0.0019
167.552,0.5500,0.5491,0.5500,-0.0020
167.584,0.5500,0.5492,0.5500,-0.0021
167.616,0.5500,0.5492,0.5500,-0.0022
167.648,0.5500,0.5493,0.5500,-0.0023
167.680,0.5500,0.5494,0.5500,-0.0024
167.712,0.5500,0.5494,0.5500,-0.0025
167.744,0.5500,0.5495,0.5500,-0.0026
167.776,0.5500,0.5496,0.5500,-0.0027
167.808,0.5500,0.5496,0.5500,-0.0027
167.840,0.5500,0.5497,0.5500,-0.0028
167.872,0.5500,0.5498,0.5500,-0.0029
167.904,0.5500,0.5498,0.5500,-0.0030
167.936,0.5500,0.5499,0.5500,-0.0031
167.968,0.5500,0.5499,0.5500,-0.0032
168.000,0.5500,0.5500,0.5500,-0.0033
168.032,0.5500,0.5501,0.5500,-0.0034
168.064,0.5500,0.5501,0.5500,-0.0034
168.096,0.5500,0.5502,0.5500,-0.0035
168.128,0.5500,0.5503,0.5500,-0.0036
168.160,0.5500,0.5503,0.5500,-0.0037
168.192,0.5500,0.5504,0.5500,-0.0038
168.224,0.5500,0.5504,0.5500,-0.0039
168.256,0.5500,0.5505,0.5500,-0.0039
168.288,0.5500,0.5506,0.5500,-0.0040
168.320,0.5500,0.5506,0.5500,-0.0041
168.352,0.5500,0.5507,0.5500,-0.0042
168.384,0.5500,0.5508,0.5500,-0.0043
168.416,0.5500,0.5508,0.5500,-0.0043
168.448,0.5500,0.5509,0.5500,-0.0044
168.480,0.5500,0.5509,0.5500,-0.0045
168.512,0.5500,0.5510,0.5500,-0.0046
168.544,0.5500,0.5511,0.5500,-0.0046
168.576,0.5500,0.5511,0.5500,-0.0047
168.608,0.5500,0.5512,0.5500,-0.0048
168.640,0.5500,0.5512,0.5500,-0.0049
168.672,0.5500,0.5513,0.5500,-0.0049
168.704,0.5500,0.5513,0.5500,-0.0050
168.736,0.5500,0.5514,0.5500,-0.0051
168.768,0.5500,0.5515,0.5500,-0.0052
168.800,0.5500,0.5515,0.5500,-0.0052
168.832,0.5500,0.5516,0.5500,-0.0053
168.864,0.5500,0.5516,0.5500,-0.0054
168.896,0.5500,0.5517,0.5500,-0.0054
168.928,0.5500,0.5517,0.5500,-0.0055
168.960,0.5500,0.5518,0.5500,-0.0056
168.992,0.5500,0.5519,0.5500,-0.0057
169.024,0.5500,0.5519,0.5500,-0.0057
169.056,0.5500,0.5520,0.5500,-0.0058
169.088,0.5500,0.5520,0.5500,-0.0058
169.120,0.5500,0.5521,0.5500,-0.0059
169.152,0.5500,0.5521,0.5500,-0.0060
169.184,0.5500,0.5522,0.5500,-0.0060
169.216,0.5500,0.5522,0.5500,-0.0061
169.248,0.5500,0.5523,0.5500,-0.0062
169.280,0.5500,0.5523,0.5500,-0.0062
169.312,0.5500,0.5524,0.5500,-0.0063
169.344,0.5500,0.5524,0.5500,-0.0063
169.376,0.5500,0.5525,0.5500,-0.0064
169.408,0.5500,0.5525,0.5500,-0.0065
169.440,0.5500,0.5526,0.5500,-0.0065
169.472,0.5500,0.5526,0.5500,-0.0066
169.504,0.5500,0.5527,0.5500,-0.0066
169.536,0.5500,0.5527,0.5500,-0.0067
169.568,0.5500,0.5528,0.5500,-0.0067
169.600,0.5500,0.5528,0.5500,-0.0068
169.632,0.5500,0.5529,0.5500,-0.0068
169.664,0.5500,0.5529,0.5500,-0.0069
169.696,0.5500,0.5530,0.5500,-0.0069
169.728,0.5500,0.5530,0.5500,-0.0070
169.760,0.5500,0.5531,0.5500,-0.0070
169.792,0.5500,0.5531,0.5500,-0.0071
169.824,0.5500,0.5532,0.5500,-0.0071
169.856,0.5500,0.5532,0.5500,-0.0072
169.888,0.5500,0.5533,0.5500,-0.0072
169.920,0.5500,0.5533,0.5500,-0.0073
169.952,0.5500,0.5534,0.5500,-0.0073
169.984,0.5500,0.5534,0.5500,-0.0074
170.016,0.5500,0.5534,0.5500,-0.0074
170.048,0.5500,0.5535,0.5500,-0.0075
170.080,0.5500,0.5535,0.5500,-0.0075
170.112,0.5500,0.5536,0.5500,-0.0075
170.144,0.5500,0.5536,0.5500,-0.0076
170.176,0.5500,0.5537,0.5500,-0.0076
170.208,0.5500,0.5537,0.5500,-0.0077
170.240,0.5500,0.5537,0.5500,-0.0077
170.272,0.5500,0.5538,0.5500,-0.0077
170.304,0.5500,0.5538,0.5500,-0.0078
170.336,0.5500,0.5539,0.5500,-0.0078
170.368,0.5500,0.5539,0.5500,-0.0078
170.400,0.5500,0.5539,0.5500,-0.0079
170.432,0.5500,0.5540,0.5500,-0.0079
170.464,0.5500,0.5540,0.5500,-0.0079
170.496,0.5500,0.5540,0.5500,-0.0080
170.528,0.5500,0.5541,0.5500,-0.0080
170.560,0.5500,0.5541,0.5500,-0.0080
170.592,0.5500,0.5541,0.5500,-0.0081
170.624,0.5500,0.5542,0.5500,-0.0081
170.656,0.5500,0.5542,0.5500,-0.0081
170.688,0.5500,0.5543,0.5500,-0.0081
170.720,0.5500,0.5543,0.5500,-0.0082
170.752,0.5500,0.5543,0.5500,-0.0082
170.784,0.5500,0.5544,0.5500,-0.0082
170.816,0.5500,0.5544,0.5500,-0.0082
170.848,0.5500,0.5544,0.5500,-0.0083
170.880,0.5500,0.5544,0.5500,-0.0083
170.912,0.5500,0.5545,0.5500,-0.0083
170.944,0.5500,0.5545,0.5500,-0.0083
170.976,0.5500,0.5545,0.5500,-0.0083
171.008,0.5500,0.5546,0.5500,-0.0084
171.040,0.5500,0.5546,0.5500,-0.0084
171.072,0.5500,0.5546,0.5500,-0.0084
171.104,0.5500,0.5547,0.5500,-0.0084
171.136,0.5500,0.5547,0.5500,-0.0084
171.168,0.5500,0.5547,0.5500,-0.0084
171.200,0.5500,0.5547,0.5500,-0.0084
171.232,0.5500,0.5548,0.5500,-0.0085
171.264,0.5500,0.5548,0.5500,-0.0085
171.296,0.5500,0.5548,0.5500,-0.0085
171.328,0.5500,0.5548,0.5500,-0.0085
171.360,0.5500,0.5549,0.5500,-0.0085
171.392,0.5500,0.5549,0.5500,-0.0085
171.424,0.5500,0.5549,0.5500,-0.0085
171.456,0.5500,0.5549,0.5500,-0.0085
171.488,0.5500,0.5549,0.5500,-0.0085
171.520,0.5500,0.5550,0.5500,-0.0085
171.552,0.5500,0.5550,0.5500,-0.0085
171.584,0.5500,0.5550,0.5500,-0.0085
171.616,0.5500,0.5550,0.5500,-0.0086
171.648,0.5500,0.5550,0.5500,-0.0085
171.680,0.5500,0.5551,0.5500,-0.0086
171.712,0.5500,0.5551,0.5500,-0.0086
171.744,0.5500,0.5551,0.5500,-0.0086
171.776,0.5500,0.5551,0.5500,-0.0086
171.808,0.5500,0.5551,0.5500,-0.0085
171.840,0.5500,0.5551,0.5500,-0.0085
171.872,0.5500,0.5552,0.5500,-0.0085
171.904,0.5500,0.5552,0.5500,-0.0085
171.936,0.5500,0.5552,0.5500,-0.0085
171.968,0.5500,0.5552,0.5500,-0.0085
172.000,0.5500,0.5552,0.5500,-0.0085
172.032,0.5500,0.5552,0.5500,-0.0085
172.064,0.5500,0.5552,0.5500,-0.0085
172.096,0.5500,0.5553,0.5500,-0.0085
172.128,0.5500,0.5553,0.5500,-0.0085
172.160,0.5500,0.5553,0.5500,-0.0085
172.192,0.5500,0.5553,0.5500,-0.0085
172.224,0.5500,0.5553,0.5500,-0.0085
172.256,0.5500,0.5553,0.5500,-0.0084
172.288,0.5500,0.5553,0.5500,-0.0084
172.320,0.5500,0.5553,0.5500,-0.0084
172.352,0.5500,0.5553,0.5500,-0.0084
172.384,0.5500,0.5553,0.5500,-0.0084
172.416,0.5500,0.5553,0.5500,-0.0084
172.448,0.5500,0.5554,0.5500,-0.0084
172.480,0.5500,0.5554,0.5500,-0.0083
172.512,0.5500,0.5554,0.5500,-0.0083
172.544,0.5500,0.5554,0.5500,-0.0083
172.576,0.5500,0.5554,0.5500,-0.0083
172.608,0.5500,0.5554,0.5500,-0.0083
172.640,0.5500,0.5554,0.5500,-0.0082
172.672,0.5500,0.5554,0.5500,-0.0082
172.704,0.5500,0.5554,0.5500,-0.0082
172.736,0.5500,0.5554,0.5500,-0.0082
172.768,0.5500,0.5554,0.5500,-0.0082
172.800,0.5500,0.5554,0.5500,-0.0081
172.832,0.5500,0.5554,0.5500,-0.0081
172.864,0.5500,0.5554,0.5500,-0.0081
172.896,0.5500,0.5554,0.5500,-0.0081
172.928,0.5500,0.5554,0.5500,-0.0080
172.960,0.5500,0.5554,0.5500,-0.0080
172.992,0.5500,0.5554,0.5500,-0.0080
173.024,0.5500,0.5554,0.5500,-0.0080
173.056,0.5500,0.5554,0.5500,-0.0079
173.088,0.5500,0.5554,0.5500,-0.0079
173.120,0.5500,0.5554,0.5500,-0.0079
173.152,0.5500,0.5554,0.5500,-0.0078
173.184,0.5500,0.5554,0.5500,-0.0078
173.216,0.5500,0.5554,0.5500,-0.0078
173.248,0.5500,0.5554,0.5500,-0.0077
173.280,0.5500,0.5553,0.5500,-0.0077
173.312,0.5500,0.5553,0.5500,-0.0077
173.344,0.5500,0.5553,0.5500,-0.0076
173.376,0.5500,0.5553,0.5500,-0.0076
173.408,0.5500,0.5553,0.5500,-0.0076
173.440,0.5500,0.5553,0.5500,-0.0075
173.472,0.5500,0.5553,0.5500,-0.0075
173.504,0.5500,0.5553,0.5500,-0.0075
173.536,0.5500,0.5553,0.5500,-0.0074
173.568,0.5500,0.5553,0.5500,-0.0074
173.600,0.5500,0.5553,0.5500,-0.0073
173.632,0.5500,0.5552,0.5500,-0.0073
173.664,0.5500,0.5552,0.5500,-0.0073
173.696,0.5500,0.5552,0.5500,-0.0072
173.728,0.5500,0.5552,0.5500,-0.0072
173.760,0.5500,0.5552,0.5500,-0.0071
173.792,0.5500,0.5552,0.5500,-0.0071
173.824,0.5500,0.5552,0.5500,-0.0070
173.856,0.5500,0.5552,0.5500,-0.0070
173.888,0.5500,0.5551,0.5500,-0.0069
173.920,0.5500,0.5551,0.5500,-0.0069
173.952,0.5500,0.5551,0.5500,-0.0069
173.984,0.5500,0.5551,0.5500,-0.0068
174.016,0.5500,0.5551,0.5500,-0.0068
174.048,0.5500,0.5551,0.5500,-0.0067
174.080,0.5500,0.5550,0.5500,-0.0067
174.112,0.5500,0.5550,0.5500,-0.0066
174.144,0.5500,0.5550,0.5500,-0.0066
174.176,0.5500,0.5550,0.5500,-0.0065
174.208,0.5500,0.5550,0.5500,-0.0065
174.240,0.5500,0.5549,0.5500,-0.0064
174.272,0.5500,0.5549,0.5500,-0.0064
174.304,0.5500,0.5549,0.5500,-0.0063
174.336,0.5500,0.5549,0.5500,-0.0063
174.368,0.5500,0.5549,0.5500,-0.0062
174.400,0.5500,0.5548,0.5500,-0.0061
174.432,0.5500,0.5548,0.5500,-0.0061
174.464,0.5500,0.5548,0.5500,-0.0060
174.496,0.5500,0.5548,0.5500,-0.0060
174.528,0.5500,0.5548,0.5500,-0.0059
174.560,0.5500,0.5547,0.5500,-0.0059
174.592,0.5500,0.5547,0.5500,-0.0058
174.624,0.5500,0.5547,0.5500,-0.0058
174.656,0.5500,0.5547,0.5500,-0.0057
174.688,0.5500,0.5546,0.5500,-0.0056
174.720,0.5500,0.5546,0.5500,-0.0056
174.752,0.5500,0.5546,0.5500,-0.0055
174.784,0.5500,0.5546,0.5500,-0.0055
174.816,0.5500,0.5545,0.5500,-0.0054
174.848,0.5500,0.5545,0.5500,-0.0054
174.880,0.5500,0.5545,0.5500,-0.0053
174.912,0.5500,0.5544,0.5500,-0.0052
174.944,0.5500,0.5544,0.5500,-0.0052
174.976,0.5500,0.5544,0.5500,-0.0051
175.008,0.5500,0.5544,0.5500,-0.0051
175.040,0.5500,0.5543,0.5500,-0.0050
175.072,0.5500,0.5543,0.5500,-0.0049
175.104,0.5500,0.5543,0.5500,-0.0049
175.136,0.5500,0.5542,0.5500,-0.0048
175.168,0.5500,0.5542,0.5500,-0.0048
175.200,0.5500,0.5542,0.5500,-0.0047
175.232,0.5500,0.5541,0.5500,-0.0046
175.264,0.5500,0.5541,0.5500,-0.0046
175.296,0.5500,0.5541,0.5500,-0.0045
175.328,0.5500,0.5541,0.5500,-0.0044
175.360,0.5500,0.5540,0.5500,-0.0044
175.392,0.5500,0.5540,0.5500,-0.0043
175.424,0.5500,0.5540,0.5500,-0.0042
175.456,0.5500,0.5539,0.5500,-0.0042
175.488,0.5500,0.5539,0.5500,-0.0041
175.520,0.5500,0.5539,0.5500,-0.0040
175.552,0.5500,0.5538,0.5500,-0.0040
175.584,0.5500,0.5538,0.5500,-0.0039
175.616,0.5500,0.5538,0.5500,-0.0039
175.648,0.5500,0.5537,0.5500,-0.0038
175.680,0.5500,0.5537,0.5500,-0.0037
175.712,0.5500,0.5536,0.5500,-0.0037
175.744,0.5500,0.5536,0.5500,-0.0036
175.776,0.5500,0.5536,0.5500,-0.0035
175.808,0.5500,0.5535,0.5500,-0.0035
175.840,0.5500,0.5535,0.5500,-0.0034
175.872,0.5500,0.5535,0.5500,-0.0033
175.904,0.5500,0.5534,0.5500,-0.0033
175.936,0.5500,0.5534,0.5500,-0.0032
175.968,0.5500,0.5534,0.5500,-0.0031
176.000,0.5500,0.5533,0.5500,-0.0031
176.032,0.5500,0.5533,0.5500,-0.0030
176.064,0.5500,0.5532,0.5500,-0.0029
176.096,0.5500,0.5532,0.5500,-0.0029
176.128,0.5500,0.5532,0.5500,-0.0028
176.160,0.5500,0.5531,0.5500,-0.0027
176.192,0.5500,0.5531,0.5500,-0.0027
176.224,0.5500,0.5531,0.5500,-0.0026
176.256,0.5500,0.5530,0.5500,-0.0025
176.288,0.5500,0.5530,0.5500,-0.0024
176.320,0.5500,0.5529,0.5500,-0.0024
176.352,0.5500,0.5529,0.5500,-0.0023
176.384,0.5500,0.5529,0.5500,-0.0022
176.416,0.5500,0.5528,0.5500,-0.0022
176.448,0.5500,0.5528,0.5500,-0.0021
176.480,0.5500,0.5527,0.5500,-0.0020
176.512,0.5500,0.5527,0.5500,-0.0020
176.544,0.5500,0.5527,0.5500,-0.0019
176.576,0.5500,0.5526,0.5500,-0.0018
176.608,0.5500,0.5526,0.5500,-0.0018
176.640,0.5500,0.5525,0.5500,-0.0017
176.672,0.5500,0.5525,0.5500,-0.0016
176.704,0.5500,0.5524,0.5500,-0.0016
176.736,0.5500,0.5524,0.5500,-0.0015
176.768,0.5500,0.5524,0.5500,-0.0014
176.800,0.5500,0.5523,0.5500,-0.0014
176.832,0.5500,0.5523,0.5500,-0.0013
176.864,0.5500,0.5522,0.5500,-0.0012
176.896,0.5500,0.5522,0.5500,-0.0012
176.928,0.5500,0.5522,0.5500,-0.0011
176.960,0.5500,0.5521,0.5500,-0.0010
176.992,0.5500,0.5521,0.5500,-0.0010
177.024,0.5500,0.5520,0.5500,-0.0009
177.056,0.5500,0.5520,0.5500,-0.0008
177.088,0.5500,0.5519,0.5500,-0.0007
177.120,0.5500,0.5519,0.5500,-0.0007
177.152,0.5500,0.5519,0.5500,-0.0006
177.184,0.5500,0.5518,0.5500,-0.0005
177.216,0.5500,0.5518,0.5500,-0.0005
177.248,0.5500,0.5517,0.5500,-0.0004
177.280,0.5500,0.5517,0.5500,-0.0003
177.312,0.5500,0.5517,0.5500,-0.0003
177.344,0.5500,0.5516,0.5500,-0.0002
177.376,0.5500,0.5516,0.5500,-0.0001
177.408,0.5500,0.5515,0.5500,-0.0001
177.440,0.5500,0.5515,0.5500,-0.0000
177.472,0.5500,0.5514,0.5500,0.0001
177.504,0.5500,0.5514,0.5500,0.0001
177.536,0.5500,0.5514,0.5500,0.0002
177.568,0.5500,0.5513,0.5500,0.0002
177.600,0.5500,0.5513,0.5500,0.0003
177.632,0.5500,0.5512,0.5500,0.0004
177.664,0.5500,0.5512,0.5500,0.0004
177.696,0.5500,0.5511,0.5500,0.0005
177.728,0.5500,0.5511,0.5500,0.0006
177.760,0.5500,0.5510,0.5500,0.0006
177.792,0.5500,0.5510,0.5500,0.0007
177.824,0.5500,0.5510,0.5500,0.0008
177.856,0.5500,0.5509,0.5500,0.0008
177.888,0.5500,0.5509,0.5500,0.0009
177.920,0.5500,0.5508,0.5500,0.0010
177.952,0.5500,0.5508,0.5500,0.0010
177.984,0.5500,0.5507,0.5500,0.0011
178.016,0.5500,0.5507,0.5500,0.0011
178.048,0.5500,0.5507,0.5500,0.0012
178.080,0.5500,0.5506,0.5500,0.0013
178.112,0.5500,0.5506,0.5500,0.0013
178.144,0.5500,0.5505,0.5500,0.0014
178.176,0.5500,0.5505,0.5500,0.0014
178.208,0.5500,0.5505,0.5500,0.0015
178.240,0.5500,0.5504,0.5500,0.0016
178.272,0.5500,0.5504,0.5500,0.0016
178.304,0.5500,0.5503,0.5500,0.0017
178.336,0.5500,0.5503,0.5500,0.0017
178.368,0.5500,0.5502,0.5500,0.0018
178.400,0.5500,0.5502,0.5500,0.0019
178.432,0.5500,0.5502,0.5500,0.0019
178.464,0.5500,0.5501,0.5500,0.0020
178.496,0.5500,0.5501,0.5500,0.0020
178.528,0.5500,0.5500,0.5500,0.0021
178.560,0.5500,0.5500,0.5500,0.0022
178.592,0.5500,0.5499,0.5500,0.0022
178.624,0.5500,0.5499,0.5500,0.0023
178.656,0.5500,0.5499,0.5500,0.0023
178.688,0.5500,0.5498,0.5500,0.0024
178.720,0.5500,0.5498,0.5500,0.0024
178.752,0.5500,0.5497,0.5500,0.0025
178.784,0.5500,0.5497,0.5500,0.0025
178.816,0.5500,0.5497,0.5500,0.0026
178.848,0.5500,0.5496,0.5500,0.0027
178.880,0.5500,0.5496,0.5500,0.0027
178.912,0.5500,0.5495,0.5500,0.0028
178.944,0.5500,0.5495,0.5500,0.0028
178.976,0.5500,0.5495,0.5500,0.0029
179.008,0.5500,0.5494,0.5500,0.0029
179.040,0.5500,0.5494,0.5500,0.0030
179.072,0.5500,0.5493,0.5500,0.0030
179.104,0.5500,0.5493,0.5500,0.0031
179.136,0.5500,0.5493,0.5500,0.0031
179.168,0.5500,0.5492,0.5500,0.0032
179.200,0.5500,0.5492,0.5500,0.0032
179.232,0.5500,0.5491,0.5500,0.0033
179.264,0.5500,0.5491,0.5500,0.0033
179.296,0.5500,0.5491,0.5500,0.0034
179.328,0.5500,0.5490,0.5500,0.0034
179.360,0.5500,0.5490,0.5500,0.0035
179.392,0.5500,0.5490,0.5500,0.0035
179.424,0.5500,0.5489,0.5500,0.0035
179.456,0.5500,0.5489,0.5500,0.0036
179.488,0.5500,0.5488,0.5500,0.0036
179.520,0.5500,0.5488,0.5500,0.0037
179.552,0.5500,0.5488,0.5500,0.0037
179.584,0.5500,0.5487,0.5500,0.0038
179.616,0.5500,0.5487,0.5500,0.0038
179.648,0.5500,0.5487,0.5500,0.0039
179.680,0.5500,0.5486,0.5500,0.0039
179.712,0.5500,0.5486,0.5500,0.0039
179.744,0.5500,0.5486,0.5500,0.0040
179.776,0.5500,0.5485,0.5500,0.0040
179.808,0.5500,0.5485,0.5500,0.0041
179.840,0.5500,0.5485,0.5500,0.0041
179.872,0.5500,0.5484,0.5500,0.0041
179.904,0.5500,0.5484,0.5500,0.0042
179.936,0.5500,0.5483,0.5500,0.0042
179.968,0.5500,0.5483,0.5500,0.0043
180.000,0.5500,0.5483,0.5500,0.0043
180.032,0.5500,0.5482,0.5500,0.0043
180.064,0.5500,0.5482,0.5500,0.0044
180.096,0.5500,0.5482,0.5500,0.0044
180.128,0.5500,0.5481,0.5500,0.0044
180.160,0.5500,0.5481,0.5500,0.0045
180.192,0.5500,0.5481,0.5500,0.0045
180.224,0.5500,0.5481,0.5500,0.0046
180.256,0.5500,0.5480,0.5500,0.0046
180.288,0.5500,0.5480,0.5500,0.0046
180.320,0.5500,0.5480,0.5500,0.0047
180.352,0.5500,0.5479,0.5500,0.0047
180.384,0.5500,0.5479,0.5500,0.0047
180.416,0.5500,0.5479,0.5500,0.0048
180.448,0.5500,0.5478,0.5500,0.0048
180.480,0.5500,0.5478,0.5500,0.0048
180.512,0.5500,0.5478,0.5500,0.0048
180.544,0.5500,0.5477,0.5500,0.0049
180.576,0.5500,0.5477,0.5500,0.0049
180.608,0.5500,0.5477,0.5500,0.0049
180.640,0.5500,0.5477,0.5500,0.0050
180.672,0.5500,0.5476,0.5500,0.0050
180.704,0.5500,0.5476,0.5500,0.0050
180.736,0.5500,0.5476,0.5500,0.0050
180.768,0.5500,0.5476,0.5500,0.0051
180.800,0.5500,0.5475,0.5500,0.0051
180.832,0.5500,0.5475,0.5500,0.0051
180.864,0.5500,0.5475,0.5500,0.0051
180.896,0.5500,0.5474,0.5500,0.0052
180.928,0.5500,0.5474,0.5500,0.0052
180.960,0.5500,0.5474,0.5500,0.0052
180.992,0.5500,0.5474,0.5500,0.0052
181.024,0.5500,0.5473,0.5500,0.0053
181.056,0.5500,0.5473,0.5500,0.0053
181.088,0.5500,0.5473,0.5500,0.0053
181.120,0.5500,0.5473,0.5500,0.0053
181.152,0.5500,0.5472,0.5500,0.0053
181.184,0.5500,0.5472,0.5500,0.0054
181.216,0.5500,0.5472,0.5500,0.0054
181.248,0.5500,0.5472,0.5500,0.0054
181.280,0.5500,0.5472,0.5500,0.0054
181.312,0.5500,0.5471,0.5500,0.0054
181.344,0.5500,0.5471,0.5500,0.0054
181.376,0.5500,0.5471,0.5500,0.0054
181.408,0.5500,0.5471,0.5500,0.0055
181.440,0.5500,0.5471,0.5500,0.0055
181.472,0.5500,0.5470,0.5500,0.0055
181.504,0.5500,0.5470,0.5500,0.0055
181.536,0.5500,0.5470,0.5500,0.0055
181.568,0.5500,0.5470,0.5500,0.0055
181.600,0.5500,0.5470,0.5500,0.0055
181.632,0.5500,0.5469,0.5500,0.0056
181.664,0.5500,0.5469,0.5500,0.0056
181.696,0.5500,0.5469,0.5500,0.0056
181.728,0.5500,0.5469,0.5500,0.0056
181.760,0.5500,0.5469,0.5500,0.0056
181.792,0.5500,0.5468,0.5500,0.0056
181.824,0.5500,0.5468,0.5500,0.0056
181.856,0.5500,0.5468,0.5500,0.0056
181.888,0.5500,0.5468,0.5500,0.0056
181.920,0.5500,0.5468,0.5500,0.0056
181.952,0.5500,0.5468,0.5500,0.0056
181.984,0.5500,0.5468,0.5500,0.0056
182.016,0.5500,0.5467,0.5500,0.0056
182.048,0.5500,0.5467,0.5500,0.0057
182.080,0.5500,0.5467,0.5500,0.0057
182.112,0.5500,0.5467,0.5500,0.0057
182.144,0.5500,0.5467,0.5500,0.0057
182.176,0.5500,0.5467,0.5500,0.0057
182.208,0.5500,0.5467,0.5500,0.0057
182.240,0.5500,0.5466,0.5500,0.0057
182.272,0.5500,0.5466,0.5500,0.0057
182.304,0.5500,0.5466,0.5500,0.0057
182.336,0.5500,0.5466,0.5500,0.0057
182.368,0.5500,0.5466,0.5500,0.0057
182.400,0.5500,0.5466,0.5500,0.0057
182.432,0.5500,0.5466,0.5500,0.0057
182.464,0.5500,0.5466,0.5500,0.0057
182.496,0.5500,0.5466,0.5500,0.0057
182.528,0.5500,0.5465,0.5500,0.0057
182.560,0.5500,0.5465,0.5500,0.0057
182.592,0.5500,0.5465,0.5500,0.0056
182.624,0.5500,0.5465,0.5500,0.0056
182.656,0.5500,0.5465,0.5500,0.0056
182.688,0.5500,0.5465,0.5500,0.0056
182.720,0.5500,0.5465,0.5500,0.0056
182.752,0.5500,0.5465,0.5500,0.0056
182.784,0.5500,0.5465,0.5500,0.0056
182.816,0.5500,0.5465,0.5500,0.0056
182.848,0.5500,0.5465,0.5500,0.0056
182.880,0.5500,0.5465,0.5500,0.0056
182.912,0.5500,0.5465,0.5500,0.0056
182.944,0.5500,0.5465,0.5500,0.0056
182.976,0.5500,0.5464,0.5500,0.0056
183.008,0.5500,0.5464,0.5500,0.0056
183.040,0.5500,0.5464,0.5500,0.0055
183.072,0.5500,0.5464,0.5500,0.0055
183.104,0.5500,0.5464,0.5500,0.0055
183.136,0.5500,0.5464,0.5500,0.0055
183.168,0.5500,0.5464,0.5500,0.0055
183.200,0.5500,0.5464,0.5500,0.0055
183.232,0.5500,0.5464,0.5500,0.0055
183.264,0.5500,0.5464,0.5500,0.0055
183.296,0.5500,0.5464,0.5500,0.0054
183.328,0.5500,0.5464,0.5500,0.0054
183.360,0.5500,0.5464,0.5500,0.0054
183.392,0.5500,0.5464,0.5500,0.0054
183.424,0.5500,0.5464,0.5500,0.0054
183.456,0.5500,0.5464,0.5500,0.0054
183.488,0.5500,0.5464,0.5500,0.0053
183.520,0.5500,0.5464,0.5500,0.0053
183.552,0.5500,0.5464,0.5500,0.0053
183.584,0.5500,0.5464,0.5500,0.0053
183.616,0.5500,0.5464,0.5500,0.0053
183.648,0.5500,0.5464,0.5500,0.0053
183.680,0.5500,0.5464,0.5500,0.0052
183.712,0.5500,0.5464,0.5500,0.0052
183.744,0.5500,0.5464,0.5500,0.0052
183.776,0.5500,0.5464,0.5500,0.0052
183.808,0.5500,0.5464,0.5500,0.0051
183.840,0.5500,0.5464,0.5500,0.0051
183.872,0.5500,0.5464,0.5500,0.0051
183.904,0.5500,0.5465,0.5500,0.0051
183.936,0.5500,0.5465,0.5500,0.0051
183.968,0.5500,0.5465,0.5500,0.0050
184.000,0.5500,0.5465,0.5500,0.0050
184.032,0.5500,0.5465,0.5500,0.0050
184.064,0.5500,0.5465,0.5500,0.0050
184.096,0.5500,0.5465,0.5500,0.0049
184.128,0.5500,0.5465,0.5500,0.0049
184.160,0.5500,0.5465,0.5500,0.0049
184.192,0.5500,0.5465,0.5500,0.0049
184.224,0.5500,0.5465,0.5500,0.0048
184.256,0.5500,0.5465,0.5500,0.0048
184.288,0.5500,0.5465,0.5500,0.0048
184.320,0.5500,0.5465,0.5500,0.0048
184.352,0.5500,0.5465,0.5500,0.0047
184.384,0.5500,0.5466,0.5500,0.0047
184.416,0.5500,0.5466,0.5500,0.0047
184.448,0.5500,0.5466,0.5500,0.0046
184.480,0.5500,0.5466,0.5500,0.0046
184.512,0.5500,0.5466,0.5500,0.0046
184.544,0.5500,0.5466,0.5500,0.0046
184.576,0.5500,0.5466,0.5500,0.0045
184.608,0.5500,0.5466,0.5500,0.0045
184.640,0.5500,0.5466,0.5500,0.0045
184.672,0.5500,0.5466,0.5500,0.0044
184.704,0.5500,0.5467,0.5500,0.0044
184.736,0.5500,0.5467,0.5500,0.0044
184.768,0.5500,0.5467,0.5500,0.0043
184.800,0.5500,0.5467,0.5500,0.0043
184.832,0.5500,0.5467,0.5500,0.0043
184.864,0.5500,0.5467,0.5500,0.0042
184.896,0.5500,0.5467,0.5500,0.0042
184.928,0.5500,0.5468,0.5500,0.0042
184.960,0.5500,0.5468,0.5500,0.0041
184.992,0.5500,0.5468,0.5500,0.0041
185.024,0.5500,0.5468,0.5500,0.0041
185.056,0.5500,0.5468,0.5500,0.0040
185.088,0.5500,0.5468,0.5500,0.0040
185.120,0.5500,0.5468,0.5500,0.0039
185.152,0.5500,0.5469,0.5500,0.0039
185.184,0.5500,0.5469,0.5500,0.0039
185.216,0.5500,0.5469,0.5500,0.0038
185.248,0.5500,0.5469,0.5500,0.0038
185.280,0.5500,0.5469,0.5500,0.0038
185.312,0.5500,0.5469,0.5500,0.0037
185.344,0.5500,0.5470,0.5500,0.0037
185.376,0.5500,0.5470,0.5500,0.0036
185.408,0.5500,0.5470,0.5500,0.0036
185.440,0.5500,0.5470,0.5500,0.0036
185.472,0.5500,0.5470,0.5500,0.0035
185.504,0.5500,0.5470,0.5500,0.0035
185.536,0.5500,0.5471,0.5500,0.0034
185.568,0.5500,0.5471,0.5500,0.0034
185.600,0.5500,0.5471,0.5500,0.0034
185.632,0.5500,0.5471,0.5500,0.0033
185.664,0.5500,0.5471,0.5500,0.0033
185.696,0.5500,0.5472,0.5500,0.0032
185.728,0.5500,0.5472,0.5500,0.0032
185.760,0.5500,0.5472,0.5500,0.0032
185.792,0.5500,0.5472,0.5500,0.0031
185.824,0.5500,0.5472,0.5500,0.0031
185.856,0.5500,0.5473,0.5500,0.0030
185.888,0.5500,0.5473,0.5500,0.0030
185.920,0.5500,0.5473,0.5500,0.0029
185.952,0.5500,0.5473,0.5500,0.0029
185.984,0.5500,0.5473,0.5500,0.0029
186.016,0.5500,0.5474,0.5500,0.0028
186.048,0.5500,0.5474,0.5500,0.0028
186.080,0.5500,0.5474,0.5500,0.0027
186.112,0.5500,0.5474,0.5500,0.0027
186.144,0.5500,0.5475,0.5500,0.0026
186.176,0.5500,0.5475,0.5500,0.0026
186.208,0.5500,0.5475,0.5500,0.0026
186.240,0.5500,0.5475,0.5500,0.0025
186.272,0.5500,0.5475,0.5500,0.0025
186.304,0.5500,0.5476,0.5500,0.0024
186.336,0.5500,0.5476,0.5500,0.0024
186.368,0.5500,0.5476,0.5500,0.0023
186.400,0.5500,0.5476,0.5500,0.0023
186.432,0.5500,0.5477,0.5500,0.0023
186.464,0.5500,0.5477,0.5500,0.0022
186.496,0.5500,0.5477,0.5500,0.0022
186.528,0.5500,0.5477,0.5500,0.0021
186.560,0.5500,0.5478,0.5500,0.0021
186.592,0.5500,0.5478,0.5500,0.0020
186.624,0.5500,0.5478,0.5500,0.0020
186.656,0.5500,0.5478,0.5500,0.0019
186.688,0.5500,0.5479,0.5500,0.0019
186.720,0.5500,0.5479,0.5500,0.0018
186.752,0.5500,0.5479,0.5500,0.0018
186.784,0.5500,0.5479,0.5500,0.0018
186.816,0.5500,0.5480,0.5500,0.0017
186.848,0.5500,0.5480,0.5500,0.0017
186.880,0.5500,0.5480,0.5500,0.0016
186.912,0.5500,0.5480,0.5500,0.0016
186.944,0.5500,0.5481,0.5500,0.0015
186.976,0.5500,0.5481,0.5500,0.0015
187.008,0.5500,0.5481,0.5500,0.0014
187.040,0.5500,0.5482,0.5500,0.0014
187.072,0.5500,0.5482,0.5500,0.0014
187.104,0.5500,0.5482,0.5500,0.0013
187.136,0.5500,0.5482,0.5500,0.0013
187.168,0.5500,0.5483,0.5500,0.0012
187.200,0.5500,0.5483,0.5500,0.0012
187.232,0.5500,0.5483,0.5500,0.0011
187.264,0.5500,0.5483,0.5500,0.0011
187.296,0.5500,0.5484,0.5500,0.0010
187.328,0.5500,0.5484,0.5500,0.0010
187.360,0.5500,0.5484,0.5500,0.0009
187.392,0.5500,0.5484,0.5500,0.0009
187.424,0.5500,0.5485,0.5500,0.0008
187.456,0.5500,0.5485,0.5500,0.0008
187.488,0.5500,0.5485,0.5500,0.0008
187.520,0.5500,0.5486,0.5500,0.0007
187.552,0.5500,0.5486,0.5500,0.0007
187.584,0.5500,0.5486,0.5500,0.0006
187.616,0.5500,0.5486,0.5500,0.0006
187.648,0.5500,0.5487,0.5500,0.0005
187.680,0.5500,0.5487,0.5500,0.0005
187.712,0.5500,0.5487,0.5500,0.0004
187.744,0.5500,0.5488,0.5500,0.0004
187.776,0.5500,0.5488,0.5500,0.0004
187.808,0.5500,0.5488,0.5500,0.0003
187.840,0.5500,0.5488,0.5500,0.0003
187.872,0.5500,0.5489,0.5500,0.0002
187.904,0.5500,0.5489,0.5500,0.0002
187.936,0.5500,0.5489,0.5500,0.0001
187.968,0.5500,0.5490,0.5500,0.0001
188.000,0.5500,0.5490,0.5500,0.0000
188.032,0.5500,0.5490,0.5500,-0.0000
188.064,0.5500,0.5490,0.5500,-0.0000
188.096,0.5500,0.5491,0.5500,-0.0001
188.128,0.5500,0.5491,0.5500,-0.0001
188.160,0.5500,0.5491,0.5500,-0.0002
188.192,0.5500,0.5492,0.5500,-0.0002
188.224,0.5500,0.5492,0.5500,-0.0003
188.256,0.5500,0.5492,0.5500,-0.0003
188.288,0.5500,0.5492,0.5500,-0.0004
188.320,0.5500,0.5493,0.5500,-0.0004
188.352,0.5500,0.5493,0.5500,-0.0004
188.384,0.5500,0.5493,0.5500,-0.0005
188.416,0.5500,0.5494,0.5500,-0.0005
188.448,0.5500,0.5494,0.5500,-0.0006
188.480,0.5500,0.5494,0.5500,-0.0006
188.512,0.5500,0.5494,0.5500,-0.0007
188.544,0.5500,0.5495,0.5500,-0.0007
188.576,0.5500,0.5495,0.5500,-0.0007
188.608,0.5500,0.5495,0.5500,-0.0008
188.640,0.5500,0.5496,0.5500,-0.0008
188.672,0.5500,0.5496,0.5500,-0.0009
188.704,0.5500,0.5496,0.5500,-0.0009
188.736,0.5500,0.5496,0.5500,-0.0009
188.768,0.5500,0.5497,0.5500,-0.0010
188.800,0.5500,0.5497,0.5500,-0.0010
188.832,0.5500,0.5497,0.5500,-0.0011
188.864,0.5500,0.5498,0.5500,-0.0011
188.896,0.5500,0.5498,0.5500,-0.0011
188.928,0.5500,0.5498,0.5500,-0.0012
188.960,0.5500,0.5498,0.5500,-0.0012
188.992,0.5500,0.5499,0.5500,-0.0013
189.024,0.5500,0.5499,0.5500,-0.0013
189.056,0.5500,0.5499,0.5500,-0.0013
189.088,0.5500,0.5500,0.5500,-0.0014
189.120,0.5500,0.5500,0.5500,-0.0014
189.152,0.5500,0.5500,0.5500,-0.0014
189.184,0.5500,0.5500,0.5500,-0.0015
189.216,0.5500,0.5501,0.5500,-0.0015
189.248,0.5500,0.5501,0.5500,-0.0016
189.280,0.5500,0.5501,0.5500,-0.0016
189.312,0.5500,0.5501,0.5500,-0.0016
189.344,0.5500,0.5502,0.5500,-0.0017
189.376,0.5500,0.5502,0.5500,-0.0017
189.408,0.5500,0.5502,0.5500,-0.0018
189.440,0.5500,0.5503,0.5500,-0.0018
189.472,0.5500,0.5503,0.5500,-0.0018
189.504,0.5500,0.5503,0.5500,-0.0019
189.536,0.5500,0.5503,0.5500,-0.0019
189.568,0.5500,0.5504,0.5500,-0.0019
189.600,0.5500,0.5504,0.5500,-0.0020
189.632,0.5500,0.5504,0.5500,-0.0020
189.664,0.5500,0.5504,0.5500,-0.0020
189.696,0.5500,0.5505,0.5500,-0.0021
189.728,0.5500,0.5505,0.5500,-0.0021
189.760,0.5500,0.5505,0.5500,-0.0021
189.792,0.5500,0.5505,0.5500,-0.0022
189.824,0.5500,0.5506,0.5500,-0.0022
189.856,0.5500,0.5506,0.5500,-0.0022
189.888,0.5500,0.5506,0.5500,-0.0023
189.920,0.5500,0.5506,0.5500,-0.0023
189.952,0.5500,0.5507,0.5500,-0.0023
189.984,0.5500,0.5507,0.5500,-0.0024
190.016,0.5500,0.5507,0.5500,-0.0024
190.048,0.5500,0.5508,0.5500,-0.0024
190.080,0.5500,0.5508,0.5500,-0.0025
190.112,0.5500,0.5508,0.5500,-0.0025
190.144,0.5500,0.5508,0.5500,-0.0025
190.176,0.5500,0.5508,0.5500,-0.0025
190.208,0.5500,0.5509,0.5500,-0.0026
190.240,0.5500,0.5509,0.5500,-0.0026
190.272,0.5500,0.5509,0.5500,-0.0026
190.304,0.5500,0.5509,0.5500,-0.0027
190.336,0.5500,0.5510,0.5500,-0.0027
190.368,0.5500,0.5510,0.5500,-0.0027
190.400,0.5500,0.5510,0.5500,-0.0027
190.432,0.5500,0.5510,0.5500,-0.0028
190.464,0.5500,0.5511,0.5500,-0.0028
190.496,0.5500,0.5511,0.5500,-0.0028
190.528,0.5500,0.5511,0.5500,-0.0028
190.560,0.5500,0.5511,0.5500,-0.0029
190.592,0.5500,0.5512,0.5500,-0.0029
190.624,0.5500,0.5512,0.5500,-0.0029
190.656,0.5500,0.5512,0.5500,-0.0029
190.688,0.5500,0.5512,0.5500,-0.0030
190.720,0.5500,0.5512,0.5500,-0.0030
190.752,0.5500,0.5513,0.5500,-0.0030
190.784,0.5500,0.5513,0.5500,-0.0030
190.816,0.5500,0.5513,0.5500,-0.0031
190.848,0.5500,0.5513,0.5500,-0.0031
190.880,0.5500,0.5513,0.5500,-0.0031
190.912,0.5500,0.5514,0.5500,-0.0031
190.944,0.5500,0.5514,0.5500,-0.0032
190.976,0.5500,0.5514,0.5500,-0.0032
191.008,0.5500,0.5514,0.5500,-0.0032
191.040,0.5500,0.5515,0.5500,-0.0032
191.072,0.5500,0.5515,0.5500,-0.0032
191.104,0.5500,0.5515,0.5500,-0.0033
191.136,0.5500,0.5515,0.5500,-0.0033
191.168,0.5500,0.5515,0.5500,-0.0033
191.200,0.5500,0.5515,0.5500,-0.0033
191.232,0.5500,0.5516,0.5500,-0.0033
191.264,0.5500,0.5516,0.5500,-0.0034
191.296,0.5500,0.5516,0.5500,-0.0034
191.328,0.5500,0.5516,0.5500,-0.0034
191.360,0.5500,0.5516,0.5500,-0.0034
191.392,0.5500,0.5517,0.5500,-0.0034
191.424,0.5500,0.5517,0.5500,-0.0034
191.456,0.5500,0.5517,0.5500,-0.0035
191.488,0.5500,0.5517,0.5500,-0.0035
191.520,0.5500,0.5517,0.5500,-0.0035
191.552,0.5500,0.5517,0.5500,-0.0035
191.584,0.5500,0.5518,0.5500,-0.0035
191.616,0.5500,0.5518,0.5500,-0.0035
191.648,0.5500,0.5518,0.5500,-0.0035
191.680,0.5500,0.5518,0.5500,-0.0036
191.712,0.5500,0.5518,0.5500,-0.0036
191.744,0.5500,0.5518,0.5500,-0.0036
191.776,0.5500,0.5519,0.5500,-0.0036
191.808,0.5500,0.5519,0.5500,-0.0036
191.840,0.5500,0.5519,0.5500,-0.0036
191.872,0.5500,0.5519,0.5500,-0.0036
191.904,0.5500,0.5519,0.5500,-0.0036
191.936,0.5500,0.5519,0.5500,-0.0037
191.968,0.5500,0.5519,0.5500,-0.0037
192.000,0.5500,0.5520,0.5500,-0.0037
192.032,0.5500,0.5520,0.5500,-0.0037
192.064,0.5500,0.5520,0.5500,-0.0037
192.096,0.5500,0.5520,0.5500,-0.0037
192.128,0.5500,0.5520,0.5500,-0.0037
192.160,0.5500,0.5520,0.5500,-0.0037
192.192,0.5500,0.5520,0.5500,-0.0037
192.224,0.5500,0.5521,0.5500,-0.0037
192.256,0.5500,0.5521,0.5500,-0.0037
192.288,0.5500,0.5521,0.5500,-0.0038
192.320,0.5500,0.5521,0.5500,-0.0038
192.352,0.5500,0.5521,0.5500,-0.0038
192.384,0.5500,0.5521,0.5500,-0.0038
192.416,0.5500,0.5521,0.5500,-0.0038
192.448,0.5500,0.5521,0.5500,-0.0038
192.480,0.5500,0.5521,0.5500,-0.0038
192.512,0.5500,0.5522,0.5500,-0.0038
192.544,0.5500,0.5522,0.5500,-0.0038
192.576,0.5500,0.5522,0.5500,-0.0038
192.608,0.5500,0.5522,0.5500,-0.0038
192.640,0.5500,0.5522,0.5500,-0.0038
192.672,0.5500,0.5522,0.5500,-0.0038
192.704,0.5500,0.5522,0.5500,-0.0038
192.736,0.5500,0.5522,0.5500,-0.0038
192.768,0.5500,0.5522,0.5500,-0.0038
192.800,0.5500,0.5522,0.5500,-0.0038
192.832,0.5500,0.5523,0.5500,-0.0038
192.864,0.5500,0.5523,0.5500,-0.0038
192.896,0.5500,0.5523,0.5500,-0.0038
192.928,0.5500,0.5523,0.5500,-0.0038
192.960,0.5500,0.5523,0.5500,-0.0038
192.992,0.5500,0.5523,0.5500,-0.0038
193.024,0.5500,0.5523,0.5500,-0.0038
193.056,0.5500,0.5523,0.5500,-0.0038
193.088,0.5500,0.5523,0.5500,-0.0038
193.120,0.5500,0.5523,0.5500,-0.0038
193.152,0.5500,0.5523,0.5500,-0.0038
193.184,0.5500,0.5523,0.5500,-0.0038
193.216,0.5500,0.5523,0.5500,-0.0038
193.248,0.5500,0.5523,0.5500,-0.0038
193.280,0.5500,0.5523,0.5500,-0.0038
193.312,0.5500,0.5524,0.5500,-0.0038
193.344,0.5500,0.5524,0.5500,-0.0038
193.376,0.5500,0.5524,0.5500,-0.0038
193.408,0.5500,0.5524,0.5500,-0.0038
193.440,0.5500,0.5524,0.5500,-0.0038
193.472,0.5500,0.5524,0.5500,-0.0038
193.504,0.5500,0.5524,0.5500,-0.0038
193.536,0.5500,0.5524,0.5500,-0.0038
193.568,0.5500,0.5524,0.5500,-0.0038
193.600,0.5500,0.5524,0.5500,-0.0037
193.632,0.5500,0.5524,0.5500,-0.0037
193.664,0.5500,0.5524,0.5500,-0.0037
193.696,0.5500,0.5524,0.5500,-0.0037
193.728,0.5500,0.5524,0.5500,-0.0037
193.760,0.5500,0.5524,0.5500,-0.0037
193.792,0.5500,0.5524,0.5500,-0.0037
193.824,0.5500,0.5524,0.5500,-0.0037
193.856,0.5500,0.5524,0.5500,-0.0037
193.888,0.5500,0.5524,0.5500,-0.0037
193.920,0.5500,0.5524,0.5500,-0.0037
193.952,0.5500,0.5524,0.5500,-0.0037
193.984,0.5500,0.5524,0.5500,-0.0036
194.016,0.5500,0.5524,0.5500,-0.0036
194.048,0.5500,0.5524,0.5500,-0.0036
194.080,0.5500,0.5524,0.5500,-0.0036
194.112,0.5500,0.5524,0.5500,-0.0036
194.144,0.5500,0.5524,0.5500,-0.0036
194.176,0.5500,0.5524,0.5500,-0.0036
194.208,0.5500,0.5524,0.5500,-0.0036
194.240,0.5500,0.5524,0.5500,-0.0035
194.272,0.5500,0.5524,0.5500,-0.0035
194.304,0.5500,0.5524,0.5500,-0.0035
194.336,0.5500,0.5524,0.5500,-0.0035
194.368,0.5500,0.5524,0.5500,-0.0035
194.400,0.5500,0.5524,0.5500,-0.0035
194.432,0.5500,0.5524,0.5500,-0.0035
194.464,0.5500,0.5524,0.5500,-0.0035
194.496,0.5500,0.5524,0.5500,-0.0034
194.528,0.5500,0.5524,0.5500,-0.0034
194.560,0.5500,0.5524,0.5500,-0.0034
194.592,0.5500,0.5524,0.5500,-0.0034
194.624,0.5500,0.5524,0.5500,-0.0034
194.656,0.5500,0.5524,0.5500,-0.0034
194.688,0.5500,0.5524,0.5500,-0.0033
194.720,0.5500,0.5524,0.5500,-0.0033
194.752,0.5500,0.5524,0.5500,-0.0033
194.784,0.5500,0.5524,0.5500,-0.0033
194.816,0.5500,0.5523,0.5500,-0.0033
194.848,0.5500,0.5523,0.5500,-0.0033
194.880,0.5500,0.5523,0.5500,-0.0032
194.912,0.5500,0.5523,0.5500,-0.0032
194.944,0.5500,0.5523,0.5500,-0.0032
194.976,0.5500,0.5523,0.5500,-0.0032
195.008,0.5500,0.5523,0.5500,-0.0032
195.040,0.5500,0.5523,0.5500,-0.0032
195.072,0.5500,0.5523,0.5500,-0.0031
195.104,0.5500,0.5523,0.5500,-0.0031
195.136,0.5500,0.5523,0.5500,-0.0031
195.168,0.5500,0.5523,0.5500,-0.0031
195.200,0.5500,0.5523,0.5500,-0.0031
195.232,0.5500,0.5523,0.5500,-0.0030
195.264,0.5500,0.5523,0.5500,-0.0030
195.296,0.5500,0.5523,0.5500,-0.0030
195.328,0.5500,0.5522,0.5500,-0.0030
195.360,0.5500,0.5522,0.5500,-0.0029
195.392,0.5500,0.5522,0.5500,-0.0029
195.424,0.5500,0.5522,0.5500,-0.0029
195.456,0.5500,0.5522,0.5500,-0.0029
195.488,0.5500,0.5522,0.5500,-0.0029
195.520,0.5500,0.5522,0.5500,-0.0028
195.552,0.5500,0.5522,0.5500,-0.0028
195.584,0.5500,0.5522,0.5500,-0.0028
195.616,0.5500,0.5522,0.5500,-0.0028
195.648,0.5500,0.5522,0.5500,-0.0027
195.680,0.5500,0.5521,0.5500,-0.0027
195.712,0.5500,0.5521,0.5500,-0.0027
195.744,0.5500,0.5521,0.5500,-0.0027
195.776,0.5500,0.5521,0.5500,-0.0026
195.808,0.5500,0.5521,0.5500,-0.0026
195.840,0.5500,0.5521,0.5500,-0.0026
195.872,0.5500,0.5521,0.5500,-0.0026
195.904,0.5500,0.5521,0.5500,-0.0025
195.936,0.5500,0.5521,0.5500,-0.0025
195.968,0.5500,0.5521,0.5500,-0.0025
196.000,0.5500,0.5520,0.5500,-0.0025
196.032,0.5500,0.5520,0.5500,-0.0024
196.064,0.5500,0.5520,0.5500,-0.0024
196.096,0.5500,0.5520,0.5500,-0.0024
196.128,0.5500,0.5520,0.5500,-0.0024
196.160,0.5500,0.5520,0.5500,-0.0023
196.192,0.5500,0.5520,0.5500,-0.0023
196.224,0.5500,0.5520,0.5500,-0.0023
196.256,0.5500,0.5519,0.5500,-0.0023
196.288,0.5500,0.5519,0.5500,-0.0022
196.320,0.5500,0.5519,0.5500,-0.0022
196.352,0.5500,0.5519,0.5500,-0.0022
196.384,0.5500,0.5519,0.5500,-0.0021
196.416,0.5500,0.5519,0.5500,-0.0021
196.448,0.5500,0.5519,0.5500,-0.0021
196.480,0.5500,0.5518,0.5500,-0.0021
196.512,0.5500,0.5518,0.5500,-0.0020
196.544,0.5500,0.5518,0.5500,-0.0020
196.576,0.5500,0.5518,0.5500,-0.0020
196.608,0.5500,0.5518,0.5500,-0.0019
196.640,0.5500,0.5518,0.5500,-0.0019
196.672,0.5500,0.5518,0.5500,-0.0019
196.704,0.5500,0.5517,0.5500,-0.0019
196.736,0.5500,0.5517,0.5500,-0.0018
196.768,0.5500,0.5517,0.5500,-0.0018
196.800,0.5500,0.5517,0.5500,-0.0018
196.832,0.5500,0.5517,0.5500,-0.0017
196.864,0.5500,0.5517,0.5500,-0.0017
196.896,0.5500,0.5517,0.5500,-0.0017
196.928,0.5500,0.5516,0.5500,-0.0016
196.960,0.5500,0.5516,0.5500,-0.0016
196.992,0.5500,0.5516,0.5500,-0.0016
197.024,0.5500,0.5516,0.5500,-0.0016
197.056,0.5500,0.5516,0.5500,-0.0015
197.088,0.5500,0.5516,0.5500,-0.0015
197.120,0.5500,0.5515,0.5500,-0.0015
197.152,0.5500,0.5515,0.5500,-0.0014
197.184,0.5500,0.5515,0.5500,-0.0014
197.216,0.5500,0.5515,0.5500,-0.0014
197.248,0.5500,0.5515,0.5500,-0.0013
197.280,0.5500,0.5515,0.5500,-0.0013
197.312,0.5500,0.5514,0.5500,-0.0013
197.344,0.5500,0.5514,0.5500,-0.0013
197.376,0.5500,0.5514,0.5500,-0.0012
197.408,0.5500,0.5514,0.5500,-0.0012
197.440,0.5500,0.5514,0.5500,-0.0012
197.472,0.5500,0.5514,0.5500,-0.0011
197.504,0.5500,0.5513,0.5500,-0.0011
197.536,0.5500,0.5513,0.5500,-0.0011
197.568,0.5500,0.5513,0.5500,-0.0010
197.600,0.5500,0.5513,0.5500,-0.0010
197.632,0.5500,0.5513,0.5500,-0.0010
197.664,0.5500,0.5512,0.5500,-0.0009
197.696,0.5500,0.5512,0.5500,-0.0009
197.728,0.5500,0.5512,0.5500,-0.0009
197.760,0.5500,0.5512,0.5500,-0.0009
197.792,0.5500,0.5512,0.5500,-0.0008
197.824,0.5500,0.5512,0.5500,-0.0008
197.856,0.5500,0.5511,0.5500,-0.0008
197.888,0.5500,0.5511,0.5500,-0.0007
197.920,0.5500,0.5511,0.5500,-0.0007
197.952,0.5500,0.5511,0.5500,-0.0007
197.984,0.5500,0.5511,0.5500,-0.0006
198.016,0.5500,0.5510,0.5500,-0.0006
198.048,0.5500,0.5510,0.5500,-0.0006
198.080,0.5500,0.5510,0.5500,-0.0005
198.112,0.5500,0.5510,0.5500,-0.0005
198.144,0.5500,0.5510,0.5500,-0.0005
198.176,0.5500,0.5509,0.5500,-0.0005
198.208,0.5500,0.5509,0.5500,-0.0004
198.240,0.5500,0.5509,0.5500,-0.0004
198.272,0.5500,0.5509,0.5500,-0.0004
198.304,0.5500,0.5509,0.5500,-0.0003
198.336,0.5500,0.5509,0.5500,-0.0003
198.368,0.5500,0.5508,0.5500,-0.0003
198.400,0.5500,0.5508,0.5500,-0.0002
198.432,0.5500,0.5508,0.5500,-0.0002
198.464,0.5500,0.5508,0.5500,-0.0002
198.496,0.5500,0.5508,0.5500,-0.0001
198.528,0.5500,0.5507,0.5500,-0.0001
198.560,0.5500,0.5507,0.5500,-0.0001
198.592,0.5500,0.5507,0.5500,-0.0001
198.624,0.5500,0.5507,0.5500,-0.0000
198.656,0.5500,0.5507,0.5500,0.0000
198.688,0.5500,0.5506,0.5500,0.0000
198.720,0.5500,0.5506,0.5500,0.0001
198.752,0.5500,0.5506,0.5500,0.0001
198.784,0.5500,0.5506,0.5500,0.0001
198.816,0.5500,0.5506,0.5500,0.0002
198.848,0.5500,0.5505,0.5500,0.0002
198.880,0.5500,0.5505,0.5500,0.0002
198.912,0.5500,0.5505,0.5500,0.0002
198.944,0.5500,0.5505,0.5500,0.0003
198.976,0.5500,0.5505,0.5500,0.0003
199.008,0.5500,0.5504,0.5500,0.0003
199.040,0.5500,0.5504,0.5500,0.0004
199.072,0.5500,0.5504,0.5500,0.0004
199.104,0.5500,0.5504,0.5500,0.0004
199.136,0.5500,0.5504,0.5500,0.0004
199.168,0.5500,0.5503,0.5500,0.0005
199.200,0.5500,0.5503,0.5500,0.0005
199.232,0.5500,0.5503,0.5500,0.0005
199.264,0.5500,0.5503,0.5500,0.0006
199.296,0.5500,0.5503,0.5500,0.0006
199.328,0.5500,0.5503,0.5500,0.0006
199.360,0.5500,0.5502,0.5500,0.0006
199.392,0.5500,0.5502,0.5500,0.0007
199.424,0.5500,0.5502,0.5500,0.0007
199.456,0.5500,0.5502,0.5500,0.0007
199.488,0.5500,0.5502,0.5500,0.0008
199.520,0.5500,0.5501,0.5500,0.0008
199.552,0.5500,0.5501,0.5500,0.0008
199.584,0.5500,0.5501,0.5500,0.0008
199.616,0.5500,0.5501,0.5500,0.0009
199.648,0.5500,0.5501,0.5500,0.0009
199.680,0.5500,0.5500,0.5500,0.0009
199.712,0.5500,0.5500,0.5500,0.0009
199.744,0.5500,0.5500,0.5500,0.0010
199.776,0.5500,0.5500,0.5500,0.0010
199.808,0.5500,0.5500,0.5500,0.0010
199.840,0.5500,0.5499,0.5500,0.0010
199.872,0.5500,0.5499,0.5500,0.0011
199.904,0.5500,0.5499,0.5500,0.0011
199.936,0.5500,0.5499,0.5500,0.0011
199.968,0.5500,0.5499,0.5500,0.0011
200.000,0.5500,0.5499,0.5500,0.0012
200.032,0.5500,0.5498,0.5500,0.0012
200.064,0.5500,0.5498,0.5500,0.0012
200.096,0.5500,0.5498,0.5500,0.0012
200.128,0.5500,0.5498,0.5500,0.0013
200.160,0.5500,0.5498,0.5500,0.0013
200.192,0.5500,0.5497,0.5500,0.0013
200.224,0.5500,0.5497,0.5500,0.0013
200.256,0.5500,0.5497,0.5500,0.0014
200.288,0.5500,0.5497,0.5500,0.0014
200.320,0.5500,0.5497,0.5500,0.0014
200.352,0.5500,0.5497,0.5500,0.0014
200.384,0.5500,0.5496,0.5500,0.0015
200.416,0.5500,0.5496,0.5500,0.0015
200.448,0.5500,0.5496,0.5500,0.0015
200.480,0.5500,0.5496,0.5500,0.0015
200.512,0.5500,0.5496,0.5500,0.0015
200.544,0.5500,0.5495,0.5500,0.0016
200.576,0.5500,0.5495,0.5500,0.0016
200.608,0.5500,0.5495,0.5500,0.0016
200.640,0.5500,0.5495,0.5500,0.0016
200.672,0.5500,0.5495,0.5500,0.0017
200.704,0.5500,0.5495,0.5500,0.0017
200.736,0.5500,0.5494,0.5500,0.0017
200.768,0.5500,0.5494,0.5500,0.0017
200.800,0.5500,0.5494,0.5500,0.0017
200.832,0.5500,0.5494,0.5500,0.0018
200.864,0.5500,0.5494,0.5500,0.0018
200.896,0.5500,0.5494,0.5500,0.0018
200.928,0.5500,0.5493,0.5500,0.0018
200.960,0.5500,0.5493,0.5500,0.0018
200.992,0.5500,0.5493,0.5500,0.0019
201.024,0.5500,0.5493,0.5500,0.0019
201.056,0.5500,0.5493,0.5500,0.0019
201.088,0.5500,0.5493,0.5500,0.0019
201.120,0.5500,0.5492,0.5500,0.0019
201.152,0.5500,0.5492,0.5500,0.0019
201.184,0.5500,0.5492,0.5500,0.0020
201.216,0.5500,0.5492,0.5500,0.0020
201.248,0.5500,0.5492,0.5500,0.0020
201.280,0.5500,0.5492,0.5500,0.0020
201.312,0.5500,0.5492,0.5500,0.0020
201.344,0.5500,0.5491,0.5500,0.0021
201.376,0.5500,0.5491,0.5500,0.0021
201.408,0.5500,0.5491,0.5500,0.0021
201.440,0.5500,0.5491,0.5500,0.0021
201.472,0.5500,0.5491,0.5500,0.0021
201.504,0.5500,0.5491,0.5500,0.0021
201.536,0.5500,0.5491,0.5500,0.0021
201.568,0.5500,0.5490,0.5500,0.0022
201.600,0.5500,0.5490,0.5500,0.0022
201.632,0.5500,0.5490,0.5500,0.0022
201.664,0.5500,0.5490,0.5500,0.0022
201.696,0.5500,0.5490,0.5500,0.0022
201.728,0.5500,0.5490,0.5500,0.0022
201.760,0.5500,0.5490,0.5500,0.0022
201.792,0.5500,0.5489,0.5500,0.0023
201.824,0.5500,0.5489,0.5500,0.0023
201.856,0.5500,0.5489,0.5500,0.0023
201.888,0.5500,0.5489,0.5500,0.0023
201.920,0.5500,0.5489,0.5500,0.0023
201.952,0.5500,0.5489,0.5500,0.0023
201.984,0.5500,0.5489,0.5500,0.0023
202.016,0.5500,0.5489,0.5500,0.0023
202.048,0.5500,0.5488,0.5500,0.0024
202.080,0.5500,0.5488,0.5500,0.0024
202.112,0.5500,0.5488,0.5500,0.0024
202.144,0.5500,0.5488,0.5500,0.0024
202.176,0.5500,0.5488,0.5500,0.0024
202.208,0.5500,0.5488,0.5500,0.0024
202.240,0.5500,0.5488,0.5500,0.0024
202.272,0.5500,0.5488,0.5500,0.0024
202.304,0.5500,0.5487,0.5500,0.0024
202.336,0.5500,0.5487,0.5500,0.0025
202.368,0.5500,0.5487,0.5500,0.0025
202.400,0.5500,0.5487,0.5500,0.0025
202.432,0.5500,0.5487,0.5500,0.0025
202.464,0.5500,0.5487,0.5500,0.0025
202.496,0.5500,0.5487,0.5500,0.0025
202.528,0.5500,0.5487,0.5500,0.0025
202.560,0.5500,0.5487,0.5500,0.0025
202.592,0.5500,0.5487,0.5500,0.0025
202.624,0.5500,0.5486,0.5500,0.0025
202.656,0.5500,0.5486,0.5500,0.0025
202.688,0.5500,0.5486,0.5500,0.0025
202.720,0.5500,0.5486,0.5500,0.0026
202.752,0.5500,0.5486,0.5500,0.0026
202.784,0.5500,0.5486,0.5500,0.0026
202.816,0.5500,0.5486,0.5500,0.0026
202.848,0.5500,0.5486,0.5500,0.0026
202.880,0.5500,0.5486,0.5500,0.0026
202.912,0.5500,0.5486,0.5500,0.0026
202.944,0.5500,0.5486,0.5500,0.0026
202.976,0.5500,0.5485,0.5500,0.0026
203.008,0.5500,0.5485,0.5500,0.0026
203.040,0.5500,0.5485,0.5500,0.0026
203.072,0.5500,0.5485,0.5500,0.0026
203.104,0.5500,0.5485,0.5500,0.0026
203.136,0.5500,0.5485,0.5500,0.0026
203.168,0.5500,0.5485,0.5500,0.0026
203.200,0.5500,0.5485,0.5500,0.0026
203.232,0.5500,0.5485,0.5500,0.0026
203.264,0.5500,0.5485,0.5500,0.0026
203.296,0.5500,0.5485,0.5500,0.0026
203.328,0.5500,0.5485,0.5500,0.0026
203.360,0.5500,0.5485,0.5500,0.0026
203.392,0.5500,0.5485,0.5500,0.0026
203.424,0.5500,0.5484,0.5500,0.0026
203.456,0.5500,0.5484,0.5500,0.0026
203.488,0.5500,0.5484,0.5500,0.0026
203.520,0.5500,0.5484,0.5500,0.0026
203.552,0.5500,0.5484,0.5500,0.0026
203.584,0.5500,0.5484,0.5500,0.0026
203.616,0.5500,0.5484,0.5500,0.0026
203.648,0.5500,0.5484,0.5500,0.0026
203.680,0.5500,0.5484,0.5500,0.0026
203.712,0.5500,0.5484,0.5500,0.0026
203.744,0.5500,0.5484,0.5500,0.0026
203.776,0.5500,0.5484,0.5500,0.0026
203.808,0.5500,0.5484,0.5500,0.0026
203.840,0.5500,0.5484,0.5500,0.0026
203.872,0.5500,0.5484,0.5500,0.0026
203.904,0.5500,0.5484,0.5500,0.0026
203.936,0.5500,0.5484,0.5500,0.0026
203.968,0.5500,0.5484,0.5500,0.0026
204.000,0.5500,0.5484,0.5500,0.0026
204.032,0.5500,0.5484,0.5500,0.0026
204.064,0.5500,0.5484,0.5500,0.0026
204.096,0.5500,0.5484,0.5500,0.0026
204.128,0.5500,0.5484,0.5500,0.0026
204.160,0.5500,0.5484,0.5500,0.0026
204.192,0.5500,0.5484,0.5500,0.0026
204.224,0.5500,0.5483,0.5500,0.0026
204.256,0.5500,0.5483,0.5500,0.0026
204.288,0.5500,0.5483,0.5500,0.0026
204.320,0.5500,0.5483,0.5500,0.0026
204.352,0.5500,0.5483,0.5500,0.0026
204.384,0.5500,0.5483,0.5500,0.0026
204.416,0.5500,0.5483,0.5500,0.0026
204.448,0.5500,0.5483,0.5500,0.0025
204.480,0.5500,0.5483,0.5500,0.0025
204.512,0.5500,0.5483,0.5500,0.0025
204.544,0.5500,0.5483,0.5500,0.0025
204.576,0.5500,0.5483,0.5500,0.0025
204.608,0.5500,0.5483,0.5500,0.0025
204.640,0.5500,0.5483,0.5500,0.0025
204.672,0.5500,0.5483,0.5500,0.0025
204.704,0.5500,0.5483,0.5500,0.0025
204.736,0.5500,0.5483,0.5500,0.0025
204.768,0.5500,0.5483,0.5500,0.0025
204.800,0.5500,0.5483,0.5500,0.0025
204.832,0.5500,0.5483,0.5500,0.0025
204.864,0.5500,0.5483,0.5500,0.0025
204.896,0.5500,0.5483,0.5500,0.0025
204.928,0.5500,0.5483,0.5500,0.0024
204.960,0.5500,0.5483,0.5500,0.0024
204.992,0.5500,0.5483,0.5500,0.0024
205.024,0.5500,0.5483,0.5500,0.0024
205.056,0.5500,0.5483,0.5500,0.0024
205.088,0.5500,0.5483,0.5500,0.0024
205.120,0.5500,0.5483,0.5500,0.0024
205.152,0.5500,0.5483,0.5500,0.0024
205.184,0.5500,0.5483,0.5500,0.0024
205.216,0.5500,0.5484,0.5500,0.0024
205.248,0.5500,0.5484,0.5500,0.0023
205.280,0.5500,0.5484,0.5500,0.0023
205.312,0.5500,0.5484,0.5500,0.0023
205.344,0.5500,0.5484,0.5500,0.0023
205.376,0.5500,0.5484,0.5500,0.0023
205.408,0.5500,0.5484,0.5500,0.0023
205.440,0.5500,0.5484,0.5500,0.0023
205.472,0.5500,0.5484,0.5500,0.0023
205.504,0.5500,0.5484,0.5500,0.0022
205.536,0.5500,0.5484,0.5500,0.0022
205.568,0.5500,0.5484,0.5500,0.0022
205.600,0.5500,0.5484,0.5500,0.0022
205.632,0.5500,0.5484,0.5500,0.0022
205.664,0.5500,0.5484,0.5500,0.0022
205.696,0.5500,0.5484,0.5500,0.0022
205.728,0.5500,0.5484,0.5500,0.0022
205.760,0.5500,0.5484,0.5500,0.0022
205.792,0.5500,0.5484,0.5500,0.0021
205.824,0.5500,0.5484,0.5500,0.0021
205.856,0.5500,0.5484,0.5500,0.0021
205.888,0.5500,0.5484,0.5500,0.0021
205.920,0.5500,0.5484,0.5500,0.0021
205.952,0.5500,0.5484,0.5500,0.0021
205.984,0.5500,0.5484,0.5500,0.0021
206.016,0.5500,0.5484,0.5500,0.0020
206.048,0.5500,0.5485,0.5500,0.0020
206.080,0.5500,0.5485,0.5500,0.0020
206.112,0.5500,0.5485,0.5500,0.0020
206.144,0.5500,0.5485,0.5500,0.0020
206.176,0.5500,0.5485,0.5500,0.0020
206.208,0.5500,0.5485,0.5500,0.0020
206.240,0.5500,0.5485,0.5500,0.0019
206.272,0.5500,0.5485,0.5500,0.0019
206.304,0.5500,0.5485,0.5500,0.0019
206.336,0.5500,0.5485,0.5500,0.0019
206.368,0.5500,0.5485,0.5500,0.0019
206.400,0.5500,0.5485,0.5500,0.0019
206.432,0.5500,0.5485,0.5500,0.0018
206.464,0.5500,0.5485,0.5500,0.0018
206.496,0.5500,0.5485,0.5500,0.0018
206.528,0.5500,0.5486,0.5500,0.0018
206.560,0.5500,0.5486,0.5500,0.0018
206.592,0.5500,0.5486,0.5500,0.0018
206.624,0.5500,0.5486,0.5500,0.0017
206.656,0.5500,0.5486,0.5500,0.0017
206.688,0.5500,0.5486,0.5500,0.0017
206.720,0.5500,0.5486,0.5500,0.0017
206.752,0.5500,0.5486,0.5500,0.0017
206.784,0.5500,0.5486,0.5500,0.0017
206.816,0.5500,0.5486,0.5500,0.0016
206.848,0.5500,0.5486,0.5500,0.0016
206.880,0.5500,0.5486,0.5500,0.0016
206.912,0.5500,0.5486,0.5500,0.0016
206.944,0.5500,0.5487,0.5500,0.0016
206.976,0.5500,0.5487,0.5500,0.0015
207.008,0.5500,0.5487,0.5500,0.0015
207.040,0.5500,0.5487,0.5500,0.0015
207.072,0.5500,0.5487,0.5500,0.0015
207.104,0.5500,0.5487,0.5500,0.0015
207.136,0.5500,0.5487,0.5500,0.0014
207.168,0.5500,0.5487,0.5500,0.0014
207.200,0.5500,0.5487,0.5500,0.0014
207.232,0.5500,0.5487,0.5500,0.0014
207.264,0.5500,0.5487,0.5500,0.0014
207.296,0.5500,0.5488,0.5500,0.0013
207.328,0.5500,0.5488,0.5500,0.0013
207.360,0.5500,0.5488,0.5500,0.0013
207.392,0.5500,0.5488,0.5500,0.0013
207.424,0.5500,0.5488,0.5500,0.0013
207.456,0.5500,0.5488,0.5500,0.0012
207.488,0.5500,0.5488,0.5500,0.0012
207.520,0.5500,0.5488,0.5500,0.0012
207.552,0.5500,0.5488,0.5500,0.0012
207.584,0.5500,0.5489,0.5500,0.0012
207.616,0.5500,0.5489,0.5500,0.0011
207.648,0.5500,0.5489,0.5500,0.0011
207.680,0.5500,0.5489,0.5500,0.0011
207.712,0.5500,0.5489,0.5500,0.0011
207.744,0.5500,0.5489,0.5500,0.0011
207.776,0.5500,0.5489,0.5500,0.0010
207.808,0.5500,0.5489,0.5500,0.0010
207.840,0.5500,0.5489,0.5500,0.0010
207.872,0.5500,0.5490,0.5500,0.0010
207.904,0.5500,0.5490,0.5500,0.0010
207.936,0.5500,0.5490,0.5500,0.0009
207.968,0.5500,0.5490,0.5500,0.0009
208.000,0.5500,0.5490,0.5500,0.0009
208.032,0.5500,0.5490,0.5500,0.0009
208.064,0.5500,0.5490,0.5500,0.0008
208.096,0.5500,0.5490,0.5500,0.0008
208.128,0.5500,0.5490,0.5500,0.0008
208.160,0.5500,0.5491,0.5500,0.0008
208.192,0.5500,0.5491,0.5500,0.0008
208.224,0.5500,0.5491,0.5500,0.0007
208.256,0.5500,0.5491,0.5500,0.0007
208.288,0.5500,0.5491,0.5500,0.0007
208.320,0.5500,0.5491,0.5500,0.0007
208.352,0.5500,0.5491,0.5500,0.0007
208.384,0.5500,0.5491,0.5500,0.0006
208.416,0.5500,0.5492,0.5500,0.0006
208.448,0.5500,0.5492,0.5500,0.0006
208.480,0.5500,0.5492,0.5500,0.0006
208.512,0.5500,0.5492,0.5500,0.0005
208.544,0.5500,0.5492,0.5500,0.0005
208.576,0.5500,0.5492,0.5500,0.0005
208.608,0.5500,0.5492,0.5500,0.0005
208.640,0.5500,0.5492,0.5500,0.0005
208.672,0.5500,0.5493,0.5500,0.0004
208.704,0.5500,0.5493,0.5500,0.0004
208.736,0.5500,0.5493,0.5500,0.0004
208.768,0.5500,0.5493,0.5500,0.0004
208.800,0.5500,0.5493,0.5500,0.0004
208.832,0.5500,0.5493,0.5500,0.0003
208.864,0.5500,0.5493,0.5500,0.0003
208.896,0.5500,0.5494,0.5500,0.0003
208.928,0.5500,0.5494,0.5500,0.0003
208.960,0.5500,0.5494,0.5500,0.0002
208.992,0.5500,0.5494,0.5500,0.0002
209.024,0.5500,0.5494,0.5500,0.0002
209.056,0.5500,0.5494,0.5500,0.0002
209.088,0.5500,0.5494,0.5500,0.0002
209.120,0.5500,0.5494,0.5500,0.0001
209.152,0.5500,0.5495,0.5500,0.0001
209.184,0.5500,0.5495,0.5500,0.0001
209.216,0.5500,0.5495,0.5500,0.0001
209.248,0.5500,0.5495,0.5500,0.0001
209.280,0.5500,0.5495,0.5500,0.0000
209.312,0.5500,0.5495,0.5500,0.0000
209.344,0.5500,0.5495,0.5500,-0.0000
209.376,0.5500,0.5496,0.5500,-0.0000
209.408,0.5500,0.5496,0.5500,-0.0000
209.440,0.5500,0.5496,0.5500,-0.0001
209.472,0.5500,0.5496,0.5500,-0.0001
209.504,0.5500,0.5496,0.5500,-0.0001
209.536,0.5500,0.5496,0.5500,-0.0001
209.568,0.5500,0.5496,0.5500,-0.0002
209.600,0.5500,0.5496,0.5500,-0.0002
209.632,0.5500,0.5497,0.5500,-0.0002
209.664,0.5500,0.5497,0.5500,-0.0002
209.696,0.5500,0.5497,0.5500,-0.0002
209.728,0.5500,0.5497,0.5500,-0.0003
209.760,0.5500,0.5497,0.5500,-0.0003
209.792,0.5500,0.5497,0.5500,-0.0003
209.824,0.5500,0.5497,0.5500,-0.0003
209.856,0.5500,0.5498,0.5500,-0.0003
209.888,0.5500,0.5498,0.5500,-0.0004
209.920,0.5500,0.5498,0.5500,-0.0004
209.952,0.5500,0.5498,0.5500,-0.0004
209.984,0.5500,0.5498,0.5500,-0.0004
210.016,0.5500,0.5498,0.5500,-0.0004
210.048,0.5500,0.5498,0.5500,-0.0005
210.080,0.5500,0.5498,0.5500,-0.0005
210.112,0.5500,0.5499,0.5500,-0.0005
210.144,0.5500,0.5499,0.5500,-0.0005
210.176,0.5500,0.5499,0.5500,-0.0005
210.208,0.5500,0.5499,0.5500,-0.0005
210.240,0.5500,0.5499,0.5500,-0.0006
210.272,0.5500,0.5499,0.5500,-0.0006
210.304,0.5500,0.5499,0.5500,-0.0006
210.336,0.5500,0.5500,0.5500,-0.0006
210.368,0.5500,0.5500,0.5500,-0.0006
210.400,0.5500,0.5500,0.5500,-0.0007
210.432,0.5500,0.5500,0.5500,-0.0007
210.464,0.5500,0.5500,0.5500,-0.0007
210.496,0.5500,0.5500,0.5500,-0.0007
210.528,0.5500,0.5500,0.5500,-0.0007
210.560,0.5500,0.5500,0.5500,-0.0007
210.592,0.5500,0.5501,0.5500,-0.0008
210.624,0.5500,0.5501,0.5500,-0.0008
210.656,0.5500,0.5501,0.5500,-0.0008
210.688,0.5500,0.5501,0.5500,-0.0008
210.720,0.5500,0.5501,0.5500,-0.0008
210.752,0.5500,0.5501,0.5500,-0.0009
210.784,0.5500,0.5501,0.5500,-0.0009
210.816,0.5500,0.5501,0.5500,-0.0009
210.848,0.5500,0.5502,0.5500,-0.0009
210.880,0.5500,0.5502,0.5500,-0.0009
210.912,0.5500,0.5502,0.5500,-0.0009
210.944,0.5500,0.5502,0.5500,-0.0010
210.976,0.5500,0.5502,0.5500,-0.0010
211.008,0.5500,0.5502,0.5500,-0.0010
211.040,0.5500,0.5502,0.5500,-0.0010
211.072,0.5500,0.5503,0.5500,-0.0010
211.104,0.5500,0.5503,0.5500,-0.0010
211.136,0.5500,0.5503,0.5500,-0.0011
211.168,0.5500,0.5503,0.5500,-0.0011
211.200,0.5500,0.5503,0.5500,-0.0011
211.232,0.5500,0.5503,0.5500,-0.0011
211.264,0.5500,0.5503,0.5500,-0.0011
211.296,0.5500,0.5503,0.5500,-0.0011
211.328,0.5500,0.5503,0.5500,-0.0011
211.360,0.5500,0.5504,0.5500,-0.0012
211.392,0.5500,0.5504,0.5500,-0.0012
211.424,0.5500,0.5504,0.5500,-0.0012
211.456,0.5500,0.5504,0.5500,-0.0012
211.488,0.5500,0.5504,0.5500,-0.0012
211.520,0.5500,0.5504,0.5500,-0.0012
211.552,0.5500,0.5504,0.5500,-0.0012
211.584,0.5500,0.5504,0.5500,-0.0013
211.616,0.5500,0.5505,0.5500,-0.0013
211.648,0.5500,0.5505,0.5500,-0.0013
211.680,0.5500,0.5505,0.5500,-0.0013
211.712,0.5500,0.5505,0.5500,-0.0013
211.744,0.5500,0.5505,0.5500,-0.0013
211.776,0.5500,0.5505,0.5500,-0.0013
211.808,0.5500,0.5505,0.5500,-0.0014
211.840,0.5500,0.5505,0.5500,-0.0014
211.872,0.5500,0.5505,0.5500,-0.0014
211.904,0.5500,0.5506,0.5500,-0.0014
211.936,0.5500,0.5506,0.5500,-0.0014
211.968,0.5500,0.5506,0.5500,-0.0014
212.000,0.5500,0.5506,0.5500,-0.0014
212.032,0.5500,0.5506,0.5500,-0.0014
212.064,0.5500,0.5506,0.5500,-0.0015
212.096,0.5500,0.5506,0.5500,-0.0015
212.128,0.5500,0.5506,0.5500,-0.0015
212.160,0.5500,0.5506,0.5500,-0.0015
212.192,0.5500,0.5506,0.5500,-0.0015
212.224,0.5500,0.5507,0.5500,-0.0015
212.256,0.5500,0.5507,0.5500,-0.0015
212.288,0.5500,0.5507,0.5500,-0.0015
212.320,0.5500,0.5507,0.5500,-0.0015
212.352,0.5500,0.5507,0.5500,-0.0016
212.384,0.5500,0.5507,0.5500,-0.0016
212.416,0.5500,0.5507,0.5500,-0.0016
212.448,0.5500,0.5507,0.5500,-0.0016
212.480,0.5500,0.5507,0.5500,-0.0016
212.512,0.5500,0.5507,0.5500,-0.0016
212.544,0.5500,0.5508,0.5500,-0.0016
212.576,0.5500,0.5508,0.5500,-0.0016
212.608,0.5500,0.5508,0.5500,-0.0016
212.640,0.5500,0.5508,0.5500,-0.0016
212.672,0.5500,0.5508,0.5500,-0.0016
212.704,0.5500,0.5508,0.5500,-0.0017
212.736,0.5500,0.5508,0.5500,-0.0017
212.768,0.5500,0.5508,0.5500,-0.0017
212.800,0.5500,0.5508,0.5500,-0.0017
212.832,0.5500,0.5508,0.5500,-0.0017
212.864,0.5500,0.5508,0.5500,-0.0017
212.896,0.5500,0.5508,0.5500,-0.0017
212.928,0.5500,0.5509,0.5500,-0.0017
212.960,0.5500,0.5509,0.5500,-0.0017
212.992,0.5500,0.5509,0.5500,-0.0017
213.024,0.5500,0.5509,0.5500,-0.0017
213.056,0.5500,0.5509,0.5500,-0.0017
213.088,0.5500,0.5509,0.5500,-0.0017
213.120,0.5500,0.5509,0.5500,-0.0018
213.152,0.5500,0.5509,0.5500,-0.0018
213.184,0.5500,0.5509,0.5500,-0.0018
213.216,0.5500,0.5509,0.5500,-0.0018
213.248,0.5500,0.5509,0.5500,-0.0018
213.280,0.5500,0.5509,0.5500,-0.0018
213.312,0.5500,0.5509,0.5500,-0.0018
213.344,0.5500,0.5510,0.5500,-0.0018
213.376,0.5500,0.5510,0.5500,-0.0018
213.408,0.5500,0.5510,0.5500,-0.0018
213.440,0.5500,0.5510,0.5500,-0.0018
213.472,0.5500,0.5510,0.5500,-0.0018
213.504,0.5500,0.5510,0.5500,-0.0018
213.536,0.5500,0.5510,0.5500,-0.0018
213.568,0.5500,0.5510,0.5500,-0.0018
213.600,0.5500,0.5510,0.5500,-0.0018
213.632,0.5500,0.5510,0.5500,-0.0018
213.664,0.5500,0.5510,0.5500,-0.0018
213.696,0.5500,0.5510,0.5500,-0.0018
213.728,0.5500,0.5510,0.5500,-0.0018
213.760,0.5500,0.5510,0.5500,-0.0018
213.792,0.5500,0.5510,0.5500,-0.0018
213.824,0.5500,0.5510,0.5500,-0.0018
213.856,0.5500,0.5510,0.5500,-0.0018
213.888,0.5500,0.5511,0.5500,-0.0019
213.920,0.5500,0.5511,0.5500,-0.0018
213.952,0.5500,0.5511,0.5500,-0.0019
213.984,0.5500,0.5511,0.5500,-0.0019
214.016,0.5500,0.5511,0.5500,-0.0019
214.048,0.5500,0.5511,0.5500,-0.0019
214.080,0.5500,0.5511,0.5500,-0.0019
214.112,0.5500,0.5511,0.5500,-0.0019
214.144,0.5500,0.5511,0.5500,-0.0019
214.176,0.5500,0.5511,0.5500,-0.0019
214.208,0.5500,0.5511,0.5500,-0.0019
214.240,0.5500,0.5511,0.5500,-0.0019
214.272,0.5500,0.5511,0.5500,-0.0019
214.304,0.5500,0.5511,0.5500,-0.0019
214.336,0.5500,0.5511,0.5500,-0.0019
214.368,0.5500,0.5511,0.5500,-0.0019
214.400,0.5500,0.5511,0.5500,-0.0019
214.432,0.5500,0.5511,0.5500,-0.0019
214.464,0.5500,0.5511,0.5500,-0.0019
214.496,0.5500,0.5511,0.5500,-0.0019
214.528,0.5500,0.5511,0.5500,-0.0019
214.560,0.5500,0.5511,0.5500,-0.0019
214.592,0.5500,0.5511,0.5500,-0.0019
214.624,0.5500,0.5511,0.5500,-0.0019
214.656,0.5500,0.5511,0.5500,-0.0019
214.688,0.5500,0.5511,0.5500,-0.0019
214.720,0.5500,0.5511,0.5500,-0.0019
214.752,0.5500,0.5512,0.5500,-0.0018
214.784,0.5500,0.5512,0.5500,-0.0018
214.816,0.5500,0.5512,0.5500,-0.0018
214.848,0.5500,0.5512,0.5500,-0.0018
214.880,0.5500,0.5512,0.5500,-0.0018
214.912,0.5500,0.5512,0.5500,-0.0018
214.944,0.5500,0.5512,0.5500,-0.0018
214.976,0.5500,0.5512,0.5500,-0.0018
215.008,0.5500,0.5512,0.5500,-0.0018
215.040,0.5500,0.5512,0.5500,-0.0018
215.072,0.5500,0.5512,0.5500,-0.0018
215.104,0.5500,0.5512,0.5500,-0.0018
215.136,0.5500,0.5512,0.5500,-0.0018
215.168,0.5500,0.5512,0.5500,-0.0018
215.200,0.5500,0.5512,0.5500,-0.0018
215.232,0.5500,0.5512,0.5500,-0.0018
215.264,0.5500,0.5512,0.5500,-0.0018
215.296,0.5500,0.5512,0.5500,-0.0018
215.328,0.5500,0.5512,0.5500,-0.0018
215.360,0.5500,0.5512,0.5500,-0.0018
215.392,0.5500,0.5512,0.5500,-0.0018
215.424,0.5500,0.5512,0.5500,-0.0018
215.456,0.5500,0.5512,0.5500,-0.0018
215.488,0.5500,0.5512,0.5500,-0.0018
215.520,0.5500,0.5512,0.5500,-0.0018
215.552,0.5500,0.5512,0.5500,-0.0018
215.584,0.5500,0.5512,0.5500,-0.0017
215.616,0.5500,0.5512,0.5500,-0.0017
215.648,0.5500,0.5512,0.5500,-0.0017
215.680,0.5500,0.5512,0.5500,-0.0017
215.712,0.5500,0.5512,0.5500,-0.0017
215.744,0.5500,0.5512,0.5500,-0.0017
215.776,0.5500,0.5512,0.5500,-0.0017
215.808,0.5500,0.5512,0.5500,-0.0017
215.840,0.5500,0.5512,0.5500,-0.0017
215.872,0.5500,0.5512,0.5500,-0.0017
215.904,0.5500,0.5512,0.5500,-0.0017
215.936,0.5500,0.5512,0.5500,-0.0017
215.968,0.5500,0.5512,0.5500,-0.0017
216.000,0.5500,0.5512,0.5500,-0.0017
216.032,0.5500,0.5512,0.5500,-0.0017
216.064,0.5500,0.5512,0.5500,-0.0016
216.096,0.5500,0.5512,0.5500,-0.0016
216.128,0.5500,0.5512,0.5500,-0.0016
216.160,0.5500,0.5511,0.5500,-0.0016
216.192,0.5500,0.5511,0.5500,-0.0016
216.224,0.5500,0.5511,0.5500,-0.0016
216.256,0.5500,0.5511,0.5500,-0.0016
216.288,0.5500,0.5511,0.5500,-0.0016
216.320,0.5500,0.5511,0.5500,-0.0016
216.352,0.5500,0.5511,0.5500,-0.0016
216.384,0.5500,0.5511,0.5500,-0.0016
216.416,0.5500,0.5511,0.5500,-0.0016
216.448,0.5500,0.5511,0.5500,-0.0015
216.480,0.5500,0.5511,0.5500,-0.0015
216.512,0.5500,0.5511,0.5500,-0.0015
216.544,0.5500,0.5511,0.5500,-0.0015
216.576,0.5500,0.5511,0.5500,-0.0015
216.608,0.5500,0.5511,0.5500,-0.0015
216.640,0.5500,0.5511,0.5500,-0.0015
216.672,0.5500,0.5511,0.5500,-0.0015
216.704,0.5500,0.5511,0.5500,-0.0015
216.736,0.5500,0.5511,0.5500,-0.0015
216.768,0.5500,0.5511,0.5500,-0.0015
216.800,0.5500,0.5511,0.5500,-0.0014
216.832,0.5500,0.5511,0.5500,-0.0014
216.864,0.5500,0.5511,0.5500,-0.0014
216.896,0.5500,0.5511,0.5500,-0.0014
216.928,0.5500,0.5511,0.5500,-0.0014
216.960,0.5500,0.5511,0.5500,-0.0014
216.992,0.5500,0.5511,0.5500,-0.0014
217.024,0.5500,0.5511,0.5500,-0.0014
217.056,0.5500,0.5511,0.5500,-0.0014
217.088,0.5500,0.5510,0.5500,-0.0013
217.120,0.5500,0.5510,0.5500,-0.0013
217.152,0.5500,0.5510,0.5500,-0.0013
217.184,0.5500,0.5510,0.5500,-0.0013
217.216,0.5500,0.5510,0.5500,-0.0013
217.248,0.5500,0.5510,0.5500,-0.0013
217.280,0.5500,0.5510,0.5500,-0.0013
217.312,0.5500,0.5510,0.5500,-0.0013
217.344,0.5500,0.5510,0.5500,-0.0013
217.376,0.5500,0.5510,0.5500,-0.0012
217.408,0.5500,0.5510,0.5500,-0.0012
217.440,0.5500,0.5510,0.5500,-0.0012
217.472,0.5500,0.5510,0.5500,-0.0012
217.504,0.5500,0.5510,0.5500,-0.0012
217.536,0.5500,0.5510,0.5500,-0.0012
217.568,0.5500,0.5510,0.5500,-0.0012
217.600,0.5500,0.5510,0.5500,-0.0012
217.632,0.5500,0.5510,0.5500,-0.0011
217.664,0.5500,0.5510,0.5500,-0.0011
217.696,0.5500,0.5509,0.5500,-0.0011
217.728,0.5500,0.5509,0.5500,-0.0011
217.760,0.5500,0.5509,0.5500,-0.0011
217.792,0.5500,0.5509,0.5500,-0.0011
217.824,0.5500,0.5509,0.5500,-0.0011
217.856,0.5500,0.5509,0.5500,-0.0011
217.888,0.5500,0.5509,0.5500,-0.0010
217.920,0.5500,0.5509,0.5500,-0.0010
217.952,0.5500,0.5509,0.5500,-0.0010
217.984,0.5500,0.5509,0.5500,-0.0010
218.016,0.5500,0.5509,0.5500,-0.0010
218.048,0.5500,0.5509,0.5500,-0.0010
218.080,0.5500,0.5509,0.5500,-0.0010
218.112,0.5500,0.5509,0.5500,-0.0009
218.144,0.5500,0.5509,0.5500,-0.0009
218.176,0.5500,0.5508,0.5500,-0.0009
218.208,0.5500,0.5508,0.5500,-0.0009
218.240,0.5500,0.5508,0.5500,-0.0009
218.272,0.5500,0.5508,0.5500,-0.0009
218.304,0.5500,0.5508,0.5500,-0.0009
218.336,0.5500,0.5508,0.5500,-0.0008
218.368,0.5500,0.5508,0.5500,-0.0008
218.400,0.5500,0.5508,0.5500,-0.0008
218.432,0.5500,0.5508,0.5500,-0.0008
218.464,0.5500,0.5508,0.5500,-0.0008
218.496,0.5500,0.5508,0.5500,-0.0008
218.528,0.5500,0.5508,0.5500,-0.0008
218.560,0.5500,0.5508,0.5500,-0.0007
218.592,0.5500,0.5508,0.5500,-0.0007
218.624,0.5500,0.5507,0.5500,-0.0007
218.656,0.5500,0.5507,0.5500,-0.0007
218.688,0.5500,0.5507,0.5500,-0.0007
218.720,0.5500,0.5507,0.5500,-0.0007
218.752,0.5500,0.5507,0.5500,-0.0007
218.784,0.5500,0.5507,0.5500,-0.0006
218.816,0.5500,0.5507,0.5500,-0.0006
218.848,0.5500,0.5507,0.5500,-0.0006
218.880,0.5500,0.5507,0.5500,-0.0006
218.912,0.5500,0.5507,0.5500,-0.0006
218.944,0.5500,0.5507,0.5500,-0.0006
218.976,0.5500,0.5507,0.5500,-0.0005
219.008,0.5500,0.5506,0.5500,-0.0005
219.040,0.5500,0.5506,0.5500,-0.0005
219.072,0.5500,0.5506,0.5500,-0.0005
219.104,0.5500,0.5506,0.5500,-0.0005
219.136,0.5500,0.5506,0.5500,-0.0005
219.168,0.5500,0.5506,0.5500,-0.0005
219.200,0.5500,0.5506,0.5500,-0.0004
219.232,0.5500,0.5506,0.5500,-0.0004
219.264,0.5500,0.5506,0.5500,-0.0004
219.296,0.5500,0.5506,0.5500,-0.0004
219.328,0.5500,0.5506,0.5500,-0.0004
219.360,0.5500,0.5505,0.5500,-0.0004
219.392,0.5500,0.5505,0.5500,-0.0004
219.424,0.5500,0.5505,0.5500,-0.0003
219.456,0.5500,0.5505,0.5500,-0.0003
219.488,0.5500,0.5505,0.5500,-0.0003
219.520,0.5500,0.5505,0.5500,-0.0003
219.552,0.5500,0.5505,0.5500,-0.0003
219.584,0.5500,0.5505,0.5500,-0.0003
219.616,0.5500,0.5505,0.5500,-0.0002
219.648,0.5500,0.5505,0.5500,-0.0002
219.680,0.5500,0.5505,0.5500,-0.0002
219.712,0.5500,0.5504,0.5500,-0.0002
219.744,0.5500,0.5504,0.5500,-0.0002
219.776,0.5500,0.5504,0.5500,-0.0002
219.808,0.5500,0.5504,0.5500,-0.0001
219.840,0.5500,0.5504,0.5500,-0.0001
219.872,0.5500,0.5504,0.5500,-0.0001
219.904,0.5500,0.5504,0.5500,-0.0001
219.936,0.5500,0.5504,0.5500,-0.0001
219.968,0.5500,0.5504,0.5500,-0.0001
220.000,0.5500,0.5504,0.5500,-0.0001
220.032,0.5500,0.5504,0.5500,-0.0000
220.064,0.5500,0.5503,0.5500,-0.0000
220.096,0.5500,0.5503,0.5500,-0.0000
220.128,0.5500,0.5503,0.5500,0.0000
220.160,0.5500,0.5503,0.5500,0.0000
220.192,0.5500,0.5503,0.5500,0.0000
220.224,0.5500,0.5503,0.5500,0.0000
220.256,0.5500,0.5503,0.5500,0.0001
220.288,0.5500,0.5503,0.5500,0.0001
220.320,0.5500,0.5503,0.5500,0.0001
220.352,0.5500,0.5503,0.5500,0.0001
220.384,0.5500,0.5502,0.5500,0.0001
220.416,0.5500,0.5502,0.5500,0.0001
220.448,0.5500,0.5502,0.5500,0.0002
220.480,0.5500,0.5502,0.5500,0.0002
220.512,0.5500,0.5502,0.5500,0.0002
220.544,0.5500,0.5502,0.5500,0.0002
220.576,0.5500,0.5502,0.5500,0.0002
220.608,0.5500,0.5502,0.5500,0.0002
220.640,0.5500,0.5502,0.5500,0.0002
220.672,0.5500,0.5502,0.5500,0.0003
220.704,0.5500,0.5502,0.5500,0.0003
220.736,0.5500,0.5501,0.5500,0.0003
220.768,0.5500,0.5501,0.5500,0.0003
220.800,0.5500,0.5501,0.5500,0.0003
220.832,0.5500,0.5501,0.5500,0.0003
220.864,0.5500,0.5501,0.5500,0.0003
220.896,0.5500,0.5501,0.5500,0.0003
220.928,0.5500,0.5501,0.5500,0.0004
220.960,0.5500,0.5501,0.5500,0.0004
220.992,0.5500,0.5501,0.5500,0.0004
221.024,0.5500,0.5501,0.5500,0.0004
221.056,0.5500,0.5500,0.5500,0.0004
221.088,0.5500,0.5500,0.5500,0.0004
221.120,0.5500,0.5500,0.5500,0.0004
221.152,0.5500,0.5500,0.5500,0.0005
221.184,0.5500,0.5500,0.5500,0.0005
221.216,0.5500,0.5500,0.5500,0.0005
221.248,0.5500,0.5500,0.5500,0.0005
221.280,0.5500,0.5500,0.5500,0.0005
221.312,0.5500,0.5500,0.5500,0.0005
221.344,0.5500,0.5500,0.5500,0.0005
221.376,0.5500,0.5500,0.5500,0.0006
221.408,0.5500,0.5499,0.5500,0.0006
221.440,0.5500,0.5499,0.5500,0.0006
221.472,0.5500,0.5499,0.5500,0.0006
221.504,0.5500,0.5499,0.5500,0.0006
221.536,0.5500,0.5499,0.5500,0.0006
221.568,0.5500,0.5499,0.5500,0.0006
221.600,0.5500,0.5499,0.5500,0.0006
221.632,0.5500,0.5499,0.5500,0.0007
221.664,0.5500,0.5499,0.5500,0.0007
221.696,0.5500,0.5499,0.5500,0.0007
221.728,0.5500,0.5498,0.5500,0.0007
221.760,0.5500,0.5498,0.5500,0.0007
221.792,0.5500,0.5498,0.5500,0.0007
221.824,0.5500,0.5498,0.5500,0.0007
221.856,0.5500,0.5498,0.5500,0.0007
221.888,0.5500,0.5498,0.5500,0.0007
221.920,0.5500,0.5498,0.5500,0.0008
221.952,0.5500,0.5498,0.5500,0.0008
221.984,0.5500,0.5498,0.5500,0.0008
222.016,0.5500,0.5498,0.5500,0.0008
222.048,0.5500,0.5498,0.5500,0.0008
222.080,0.5500,0.5498,0.5500,0.0008
222.112,0.5500,0.5497,0.5500,0.0008
222.144,0.5500,0.5497,0.5500,0.0008
222.176,0.5500,0.5497,0.5500,0.0008
222.208,0.5500,0.5497,0.5500,0.0009
222.240,0.5500,0.5497,0.5500,0.0009
222.272,0.5500,0.5497,0.5500,0.0009
222.304,0.5500,0.5497,0.5500,0.0009
222.336,0.5500,0.5497,0.5500,0.0009
222.368,0.5500,0.5497,0.5500,0.0009
222.400,0.5500,0.5497,0.5500,0.0009
222.432,0.5500,0.5497,0.5500,0.0009
222.464,0.5500,0.5497,0.5500,0.0009
222.496,0.5500,0.5496,0.5500,0.0010
222.528,0.5500,0.5496,0.5500,0.0010
222.560,0.5500,0.5496,0.5500,0.0010
222.592,0.5500,0.5496,0.5500,0.0010
222.624,0.5500,0.5496,0.5500,0.0010
222.656,0.5500,0.5496,0.5500,0.0010
222.688,0.5500,0.5496,0.5500,0.0010
222.720,0.5500,0.5496,0.5500,0.0010
222.752,0.5500,0.5496,0.5500,0.0010
222.784,0.5500,0.5496,0.5500,0.0010
222.816,0.5500,0.5496,0.5500,0.0010
222.848,0.5500,0.5496,0.5500,0.0010
222.880,0.5500,0.5495,0.5500,0.0011
222.912,0.5500,0.5495,0.5500,0.0011
222.944,0.5500,0.5495,0.5500,0.0011
222.976,0.5500,0.5495,0.5500,0.0011
223.008,0.5500,0.5495,0.5500,0.0011
223.040,0.5500,0.5495,0.5500,0.0011
223.072,0.5500,0.5495,0.5500,0.0011
223.104,0.5500,0.5495,0.5500,0.0011
223.136,0.5500,0.5495,0.5500,0.0011
223.168,0.5500,0.5495,0.5500,0.0011
223.200,0.5500,0.5495,0.5500,0.0011
223.232,0.5500,0.5495,0.5500,0.0011
223.264,0.5500,0.5495,0.5500,0.0011
223.296,0.5500,0.5495,0.5500,0.0012
223.328,0.5500,0.5495,0.5500,0.0012
223.360,0.5500,0.5494,0.5500,0.0012
223.392,0.5500,0.5494,0.5500,0.0012
223.424,0.5500,0.5494,0.5500,0.0012
223.456,0.5500,0.5494,0.5500,0.0012
223.488,0.5500,0.5494,0.5500,0.0012
223.520,0.5500,0.5494,0.5500,0.0012
223.552,0.5500,0.5494,0.5500,0.0012
223.584,0.5500,0.5494,0.5500,0.0012
223.616,0.5500,0.5494,0.5500,0.0012
223.648,0.5500,0.5494,0.5500,0.0012
223.680,0.5500,0.5494,0.5500,0.0012
223.712,0.5500,0.5494,0.5500,0.0012
223.744,0.5500,0.5494,0.5500,0.0012
223.776,0.5500,0.5494,0.5500,0.0012
223.808,0.5500,0.5494,0.5500,0.0013
223.840,0.5500,0.5494,0.5500,0.0013
223.872,0.5500,0.5493,0.5500,0.0013
223.904,0.5500,0.5493,0.5500,0.0013
223.936,0.5500,0.5493,0.5500,0.0013
223.968,0.5500,0.5493,0.5500,0.0013
224.000,0.5500,0.5493,0.5500,0.0013
224.032,0.5500,0.5493,0.5500,0.0013
224.064,0.5500,0.5493,0.5500,0.0013
224.096,0.5500,0.5493,0.5500,0.0013
224.128,0.5500,0.5493,0.5500,0.0013
224.160,0.5500,0.5493,0.5500,0.0013
224.192,0.5500,0.5493,0.5500,0.0013
224.224,0.5500,0.5493,0.5500,0.0013
224.256,0.5500,0.5493,0.5500,0.0013
224.288,0.5500,0.5493,0.5500,0.0013
224.320,0.5500,0.5493,0.5500,0.0013
224.352,0.5500,0.5493,0.5500,0.0013
224.384,0.5500,0.5493,0.5500,0.0013
224.416,0.5500,0.5493,0.5500,0.0013
224.448,0.5500,0.5493,0.5500,0.0013
224.480,0.5500,0.5493,0.5500,0.0013
224.512,0.5500,0.5492,0.5500,0.0013
224.544,0.5500,0.5492,0.5500,0.0013
224.576,0.5500,0.5492,0.5500,0.0013
224.608,0.5500,0.5492,0.5500,0.0013
224.640,0.5500,0.5492,0.5500,0.0013
224.672,0.5500,0.5492,0.5500,0.0013
224.704,0.5500,0.5492,0.5500,0.0013
224.736,0.5500,0.5492,0.5500,0.0013
224.768,0.5500,0.5492,0.5500,0.0014
224.800,0.5500,0.5492,0.5500,0.0013
224.832,0.5500,0.5492,0.5500,0.0014
224.864,0.5500,0.5492,0.5500,0.0014
224.896,0.5500,0.5492,0.5500,0.0014
224.928,0.5500,0.5492,0.5500,0.0014
224.960,0.5500,0.5492,0.5500,0.0014
224.992,0.5500,0.5492,0.5500,0.0014
225.024,0.5500,0.5492,0.5500,0.0014
225.056,0.5500,0.5492,0.5500,0.0014
225.088,0.5500,0.5492,0.5500,0.0014
225.120,0.5500,0.5492,0.5500,0.0014
225.152,0.5500,0.5492,0.5500,0.0014
225.184,0.5500,0.5492,0.5500,0.0014
225.216,0.5500,0.5492,0.5500,0.0014
225.248,0.5500,0.5492,0.5500,0.0014
225.280,0.5500,0.5492,0.5500,0.0014
225.312,0.5500,0.5492,0.5500,0.0014
225.344,0.5500,0.5492,0.5500,0.0014
225.376,0.5500,0.5492,0.5500,0.0014
225.408,0.5500,0.5492,0.5500,0.0014
225.440,0.5500,0.5492,0.5500,0.0014
225.472,0.5500,0.5492,0.5500,0.0014
225.504,0.5500,0.5492,0.5500,0.0014
225.536,0.5500,0.5492,0.5500,0.0014
225.568,0.5500,0.5492,0.5500,0.0014
225.600,0.5500,0.5492,0.5500,0.0013
225.632,0.5500,0.5492,0.5500,0.0013
225.664,0.5500,0.5491,0.5500,0.0013
225.696,0.5500,0.5491,0.5500,0.0013
225.728,0.5500,0.5491,0.5500,0.0013
225.760,0.5500,0.5491,0.5500,0.0013
225.792,0.5500,0.5491,0.5500,0.0013
225.824,0.5500,0.5491,0.5500,0.0013
225.856,0.5500,0.5491,0.5500,0.0013
225.888,0.5500,0.5491,0.5500,0.0013
225.920,0.5500,0.5491,0.5500,0.0013
225.952,0.5500,0.5491,0.5500,0.0013
225.984,0.5500,0.5491,0.5500,0.0013
226.016,0.5500,0.5491,0.5500,0.0013
226.048,0.5500,0.5491,0.5500,0.0013
226.080,0.5500,0.5491,0.5500,0.0013
226.112,0.5500,0.5491,0.5500,0.0013
226.144,0.5500,0.5491,0.5500,0.0013
226.176,0.5500,0.5491,0.5500,0.0013
226.208,0.5500,0.5491,0.5500,0.0013
226.240,0.5500,0.5491,0.5500,0.0013
226.272,0.5500,0.5491,0.5500,0.0013
226.304,0.5500,0.5491,0.5500,0.0013
226.336,0.5500,0.5491,0.5500,0.0013
226.368,0.5500,0.5491,0.5500,0.0013
226.400,0.5500,0.5491,0.5500,0.0013
226.432,0.5500,0.5491,0.5500,0.0013
226.464,0.5500,0.5491,0.5500,0.0013
226.496,0.5500,0.5491,0.5500,0.0013
226.528,0.5500,0.5491,0.5500,0.0013
226.560,0.5500,0.5491,0.5500,0.0013
226.592,0.5500,0.5491,0.5500,0.0013
226.624,0.5500,0.5491,0.5500,0.0013
226.656,0.5500,0.5491,0.5500,0.0012
226.688,0.5500,0.5491,0.5500,0.0012
226.720,0.5500,0.5491,0.5500,0.0012
226.752,0.5500,0.5491,0.5500,0.0012
226.784,0.5500,0.5491,0.5500,0.0012
226.816,0.5500,0.5491,0.5500,0.0012
226.848,0.5500,0.5491,0.5500,0.0012
226.880,0.5500,0.5491,0.5500,0.0012
226.912,0.5500,0.5491,0.5500,0.0012
226.944,0.5500,0.5491,0.5500,0.0012
226.976,0.5500,0.5492,0.5500,0.0012
227.008,0.5500,0.5492,0.5500,0.0012
227.040,0.5500,0.5492,0.5500,0.0012
227.072,0.5500,0.5492,0.5500,0.0012
227.104,0.5500,0.5492,0.5500,0.0012
227.136,0.5500,0.5492,0.5500,0.0012
227.168,0.5500,0.5492,0.5500,0.0012
227.200,0.5500,0.5492,0.5500,0.0012
227.232,0.5500,0.5492,0.5500,0.0011
227.264,0.5500,0.5492,0.5500,0.0011
227.296,0.5500,0.5492,0.5500,0.0011
227.328,0.5500,0.5492,0.5500,0.0011
227.360,0.5500,0.5492,0.5500,0.0011
227.392,0.5500,0.5492,0.5500,0.0011
227.424,0.5500,0.5492,0.5500,0.0011
227.456,0.5500,0.5492,0.5500,0.0011
227.488,0.5500,0.5492,0.5500,0.0011
227.520,0.5500,0.5492,0.5500,0.0011
227.552,0.5500,0.5492,0.5500,0.0011
227.584,0.5500,0.5492,0.5500,0.0011
227.616,0.5500,0.5492,0.5500,0.0011
227.648,0.5500,0.5492,0.5500,0.0011
227.680,0.5500,0.5492,0.5500,0.0011
227.712,0.5500,0.5492,0.5500,0.0010
227.744,0.5500,0.5492,0.5500,0.0010
227.776,0.5500,0.5492,0.5500,0.0010
227.808,0.5500,0.5492,0.5500,0.0010
227.840,0.5500,0.5492,0.5500,0.0010
227.872,0.5500,0.5492,0.5500,0.0010
227.904,0.5500,0.5492,0.5500,0.0010
227.936,0.5500,0.5492,0.5500,0.0010
227.968,0.5500,0.5492,0.5500,0.0010
228.000,0.5500,0.5492,0.5500,0.0010
228.032,0.5500,0.5492,0.5500,0.0010
228.064,0.5500,0.5492,0.5500,0.0010
228.096,0.5500,0.5492,0.5500,0.0010
228.128,0.5500,0.5492,0.5500,0.0009
228.160,0.5500,0.5492,0.5500,0.0009
228.192,0.5500,0.5493,0.5500,0.0009
228.224,0.5500,0.5493,0.5500,0.0009
228.256,0.5500,0.5493,0.5500,0.0009
228.288,0.5500,0.5493,0.5500,0.0009
228.320,0.5500,0.5493,0.5500,0.0009
228.352,0.5500,0.5493,0.5500,0.0009
228.384,0.5500,0.5493,0.5500,0.0009
228.416,0.5500,0.5493,0.5500,0.0009
228.448,0.5500,0.5493,0.5500,0.0009
228.480,0.5500,0.5493,0.5500,0.0008
228.512,0.5500,0.5493,0.5500,0.0008
228.544,0.5500,0.5493,0.5500,0.0008
228.576,0.5500,0.5493,0.5500,0.0008
228.608,0.5500,0.5493,0.5500,0.0008
228.640,0.5500,0.5493,0.5500,0.0008
228.672,0.5500,0.5493,0.5500,0.0008
228.704,0.5500,0.5493,0.5500,0.0008
228.736,0.5500,0.5493,0.5500,0.0008
228.768,0.5500,0.5493,0.5500,0.0008
228.800,0.5500,0.5493,0.5500,0.0008
228.832,0.5500,0.5493,0.5500,0.0008
228.864,0.5500,0.5493,0.5500,0.0007
228.896,0.5500,0.5493,0.5500,0.0007
228.928,0.5500,0.5493,0.5500,0.0007
228.960,0.5500,0.5494,0.5500,0.0007
228.992,0.5500,0.5494,0.5500,0.0007
229.024,0.5500,0.5494,0.5500,0.0007
229.056,0.5500,0.5494,0.5500,0.0007
229.088,0.5500,0.5494,0.5500,0.0007
229.120,0.5500,0.5494,0.5500,0.0007
229.152,0.5500,0.5494,0.5500,0.0007
229.184,0.5500,0.5494,0.5500,0.0006
229.216,0.5500,0.5494,0.5500,0.0006
229.248,0.5500,0.5494,0.5500,0.0006
229.280,0.5500,0.5494,0.5500,0.0006
229.312,0.5500,0.5494,0.5500,0.0006
229.344,0.5500,0.5494,0.5500,0.0006
229.376,0.5500,0.5494,0.5500,0.0006
229.408,0.5500,0.5494,0.5500,0.0006
229.440,0.5500,0.5494,0.5500,0.0006
229.472,0.5500,0.5494,0.5500,0.0006
229.504,0.5500,0.5494,0.5500,0.0005
229.536,0.5500,0.5494,0.5500,0.0005
229.568,0.5500,0.5495,0.5500,0.0005
229.600,0.5500,0.5495,0.5500,0.0005
229.632,0.5500,0.5495,0.5500,0.0005
229.664,0.5500,0.5495,0.5500,0.0005
229.696,0.5500,0.5495,0.5500,0.0005
229.728,0.5500,0.5495,0.5500,0.0005
229.760,0.5500,0.5495,0.5500,0.0005
229.792,0.5500,0.5495,0.5500,0.0004
229.824,0.5500,0.5495,0.5500,0.0004
229.856,0.5500,0.5495,0.5500,0.0004
229.888,0.5500,0.5495,0.5500,0.0004
229.920,0.5500,0.5495,0.5500,0.0004
229.952,0.5500,0.5495,0.5500,0.0004
229.984,0.5500,0.5495,0.5500,0.0004
230.016,0.5500,0.5495,0.5500,0.0004
230.048,0.5500,0.5495,0.5500,0.0004
230.080,0.5500,0.5495,0.5500,0.0003
230.112,0.5500,0.5496,0.5500,0.0003
230.144,0.5500,0.5496,0.5500,0.0003
230.176,0.5500,0.5496,0.5500,0.0003
230.208,0.5500,0.5496,0.5500,0.0003
230.240,0.5500,0.5496,0.5500,0.0003
230.272,0.5500,0.5496,0.5500,0.0003
230.304,0.5500,0.5496,0.5500,0.0003
230.336,0.5500,0.5496,0.5500,0.0003
230.368,0.5500,0.5496,0.5500,0.0002
230.400,0.5500,0.5496,0.5500,0.0002
230.432,0.5500,0.5496,0.5500,0.0002
230.464,0.5500,0.5496,0.5500,0.0002
230.496,0.5500,0.5496,0.5500,0.0002
230.528,0.5500,0.5496,0.5500,0.0002
230.560,0.5500,0.5496,0.5500,0.0002
230.592,0.5500,0.5497,0.5500,0.0002
230.624,0.5500,0.5497,0.5500,0.0002
230.656,0.5500,0.5497,0.5500,0.0001
230.688,0.5500,0.5497,0.5500,0.0001
230.720,0.5500,0.5497,0.5500,0.0001
230.752,0.5500,0.5497,0.5500,0.0001
230.784,0.5500,0.5497,0.5500,0.0001
230.816,0.5500,0.5497,0.5500,0.0001
230.848,0.5500,0.5497,0.5500,0.0001
230.880,0.5500,0.5497,0.5500,0.0001
230.912,0.5500,0.5497,0.5500,0.0001
230.944,0.5500,0.5497,0.5500,0.0000
230.976,0.5500,0.5497,0.5500,0.0000
231.008,0.5500,0.5497,0.5500,0.0000
231.040,0.5500,0.5497,0.5500,0.0000
231.072,0.5500,0.5498,0.5500,-0.0000
231.104,0.5500,0.5498,0.5500,-0.0000
231.136,0.5500,0.5498,0.5500,-0.0000
231.168,0.5500,0.5498,0.5500,-0.0000
231.200,0.5500,0.5498,0.5500,-0.0000
231.232,0.5500,0.5498,0.5500,-0.0001
231.264,0.5500,0.5498,0.5500,-0.0001
231.296,0.5500,0.5498,0.5500,-0.0001
231.328,0.5500,0.5498,0.5500,-0.0001
231.360,0.5500,0.5498,0.5500,-0.0001
231.392,0.5500,0.5498,0.5500,-0.0001
231.424,0.5500,0.5498,0.5500,-0.0001
231.456,0.5500,0.5498,0.5500,-0.0001
231.488,0.5500,0.5498,0.5500,-0.0001
231.520,0.5500,0.5499,0.5500,-0.0002
231.552,0.5500,0.5499,0.5500,-0.0002
231.584,0.5500,0.5499,0.5500,-0.0002
231.616,0.5500,0.5499,0.5500,-0.0002
231.648,0.5500,0.5499,0.5500,-0.0002
231.680,0.5500,0.5499,0.5500,-0.0002
231.712,0.5500,0.5499,0.5500,-0.0002
231.744,0.5500,0.5499,0.5500,-0.0002
231.776,0.5500,0.5499,0.5500,-0.0002
231.808,0.5500,0.5499,0.5500,-0.0002
231.840,0.5500,0.5499,0.5500,-0.0003
231.872,0.5500,0.5499,0.5500,-0.0003
231.904,0.5500,0.5499,0.5500,-0.0003
231.936,0.5500,0.5499,0.5500,-0.0003
231.968,0.5500,0.5500,0.5500,-0.0003
232.000,0.5500,0.5500,0.5500,-0.0003
232.032,0.5500,0.5500,0.5500,-0.0003
232.064,0.5500,0.5500,0.5500,-0.0003
232.096,0.5500,0.5500,0.5500,-0.0003
232.128,0.5500,0.5500,0.5500,-0.0003
232.160,0.5500,0.5500,0.5500,-0.0004
232.192,0.5500,0.5500,0.5500,-0.0004
232.224,0.5500,0.5500,0.5500,-0.0004
232.256,0.5500,0.5500,0.5500,-0.0004
232.288,0.5500,0.5500,0.5500,-0.0004
232.320,0.5500,0.5500,0.5500,-0.0004
232.352,0.5500,0.5500,0.5500,-0.0004
232.384,0.5500,0.5500,0.5500,-0.0004
232.416,0.5500,0.5501,0.5500,-0.0004
232.448,0.5500,0.5501,0.5500,-0.0004
232.480,0.5500,0.5501,0.5500,-0.0005
232.512,0.5500,0.5501,0.5500,-0.0005
232.544,0.5500,0.5501,0.5500,-0.0005
232.576,0.5500,0.5501,0.5500,-0.0005
232.608,0.5500,0.5501,0.5500,-0.0005
232.640,0.5500,0.5501,0.5500,-0.0005
232.672,0.5500,0.5501,0.5500,-0.0005
232.704,0.5500,0.5501,0.5500,-0.0005
232.736,0.5500,0.5501,0.5500,-0.0005
232.768,0.5500,0.5501,0.5500,-0.0005
232.800,0.5500,0.5501,0.5500,-0.0005
232.832,0.5500,0.5501,0.5500,-0.0006
232.864,0.5500,0.5501,0.5500,-0.0006
232.896,0.5500,0.5502,0.5500,-0.0006
232.928,0.5500,0.5502,0.5500,-0.0006
232.960,0.5500,0.5502,0.5500,-0.0006
232.992,0.5500,0.5502,0.5500,-0.0006
233.024,0.5500,0.5502,0.5500,-0.0006
233.056,0.5500,0.5502,0.5500,-0.0006
233.088,0.5500,0.5502,0.5500,-0.0006
233.120,0.5500,0.5502,0.5500,-0.0006
233.152,0.5500,0.5502,0.5500,-0.0006
233.184,0.5500,0.5502,0.5500,-0.0006
233.216,0.5500,0.5502,0.5500,-0.0007
233.248,0.5500,0.5502,0.5500,-0.0007
233.280,0.5500,0.5502,0.5500,-0.0007
233.312,0.5500,0.5502,0.5500,-0.0007
233.344,0.5500,0.5502,0.5500,-0.0007
233.376,0.5500,0.5502,0.5500,-0.0007
233.408,0.5500,0.5503,0.5500,-0.0007
233.440,0.5500,0.5503,0.5500,-0.0007
233.472,0.5500,0.5503,0.5500,-0.0007
233.504,0.5500,0.5503,0.5500,-0.0007
233.536,0.5500,0.5503,0.5500,-0.0007
233.568,0.5500,0.5503,0.5500,-0.0007
233.600,0.5500,0.5503,0.5500,-0.0007
233.632,0.5500,0.5503,0.5500,-0.0007
233.664,0.5500,0.5503,0.5500,-0.0008
233.696,0.5500,0.5503,0.5500,-0.0008
233.728,0.5500,0.5503,0.5500,-0.0008
233.760,0.5500,0.5503,0.5500,-0.0008
233.792,0.5500,0.5503,0.5500,-0.0008
233.824,0.5500,0.5503,0.5500,-0.0008
233.856,0.5500,0.5503,0.5500,-0.0008
233.888,0.5500,0.5503,0.5500,-0.0008
233.920,0.5500,0.5503,0.5500,-0.0008
233.952,0.5500,0.5503,0.5500,-0.0008
233.984,0.5500,0.5504,0.5500,-0.0008
234.016,0.5500,0.5504,0.5500,-0.0008
234.048,0.5500,0.5504,0.5500,-0.0008
234.080,0.5500,0.5504,0.5500,-0.0008
234.112,0.5500,0.5504,0.5500,-0.0008
234.144,0.5500,0.5504,0.5500,-0.0008
234.176,0.5500,0.5504,0.5500,-0.0008
234.208,0.5500,0.5504,0.5500,-0.0009
234.240,0.5500,0.5504,0.5500,-0.0009
234.272,0.5500,0.5504,0.5500,-0.0009
234.304,0.5500,0.5504,0.5500,-0.0009
234.336,0.5500,0.5504,0.5500,-0.0009
234.368,0.5500,0.5504,0.5500,-0.0009
234.400,0.5500,0.5504,0.5500,-0.0009
234.432,0.5500,0.5504,0.5500,-0.0009
234.464,0.5500,0.5504,0.5500,-0.0009
234.496,0.5500,0.5504,0.5500,-0.0009
234.528,0.5500,0.5504,0.5500,-0.0009
234.560,0.5500,0.5504,0.5500,-0.0009
234.592,0.5500,0.5504,0.5500,-0.0009
234.624,0.5500,0.5505,0.5500,-0.0009
234.656,0.5500,0.5505,0.5500,-0.0009
234.688,0.5500,0.5505,0.5500,-0.0009
234.720,0.5500,0.5505,0.5500,-0.0009
234.752,0.5500,0.5505,0.5500,-0.0009
234.784,0.5500,0.5505,0.5500,-0.0009
234.816,0.5500,0.5505,0.5500,-0.0009
234.848,0.5500,0.5505,0.5500,-0.0009
234.880,0.5500,0.5505,0.5500,-0.0009
234.912,0.5500,0.5505,0.5500,-0.0010
234.944,0.5500,0.5505,0.5500,-0.0010
234.976,0.5500,0.5505,0.5500,-0.0010
235.008,0.5500,0.5505,0.5500,-0.0010
235.040,0.5500,0.5505,0.5500,-0.0010
235.072,0.5500,0.5505,0.5500,-0.0010
235.104,0.5500,0.5505,0.5500,-0.0010
235.136,0.5500,0.5505,0.5500,-0.0010
235.168,0.5500,0.5505,0.5500,-0.0010
235.200,0.5500,0.5505,0.5500,-0.0010
235.232,0.5500,0.5505,0.5500,-0.0010
235.264,0.5500,0.5505,0.5500,-0.0010
235.296,0.5500,0.5505,0.5500,-0.0010
235.328,0.5500,0.5505,0.5500,-0.0010
235.360,0.5500,0.5505,0.5500,-0.0010
235.392,0.5500,0.5505,0.5500,-0.0010
235.424,0.5500,0.5505,0.5500,-0.0010
235.456,0.5500,0.5506,0.5500,-0.0010
235.488,0.5500,0.5506,0.5500,-0.0010
235.520,0.5500,0.5506,0.5500,-0.0010
235.552,0.5500,0.5506,0.5500,-0.0010
235.584,0.5500,0.5506,0.5500,-0.0010
235.616,0.5500,0.5506,0.5500,-0.0010
235.648,0.5500,0.5506,0.5500,-0.0010
235.680,0.5500,0.5506,0.5500,-0.0010
235.712,0.5500,0.5506,0.5500,-0.0010
235.744,0.5500,0.5506,0.5500,-0.0010
235.776,0.5500,0.5506,0.5500,-0.0010
235.808,0.5500,0.5506,0.5500,-0.0010
235.840,0.5500,0.5506,0.5500,-0.0010
235.872,0.5500,0.5506,0.5500,-0.0010
235.904,0.5500,0.5506,0.5500,-0.0010
235.936,0.5500,0.5506,0.5500,-0.0010
235.968,0.5500,0.5506,0.5500,-0.0010
236.000,0.5500,0.5506,0.5500,-0.0010
236.032,0.5500,0.5506,0.5500,-0.0010
236.064,0.5500,0.5506,0.5500,-0.0010
236.096,0.5500,0.5506,0.5500,-0.0010
236.128,0.5500,0.5506,0.5500,-0.0010
236.160,0.5500,0.5506,0.5500,-0.0010
236.192,0.5500,0.5506,0.5500,-0.0010
236.224,0.5500,0.5506,0.5500,-0.0010
236.256,0.5500,0.5506,0.5500,-0.0010
236.288,0.5500,0.5506,0.5500,-0.0010
236.320,0.5500,0.5506,0.5500,-0.0010
236.352,0.5500,0.5506,0.5500,-0.0010
236.384,0.5500,0.5506,0.5500,-0.0010
236.416,0.5500,0.5506,0.5500,-0.0010
236.448,0.5500,0.5506,0.5500,-0.0010
236.480,0.5500,0.5506,0.5500,-0.0010
236.512,0.5500,0.5506,0.5500,-0.0010
236.544,0.5500,0.5506,0.5500,-0.0010
236.576,0.5500,0.5506,0.5500,-0.0010
236.608,0.5500,0.5506,0.5500,-0.0010
236.640,0.5500,0.5506,0.5500,-0.0010
236.672,0.5500,0.5506,0.5500,-0.0010
236.704,0.5500,0.5506,0.5500,-0.0010
236.736,0.5500,0.5506,0.5500,-0.0010
236.768,0.5500,0.5506,0.5500,-0.0010
236.800,0.5500,0.5506,0.5500,-0.0010
236.832,0.5500,0.5506,0.5500,-0.0010
236.864,0.5500,0.5506,0.5500,-0.0010
236.896,0.5500,0.5506,0.5500,-0.0010
236.928,0.5500,0.5506,0.5500,-0.0010
236.960,0.5500,0.5506,0.5500,-0.0010
236.992,0.5500,0.5506,0.5500,-0.0010
237.024,0.5500,0.5506,0.5500,-0.0010
237.056,0.5500,0.5506,0.5500,-0.0010
237.088,0.5500,0.5506,0.5500,-0.0010
237.120,0.5500,0.5506,0.5500,-0.0010
237.152,0.5500,0.5506,0.5500,-0.0010
237.184,0.5500,0.5506,0.5500,-0.0010
237.216,0.5500,0.5506,0.5500,-0.0010
237.248,0.5500,0.5506,0.5500,-0.0010
237.280,0.5500,0.5506,0.5500,-0.0010
237.312,0.5500,0.5506,0.5500,-0.0010
237.344,0.5500,0.5506,0.5500,-0.0010
237.376,0.5500,0.5506,0.5500,-0.0010
237.408,0.5500,0.5506,0.5500,-0.0010
237.440,0.5500,0.5506,0.5500,-0.0010
237.472,0.5500,0.5506,0.5500,-0.0010
237.504,0.5500,0.5506,0.5500,-0.0010
237.536,0.5500,0.5506,0.5500,-0.0010
237.568,0.5500,0.5506,0.5500,-0.0010
237.600,0.5500,0.5506,0.5500,-0.0009
237.632,0.5500,0.5506,0.5500,-0.0009
237.664,0.5500,0.5506,0.5500,-0.0009
237.696,0.5500,0.5506,0.5500,-0.0009
237.728,0.5500,0.5506,0.5500,-0.0009
237.760,0.5500,0.5506,0.5500,-0.0009
237.792,0.5500,0.5506,0.5500,-0.0009
237.824,0.5500,0.5506,0.5500,-0.0009
237.856,0.5500,0.5506,0.5500,-0.0009
237.888,0.5500,0.5506,0.5500,-0.0009
237.920,0.5500,0.5506,0.5500,-0.0009
237.952,0.5500,0.5506,0.5500,-0.0009
237.984,0.5500,0.5506,0.5500,-0.0009
238.016,0.5500,0.5506,0.5500,-0.0009
238.048,0.5500,0.5506,0.5500,-0.0009
238.080,0.5500,0.5506,0.5500,-0.0009
238.112,0.5500,0.5506,0.5500,-0.0009
238.144,0.5500,0.5506,0.5500,-0.0009
238.176,0.5500,0.5506,0.5500,-0.0009
238.208,0.5500,0.5506,0.5500,-0.0009
238.240,0.5500,0.5506,0.5500,-0.0009
238.272,0.5500,0.5506,0.5500,-0.0009
238.304,0.5500,0.5506,0.5500,-0.0009
238.336,0.5500,0.5506,0.5500,-0.0009
238.368,0.5500,0.5506,0.5500,-0.0009
238.400,0.5500,0.5506,0.5500,-0.0008
238.432,0.5500,0.5506,0.5500,-0.0008
238.464,0.5500,0.5506,0.5500,-0.0008
238.496,0.5500,0.5506,0.5500,-0.0008
238.528,0.5500,0.5506,0.5500,-0.0008
238.560,0.5500,0.5506,0.5500,-0.0008
238.592,0.5500,0.5506,0.5500,-0.0008
238.624,0.5500,0.5506,0.5500,-0.0008
238.656,0.5500,0.5506,0.5500,-0.0008
238.688,0.5500,0.5506,0.5500,-0.0008
238.720,0.5500,0.5506,0.5500,-0.0008
238.752,0.5500,0.5506,0.5500,-0.0008
238.784,0.5500,0.5506,0.5500,-0.0008
238.816,0.5500,0.5506,0.5500,-0.0008
238.848,0.5500,0.5506,0.5500,-0.0008
238.880,0.5500,0.5506,0.5500,-0.0008
238.912,0.5500,0.5506,0.5500,-0.0008
238.944,0.5500,0.5506,0.5500,-0.0008
238.976,0.5500,0.5506,0.5500,-0.0008
239.008,0.5500,0.5506,0.5500,-0.0007
239.040,0.5500,0.5506,0.5500,-0.0007
239.072,0.5500,0.5506,0.5500,-0.0007
239.104,0.5500,0.5506,0.5500,-0.0007
239.136,0.5500,0.5506,0.5500,-0.0007
239.168,0.5500,0.5506,0.5500,-0.0007
239.200,0.5500,0.5506,0.5500,-0.0007
239.232,0.5500,0.5506,0.5500,-0.0007
239.264,0.5500,0.5506,0.5500,-0.0007
239.296,0.5500,0.5506,0.5500,-0.0007
239.328,0.5500,0.5506,0.5500,-0.0007
239.360,0.5500,0.5505,0.5500,-0.0007
239.392,0.5500,0.5505,0.5500,-0.0007
239.424,0.5500,0.5505,0.5500,-0.0007
239.456,0.5500,0.5505,0.5500,-0.0007
239.488,0.5500,0.5505,0.5500,-0.0007
239.520,0.5500,0.5505,0.5500,-0.0007
239.552,0.5500,0.5505,0.5500,-0.0006
239.584,0.5500,0.5505,0.5500,-0.0006
239.616,0.5500,0.5505,0.5500,-0.0006
239.648,0.5500,0.5505,0.5500,-0.0006
239.680,0.5500,0.5505,0.5500,-0.0006
239.712,0.5500,0.5505,0.5500,-0.0006
239.744,0.5500,0.5505,0.5500,-0.0006
239.776,0.5500,0.5505,0.5500,-0.0006
239.808,0.5500,0.5505,0.5500,-0.0006
239.840,0.5500,0.5505,0.5500,-0.0006
239.872,0.5500,0.5505,0.5500,-0.0006
239.904,0.5500,0.5505,0.5500,-0.0006
239.936,0.5500,0.5505,0.5500,-0.0006
239.968,0.5500,0.5505,0.5500,-0.0006
240.000,0.5500,0.5505,0.5500,-0.0005
240.032,0.5500,0.5505,0.5500,-0.0005
